"gene_id","symbol","type","chr","baseMean","log2FC","lfcSE","log2FC_mle","stat","pvalue","padj","tpm_AAVS1","tpm_KO","norm_KO-1","norm_KO-2","norm_KO-3","norm_AAVS1-1","norm_AAVS1-2","norm_AAVS1-3","tpm_KO-1","tpm_KO-2","tpm_KO-3","tpm_AAVS1-1","tpm_AAVS1-2","tpm_AAVS1-3","direction"
"ENSG00000133048.15","CHI3L1","protein_coding","chr1",2937.08481022864,-1.91063635237039,0.0616554056728164,-1.91485763261669,-31.0938275146821,2.91874178304236e-212,4.93559235512464e-208,297.435661333333,79.1555386666667,1254.3,1280.3,1162.2,4843.1,4654.9,4427.7,79.85,81.85,75.77,312.4,298.6,281.31,"down"
"ENSG00000115461.7","IGFBP5","protein_coding","chr2",2407.34821299599,-1.1807670820551,0.0636859130065685,-1.18766528470464,-18.7040368411011,4.58950030803562e-78,3.88042251044411e-74,49.5712623333333,21.853048,1380.2,1561.3,1468.5,3427.9,3392.7,3213.4,20.33,23.09,22.14,51.15,50.34,47.23,"down"
"ENSG00000135919.16","SERPINE2","protein_coding","chr2",772.496343168369,-1.59453701983742,0.0906295809912107,-1.60478991906453,-17.7609206186889,1.41888115221312e-70,7.99776009464127e-67,48.3362466666667,15.929172,390.9,380.3,375.5,1208.4,1162.9,1116.9,16.15,15.78,15.86,50.56,48.39,46.05,"down"
"ENSG00000130303.16","BST2","protein_coding","chr19",199.461012975034,-4.81864077159175,0.28153769672865,-4.85162756603889,-17.1792948836133,3.79495836070955e-66,1.60431864698996e-62,44.713452,1.53369066666667,11.3,11.4,16.8,364,388.5,404.8,1.3,1.32,1.98,42.5,45.1,46.54,"down"
"ENSG00000277586.6","NEFL","protein_coding","chr8",855.030825169278,-1.5211615291709,0.0987081143725329,-1.53388350839901,-15.6042439978064,6.81117669667882e-55,2.30353995881678e-51,46.8988366666667,16.242061,481.1,428.8,407.6,1333.9,1299.1,1179.7,17.64,15.78,15.3,49.55,47.99,43.16,"down"
"ENSG00000165194.17","PCDH19","protein_coding","chrX",130.621036588551,-3.95350841167559,0.2855633427076,-3.99473954716769,-14.0059757870181,1.4329789889652e-44,4.03861245056691e-41,2.316909,0.1465,18.1,14.2,14.2,258.2,247.2,231.8,0.17,0.13,0.14,2.45,2.33,2.17,"down"
"ENSG00000169855.22","ROBO1","protein_coding","chr3",493.455175545542,-2.48573721627941,0.196277901414916,-2.51664766964805,-12.9468603110299,2.44761368829786e-38,5.91273535273099e-35,15.8105506666667,2.816945,125.9,207.7,113.1,751.6,977.6,784.9,2.36,3.92,2.17,14.28,18.46,14.69,"down"
"ENSG00000128591.19","FLNC","protein_coding","chr7",1764.37637454793,0.851082008209929,0.0683422637009671,0.86165674375124,12.6825942748324,7.38465753853675e-37,1.5609319872082e-33,12.908198,23.5238713333333,2249.3,2228.4,2350.5,1330.1,1251.7,1176.4,23.03,22.91,24.63,13.8,12.91,12.02,"ns"
"ENSG00000165949.15","IFI27","protein_coding","chr14",1953.5843445211,-0.757153165058545,0.0610293246740567,-0.766710461557775,-12.638486238079,1.2952357860688e-36,2.43360412693594e-33,669.596860666667,394.942664666667,1463.2,1485.7,1391.4,2379.2,2504.4,2497.6,395.94,403.59,385.3,652.16,682.47,674.16,"ns"
"ENSG00000106366.11","SERPINE1","protein_coding","chr7",8188.73920790832,0.494877413047563,0.0399653344655547,0.500607201741114,12.5942932523008,2.26983881252779e-36,3.83829743198449e-33,197.790389333333,280.657711333333,9839.2,9455.1,9492,6929.9,6832.9,6583.4,285.24,275.15,281.58,203.48,199.5,190.38,"ns"
"ENSG00000171951.6","SCG2","protein_coding","chr2",10103.5626080699,-0.421244244586821,0.034211274451196,-0.426379260598488,-12.5259729429051,5.38271879836355e-36,8.27470680730251e-33,425.769874333333,317.777162333333,8692.7,8507,8662.9,11752.3,11549.1,11457.4,317.54,311.95,323.84,434.83,424.94,417.55,"ns"
"ENSG00000154096.16","THY1","protein_coding","chr11",660.960988866964,-1.38536869226097,0.114970922660457,-1.40417796530575,-12.3062920985778,8.37847698462486e-35,1.18066704841672e-31,76.266777,29.0474073333333,396.1,386.9,308.6,993.1,958,923.1,31.38,30.78,24.97,79.59,76.35,72.86,"down"
"ENSG00000120899.20","PTK2B","protein_coding","chr8",3146.60475040439,-0.64383783010214,0.056071202147363,-0.653210061229129,-11.7293219635862,9.01781282447238e-32,1.17300934509098e-28,97.4681616666667,62.1943563333333,2364.9,2549.7,2426.6,3859.5,3997.4,3681.6,59.57,64.47,62.55,98.47,101.41,92.52,"ns"
"ENSG00000041982.19","TNC","protein_coding","chr9",21327.2756571091,-0.327237753582132,0.0309128145644382,-0.332396138709287,-10.8155553153807,2.90527791369104e-27,3.50916068003682e-24,423.443058,337.335657333333,19120.9,18760.9,18761.6,24125.9,23371.4,23822.8,338.57,333.48,339.96,432.68,416.82,420.83,"ns"
"ENSG00000155629.17","PIK3AP1","protein_coding","chr10",3625.81583458165,0.552682134190047,0.0529609372453475,0.562120870496183,10.6980238969862,1.03971836399952e-26,1.17210916901546e-23,55.8658673333333,82.7664806666667,4139.2,4503.4,4329.2,2945.3,3005.6,2832.2,78.5,85.76,84.04,56.58,57.42,53.6,"ns"
"ENSG00000126709.17","IFI6","protein_coding","chr1",761.77680741852,-0.92788184098146,0.0898429742569819,-0.944760131581953,-10.6068311550537,2.76984151909934e-26,2.92737625549811e-23,148.713239666667,77.476887,531,506.6,524.6,1028.4,950.5,1029.6,78.29,74.98,79.16,153.58,141.14,151.43,"ns"
"ENSG00000115414.23","FN1","protein_coding","chr2",2536.18855342682,-0.758904771073445,0.0776159710101337,-0.774167299031349,-10.0703096324381,7.4742408789397e-24,7.43467136840413e-21,61.136851,35.871559,1788.1,1759.2,2066,3354.6,2960.8,3288.5,33.95,33.53,40.13,64.51,56.61,62.29,"ns"
"ENSG00000138829.16","FBN2","protein_coding","chr5",3855.67242211496,0.573537495544892,0.0605349017575455,0.585465601419633,9.76512395571199,1.5891755328803e-22,1.49294212561144e-19,38.7703776666667,58.336382,4660.9,4539.8,4680.2,3343.6,2882.5,3027.1,58.23,56.94,59.84,42.31,36.27,37.73,"ns"
"ENSG00000118503.20","TNFAIP3","protein_coding","chr6",3989.81486098852,0.443686965935806,0.0469247120686125,0.452699029649172,9.73239791911433,2.19359864333974e-22,1.95230279257237e-19,64.3475093333333,88.330729,4599.8,4548.3,4682.8,3474.4,3264.3,3369.3,87.33,86.68,90.98,66.81,62.42,63.81,"ns"
"ENSG00000105825.16","TFPI2","protein_coding","chr7",1386.50418213985,0.657191210360327,0.0708222226821037,0.671576725054992,9.58104621246241,9.60668139996268e-22,8.12244912366844e-19,86.5894136666667,138.36147,1672.8,1700.6,1736.3,1007.1,1091.7,1110.4,134.66,137.41,143.01,82.12,88.5,89.14,"ns"
"ENSG00000175899.17","A2M","protein_coding","chr12",829.234375654947,-0.862578973752967,0.0941627314867604,-0.882389728904433,-9.47616617388813,2.637973990584e-21,2.1241971514655e-18,20.8552573333333,11.3556813333333,572.8,624.5,553.9,1137.8,1081.3,1005.2,11.05,12.09,10.93,22.22,21,19.34,"ns"
"ENSG00000185008.20","ROBO2","protein_coding","chr3",114.572716003389,-2.27002098383133,0.25135697536906,-2.32470241926562,-9.35119639490438,8.66618256046317e-21,6.66114304988328e-18,4.32739233333333,0.867796666666667,40.2,33.2,41.2,206.2,205.1,161.6,0.9,0.75,0.95,4.7,4.65,3.63,"down"
"ENSG00000109861.19","CTSC","protein_coding","chr11",5869.53593566153,-0.372464927288443,0.0415988861451092,-0.380723445568295,-9.23448960690494,2.59520305474479e-20,1.90803841981454e-17,445.335408666667,343.184738666667,5005.4,5217.8,5076.8,6490.1,6767,6660.1,333.79,349.32,346.45,438.36,454.56,443.08,"ns"
"ENSG00000166741.11","NNMT","protein_coding","chr11",153.160911678138,-1.74651914632124,0.199546847333092,-1.79107933767339,-9.0807578356446,1.07821473300674e-19,7.59692130630999e-17,22.7432823333333,6.598463,72.6,65.2,68.3,254.7,236,222.2,6.89,6.25,6.65,24.55,22.6,21.08,"down"
"ENSG00000204388.7","HSPA1B","protein_coding","chr6",8378.77830230624,0.315327197398306,0.0358443795177213,0.322260155921444,9.06420309621423,1.25518385180325e-19,8.49006357359717e-17,295.187462,370.255675,9232,9489.2,9212.6,7430,7512.3,7396.6,363.82,375.41,371.54,296.55,298.2,290.81,"ns"
"ENSG00000104327.9","CALB1","protein_coding","chr8",10188.1946535443,0.297299479748894,0.034510069387454,0.304639128904312,8.89986064413798,5.59168494559041e-19,3.63674586268976e-16,473.249352,586.28203,11404.7,11247.3,11128.3,9238.2,9131.9,8978.7,588.53,582.65,587.67,482.85,474.64,462.25,"ns"
"ENSG00000262655.6","SPON1","protein_coding","chr11",55.9276162781169,-4.8362240120315,0.572564441293063,-4.97140865070388,-8.73065887520875,2.53193262800405e-18,1.58574002739068e-15,2.28756166666667,0.0975713333333333,8.6,2.8,2.3,121.4,97.3,103.2,0.18,0.06,0.05,2.6,2.08,2.18,"down"
"ENSG00000134531.12","EMP1","protein_coding","chr12",7586.25913530099,0.351231979251548,0.0417304479541463,0.359613121410125,8.70162658918851,3.27160566674498e-18,1.97581613659492e-15,213.901942333333,275.260815,8694.4,8586.2,8301.5,6868.6,6561.6,6505.2,278.19,275.78,271.81,222.59,211.47,207.65,"ns"
"ENSG00000089169.17","RPH3A","protein_coding","chr12",1113.09526923231,-0.680112600640462,0.0818716417641996,-0.698774934339081,-8.6475894978588,5.25986474012035e-18,3.0670452674288e-15,31.411565,19.428993,798.6,917.6,831.8,1423.9,1367,1339.7,18.11,20.89,19.29,32.69,31.23,30.31,"ns"
"ENSG00000186001.16","LRCH3","protein_coding","chr3",1006.92665478516,0.741847995808679,0.0897372445562378,0.762337168562889,8.61024902781224,7.29020351179614e-18,4.10924471281576e-15,22.1646223333333,37.74366,1153.7,1346.8,1300.2,710.1,746.3,784.5,34.06,39.91,39.26,21.22,22.18,23.1,"ns"
"ENSG00000079215.17","SLC1A3","protein_coding","chr5",825.94343048835,0.826037144985163,0.102503573475856,0.850117634694083,8.41467688915402,3.93979345567146e-17,2.14909378501305e-14,14.2659636666667,25.8143896666667,960.5,1124.4,1102.8,601.7,538.4,627.9,23.11,27.16,27.17,14.67,13.05,15.08,"ns"
"ENSG00000125285.6","SOX21","protein_coding","chr13",1214.44114171948,-0.566919570427638,0.0702849580425355,-0.583126092920977,-8.40566572648087,4.25441313267577e-17,2.24819143979835e-14,51.422752,34.4305763333333,992.1,958.1,966.6,1426.8,1489,1454,34.82,33.76,34.72,50.73,52.63,50.91,"ns"
"ENSG00000162512.18","SDC3","protein_coding","chr1",2047.16158675038,-0.44598234734888,0.0557470864675274,-0.458763929866668,-8.33065556589373,8.0395915010102e-17,4.11968158430553e-14,44.2140473333333,32.2694333333333,1712.4,1713.3,1746.8,2348.6,2355.2,2406.7,31.76,31.9,33.15,44.12,44,44.53,"ns"
"ENSG00000171617.18","ENC1","protein_coding","chr5",5066.46547105511,-0.336273352720876,0.0425082858581208,-0.345572612652938,-8.21612016023891,2.10192853229592e-16,1.04540033768012e-13,102.191834666667,80.666798,4504.6,4453,4430.6,5831.4,5613.5,5565.8,80.7,80.08,81.22,105.81,101.29,99.47,"ns"
"ENSG00000085117.15","CD82","protein_coding","chr11",944.551324539838,-0.774539764239181,0.0990815365297561,-0.798669990904612,-8.18425485332475,2.73993686127297e-16,1.32378092354645e-13,72.814409,42.0135806666667,775,639.9,655.2,1165.7,1149.8,1281.6,46.79,38.79,40.46,71.29,69.95,77.21,"ns"
"ENSG00000142089.19","IFITM3","protein_coding","chr11",2960.07396186124,-0.451717320425006,0.0576376127207742,-0.46509957238047,-8.17353305429381,2.99487260976592e-16,1.40675821753171e-13,756.258876,549.424960333333,2616.6,2390.3,2454,3418.7,3560.5,3320.3,573.06,525.42,549.8,758.24,785.29,725.24,"ns"
"ENSG00000234593.4","KAZN-AS1","lncRNA","chr1",241.433469947223,-1.21173315417948,0.156624117923738,-1.25078401677327,-8.10884981157154,5.11011618394255e-16,2.33546120730996e-13,25.303476,10.6601276666667,145.9,138.1,144.5,342.7,363.5,313.9,10.79,10.25,10.94,25.67,27.08,23.16,"down"
"ENSG00000249992.2","TMEM158","protein_coding","chr3",16250.2079659925,0.308934021389764,0.0401062315781155,0.317658902663664,8.00340241562389,1.21027600933122e-15,5.38572824152393e-13,1002.65859433333,1253.68113533333,18095.9,18142,17858.1,14178.7,14028.6,15198,1246.92,1254.89,1259.23,989.56,973.65,1044.77,"ns"
"ENSG00000170439.9","TMT1B","protein_coding","chr12",3265.91337598846,-0.37011400002996,0.0489041767703671,-0.381533601137879,-7.89910806453827,2.80906264035592e-15,1.21798074995945e-12,280.355960666667,215.896719666667,2775.5,2907.6,2827.6,3774,3669.7,3641.1,209.32,220.17,218.21,288.31,278.82,273.94,"ns"
"ENSG00000140937.16","CDH11","protein_coding","chr16",37.8703808187921,-5.36838117538719,0.71815622173555,-5.56014685554603,-7.73449499439628,1.03814364233074e-14,4.38875224795318e-12,1.81194433333333,0.0434306666666667,1.2,0.7,3.4,55.9,60.2,105.9,0.03,0.02,0.08,1.38,1.48,2.58,"down"
"ENSG00000166825.17","ANPEP","protein_coding","chr15",174.045949494824,1.47230731003099,0.201043869408312,1.52462208524048,7.72327072739851,1.13382000209272e-14,4.67631615497267e-12,2.87594833333333,8.26590033333333,268.5,258.3,247.6,86.7,109.7,73.7,8.52,8.23,8.04,2.79,3.51,2.33,"up"
"ENSG00000234745.16","HLA-B","protein_coding","chr6",5130.11272217259,-0.379749904406873,0.0516797386841245,-0.392153139916125,-7.69046896645628,1.46596685281964e-14,5.90226178123334e-12,411.323101333333,314.399302666667,4637.3,4432.2,4243,5754.8,5644.8,6068.6,325.7,312.54,304.96,409.38,399.36,425.23,"ns"
"ENSG00000074181.11","NOTCH3","protein_coding","chr19",3191.9856908283,0.397280362415638,0.0542481080720529,0.410363303539323,7.66986053193635,1.72183467053618e-14,6.77121494855041e-12,32.7316186666667,43.6397213333333,3521.1,3707.8,3700.1,2870.3,2669.5,2683.1,41.8,44.18,44.94,34.51,31.91,31.77,"ns"
"ENSG00000006118.16","TMEM132A","protein_coding","chr11",1845.29466339356,-0.556123523823869,0.0773108796925754,-0.576065736095478,-7.57434549813161,3.60942662221552e-14,1.38716827685601e-11,89.1531243333333,59.9882856666667,1618.8,1357.8,1468.5,2150.7,2158.3,2317.6,64.97,54.71,60.29,87.42,87.24,92.8,"ns"
"ENSG00000162631.22","NTNG1","protein_coding","chr1",559.964336592607,0.94389720991298,0.13170328121884,0.978506745887552,7.56605062211271,3.8474217051311e-14,1.44577557852815e-11,9.882352,19.520175,731.5,644.8,851.3,416.9,351.5,363.7,19.04,16.85,22.67,10.99,9.21,9.44,"ns"
"ENSG00000186340.19","THBS2","protein_coding","chr6",160.779701579004,-1.74826363082905,0.245743398330086,-1.81491748280922,-7.5422043290648,4.620929504758e-14,1.69869386794473e-11,4.88041566666667,1.40829333333333,52.2,96,67.3,238.8,288.9,221.5,1.01,1.87,1.34,4.7,5.65,4.29,"down"
"ENSG00000118985.18","ELL2","protein_coding","chr5",1267.53090591422,0.561065504579564,0.0785098153022541,0.581278577040919,7.52919733806338,5.10531769215736e-14,1.83682813136981e-11,24.4012873333333,36.639539,1429.4,1636.6,1493.7,1043.6,1004.5,997.5,34.15,39.25,36.51,25.25,24.17,23.78,"ns"
"ENSG00000089127.16","OAS1","protein_coding","chr12",533.343776814611,-0.764437014615908,0.107679381893363,-0.793069672756798,-7.49858713064103,6.4509366055741e-14,2.27261120833871e-11,39.5743193333333,22.9230243333333,418.1,385.8,367.7,669.2,702.2,657.1,24.36,22.53,21.88,39.44,41.13,38.15,"ns"
"ENSG00000102287.20","GABRE","protein_coding","chrX",420.468943090232,-1.04035795448036,0.147409038064533,-1.0802097686226,-7.47816509808669,7.53674793338559e-14,2.6009470929296e-11,17.525766,8.37392866666667,262.4,321.9,229.7,524.6,569.5,614.8,8.03,9.9,7.19,16.26,17.55,18.76,"down"
"ENSG00000168906.15","MAT2A","protein_coding","chr2",3047.36584261106,-0.356530790469774,0.0501509324365331,-0.368837904756475,-7.45491352033597,8.99267957953053e-14,3.04132423379722e-11,110.009436666667,85.4378856666667,2631.5,2598.5,2747.5,3431.1,3405.5,3470.1,83.77,83.04,89.5,110.63,109.2,110.2,"ns"
"ENSG00000104368.21","PLAT","protein_coding","chr8",989.815953482196,0.558633554239351,0.0790905012891538,0.579211217524552,7.44937782302939,9.37814425780393e-14,3.10949841959734e-11,29.7830973333333,44.6545316666667,1202.4,1217.5,1138.3,792.1,772.9,815.8,44.87,45.63,43.47,29.92,29.04,30.38,"ns"
"ENSG00000108679.15","LGALS3BP","protein_coding","chr17",15227.4000069888,-0.24195528859837,0.0340123840736941,-0.249417093294224,-7.40008109945951,1.36101351154948e-13,4.42591124621186e-11,781.855535,659.726247,14313.4,13704.9,13724.4,16464.9,16485.7,16671,672.63,646.53,660.02,783.68,780.32,781.57,"ns"
"ENSG00000065534.22","MYLK","protein_coding","chr3",7257.79712718409,0.293620186936268,0.0415913199618896,0.303304552508264,7.37863477281603,1.59920856880786e-13,5.10238054689451e-11,177.514890666667,219.804451333333,7721.5,8052,8280.7,6512,6525.5,6455.1,209.72,219.53,230.16,179.14,178.5,174.9,"ns"
"ENSG00000120129.8","DUSP1","protein_coding","chr5",1956.55912886265,0.40193464520029,0.0577348946510863,0.416622720499776,7.32797615032331,2.33654286812831e-13,7.31684072223142e-11,83.0239946666667,111.182343333333,2239.3,2278.4,2194.3,1650.1,1669.3,1708,110.3,112.65,110.59,82.32,82.83,83.92,"ns"
"ENSG00000079931.17","MOXD1","protein_coding","chr6",312.918802435736,-1.0039934986601,0.145378014895961,-1.04382147373491,-7.3193263452532,2.49218851459926e-13,7.66234686943154e-11,12.33669,5.99429266666667,233.6,182.1,197.1,425.5,407.9,431.4,6.8,5.32,5.87,12.54,11.95,12.52,"down"
"ENSG00000124749.19","COL21A1","protein_coding","chr6",75.8164234009048,-3.59128418987511,0.541171557988415,-3.74902472177754,-7.31256708340945,2.62086358151309e-13,7.91311622992289e-11,4.242745,0.389955666666667,26.1,7.1,5.2,113.5,212.3,90.7,0.79,0.22,0.16,3.49,6.49,2.75,"down"
"ENSG00000172164.16","SNTB1","protein_coding","chr8",454.918232409364,-0.797059438272505,0.115542667796799,-0.828655103101319,-7.30883954453927,2.69459300424054e-13,7.91311622992289e-11,10.8694506666667,6.133113,318.4,325.6,338.9,621.9,549.8,574.9,5.91,6.07,6.43,11.69,10.28,10.64,"ns"
"ENSG00000150625.19","GPM6A","protein_coding","chr4",35.9510135880834,-3.77743253123655,0.547316967964534,-3.93229187394675,-7.30603028163652,2.75150190282384e-13,7.91311622992289e-11,2.31575866666667,0.175673666666667,7.1,4.5,3.6,67.9,75.2,57.4,0.25,0.15,0.13,2.37,2.61,1.97,"down"
"ENSG00000197614.13","MFAP5","protein_coding","chr12",4996.31373672284,0.323408058702493,0.0464265980744339,0.334714575076828,7.30557021756713,2.76093351605825e-13,7.91311622992289e-11,255.918911,323.703141333333,5594.3,5635.8,5490.9,4423.6,4589.6,4243.8,322.02,325.65,323.44,257.94,266.12,243.7,"ns"
"ENSG00000164733.25","CTSB","protein_coding","chr8",10353.9084720258,0.247744166348912,0.0353990483679311,0.255821334368037,7.29761913628228,2.92904345609041e-13,8.25502080708146e-11,425.467341333333,509.625671,11269.4,11480.9,11060.7,9361.4,9582.8,9368.2,505.07,516.53,507.28,424.96,432.57,418.87,"ns"
"ENSG00000172893.20","DHCR7","protein_coding","chr11",5330.2868067575,-0.300007275769698,0.0431301700328266,-0.310661782693055,-7.2917985794695,3.05844183167546e-13,8.47840186452983e-11,232.935109,188.350795333333,4877.8,4717.3,4681.2,5969.3,5987.2,5749,191.36,185.77,187.92,237.19,236.6,225.02,"ns"
"ENSG00000163697.20","APBB2","protein_coding","chr4",1860.61255817493,0.527946052523876,0.0765540943619259,0.548179519058728,7.28821455721965,3.14089500899028e-13,8.5665378390364e-11,31.8309233333333,46.669894,2298.2,2244.5,2088.1,1641,1488.3,1403.6,48.12,47.16,44.73,34.8,31.39,29.31,"ns"
"ENSG00000146674.18","IGFBP3","protein_coding","chr7",29825.2543423392,0.201385324086223,0.0286323397279499,0.207200578374337,7.28449076632664,3.22887589652212e-13,8.66671292225222e-11,1049.09806533333,1214.79786833333,32410.1,31842.7,31637.7,27922.5,27537.8,27600.7,1220.81,1204.06,1219.53,1065.3,1044.8,1037.2,"ns"
"ENSG00000229807.15","XIST","lncRNA","chrX",4522.38690654728,-0.344990773980003,0.0499310264019937,-0.35745767600397,-7.26153196250372,3.82730537054576e-13,1.01124584087389e-10,71.672369,56.113047,3855.3,4029,4008.1,5156.4,4840.2,5245.2,54.07,56.73,57.53,73.25,68.38,73.39,"ns"
"ENSG00000169851.18","PCDH7","protein_coding","chr4",42.0158525080284,-3.79207926697941,0.545989490853062,-3.94591454052208,-7.25261178129875,4.08810602099776e-13,1.06123895549635e-10,1.31201733333333,0.0825476666666667,2.7,5.9,6.3,106.5,72.5,58.2,0.04,0.1,0.11,1.78,1.2,0.96,"down"
"ENSG00000138166.8","DUSP5","protein_coding","chr10",5990.29137694307,0.284286193468881,0.0409992770697924,0.293797855111815,7.25083721558283,4.14203258798102e-13,1.06123895549635e-10,215.712839,265.240144666667,6724.6,6479.4,6589.3,5395,5265.3,5488.1,267.92,259.14,268.66,217.7,211.3,218.14,"ns"
"ENSG00000156453.15","PCDH1","protein_coding","chr5",2780.40919087352,0.386680557795738,0.056662190556603,0.401230066670744,7.19247371974154,6.36278174558783e-13,1.60589013907299e-10,63.3976916666667,83.9646966666667,3234.7,3129.4,3129.6,2529.1,2318.8,2340.8,85.06,82.61,84.22,67.36,61.42,61.41,"ns"
"ENSG00000116329.13","OPRD1","protein_coding","chr1",51.7662042271347,-2.65378248294487,0.391701664389624,-2.76561803020556,-7.18497454809296,6.72197078916692e-13,1.67159597124725e-10,0.865113333333333,0.127366333333333,15.7,15,9.4,106,80.1,84.4,0.15,0.14,0.09,1.02,0.77,0.81,"down"
"ENSG00000130600.23","H19","lncRNA","chr11",75.4880935189167,-2.22053281338363,0.332524988148034,-2.31647806251496,-7.11804589861237,1.09467921030194e-12,2.68275731104432e-10,7.19384933333333,1.47343266666667,30.3,28.1,18.5,132.7,140.8,102.4,1.73,1.61,1.08,7.66,8.09,5.83,"down"
"ENSG00000163453.13","IGFBP7","protein_coding","chr4",2586.76206920212,-0.34241235025296,0.0514289761851359,-0.355691380870096,-7.02111774574212,2.20100265605055e-12,5.3169935591164e-10,249.317019333333,195.401415,2317.4,2225.4,2265.1,2891,2896.4,2925.2,197.77,190.61,197.83,249.9,248.98,249.07,"ns"
"ENSG00000154678.20","PDE1C","protein_coding","chr7",70.9582160920117,-1.98452073189653,0.301321662012277,-2.07237072064064,-7.01360865954693,2.32248436721047e-12,5.53143811965198e-10,1.92810566666667,0.459073333333333,29.4,21.5,30.6,107.2,113.4,123.6,0.5,0.36,0.52,1.82,1.91,2.06,"down"
"ENSG00000179218.17","CALR","protein_coding","chr19",9163.45656100897,-0.24240674980724,0.0362681409534612,-0.251561377741026,-7.00949825381957,2.39174276951664e-12,5.61727364340644e-10,515.002912333333,434.009959666667,8249.6,8536.7,8315.2,9794.1,10064.4,10020.7,424.08,440.52,437.43,509.95,521.14,513.91,"ns"
"ENSG00000182752.11","PAPPA","protein_coding","chr9",1706.85542686121,0.450719034515325,0.0685728232560016,0.469361847042414,6.97050787702509,3.15798839191123e-12,7.31528543934505e-10,11.479907,15.9397426666667,1975.8,2015.6,1955.1,1530.9,1403.5,1360.2,15.75,16.12,15.95,12.36,11.27,10.81,"ns"
"ENSG00000185885.19","IFITM1","protein_coding","chr11",197.30255215159,-1.31505114517673,0.203936020776889,-1.37527701483096,-6.91336866853345,4.73277837174689e-12,1.08150381440865e-09,67.154696,26.275958,123.9,125.4,82.8,264.7,294,292.9,29.25,29.6,19.98,63.01,69.65,68.8,"down"
"ENSG00000189058.11","APOD","protein_coding","chr3",39.1088992622867,-3.17740065350226,0.486000778088323,-3.32114721234618,-6.89128481803982,5.52907098193624e-12,1.24662120406056e-09,8.97990433333333,0.864669,7.6,2.5,10.4,75.3,74.3,64.6,0.95,0.32,1.33,9.53,9.35,8.05,"down"
"ENSG00000182195.10","LDOC1","protein_coding","chrX",33.8883522146401,-3.17747575954265,0.495513545646198,-3.32653744623041,-6.88814290068626,5.65254164479978e-12,1.25769051596795e-09,3.082048,0.322801333333333,4.3,6.7,8.2,57.8,51.4,75,0.21,0.34,0.42,2.92,2.59,3.74,"down"
"ENSG00000166394.17","CYB5R2","protein_coding","chr11",1653.09665460823,0.520846116047968,0.0816721185866277,0.544077798283768,6.80024330634137,1.04442609775317e-11,2.29366822246832e-09,132.036564666667,193.251577333333,1934.7,2162.5,1789.5,1302.4,1382.3,1347.1,188.91,211.98,178.87,128.84,136.01,131.27,"ns"
"ENSG00000185985.13","SLITRK2","protein_coding","chrX",34.9627590326363,-6.01843742529479,0.883615364975679,-6.28308968952374,-6.76962163547595,1.29119620157215e-11,2.7992471498186e-09,1.06729566666667,0.0106173333333333,0,0,2,62.7,65.1,79.9,0,0,0.03,0.98,1.01,1.22,"down"
"ENSG00000111885.9","MAN1A1","protein_coding","chr6",4274.62902729717,0.32839991234441,0.0513827985327348,0.341953441068357,6.76167204434737,1.36408204877206e-11,2.91982625882728e-09,65.8459033333333,83.6948056666667,4875.5,4796.4,4665.1,3976.1,3667.6,3667,84.63,83.58,82.87,69.91,64.13,63.5,"ns"
"ENSG00000188042.9","ARL4C","protein_coding","chr2",1011.86754316408,-0.489016464738469,0.0777069701340275,-0.511473967091726,-6.7183147846014,1.83838219744266e-11,3.88588036984442e-09,27.0010713333333,19.0104993333333,820,873.6,810.6,1200.5,1185.3,1181.3,18.51,19.8,18.72,27.45,26.95,26.6,"ns"
"ENSG00000120875.10","DUSP4","protein_coding","chr8",1177.91198374373,-0.451829508283059,0.0717508179026141,-0.472276138306516,-6.71257917286501,1.91213990244314e-11,3.99188712966834e-09,21.7211086666667,15.703673,999.3,961,999.7,1357.3,1401.9,1348.3,15.76,15.21,16.14,21.68,22.27,21.22,"ns"
"ENSG00000272398.7","CD24","protein_coding","chr6",291.222275147445,-0.981963770790772,0.157973246538577,-1.02986133342944,-6.67962706615655,2.39551059935788e-11,4.94001027257827e-09,20.2462643333333,9.96000933333333,213.6,166.4,195.1,432.6,373.1,366.7,10.98,8.61,10.3,22.59,19.33,18.82,"ns"
"ENSG00000100234.14","TIMP3","protein_coding","chr22",2887.03714879931,0.464782191773501,0.0743333507088409,0.485976203883665,6.67342827995502,2.498957355871e-11,5.09124926358778e-09,60.075754,84.417781,3240.7,3731.4,3137.6,2529.9,2376.5,2306.1,80.48,93.03,79.74,63.64,59.45,57.14,"ns"
"ENSG00000182481.12","KPNA2","protein_coding","chr17",5123.28060597125,-0.269808023920015,0.0429538357096655,-0.280839475507368,-6.62658353754628,3.43545091034683e-11,6.91588986832916e-09,258.237727666667,213.163015,4738,4487.4,4651.9,5655.2,5656.9,5550.3,216.37,205.72,217.4,261.6,260.22,252.89,"ns"
"ENSG00000170558.12","CDH2","protein_coding","chr18",20043.294694944,0.211015922156084,0.033288328971679,0.218522152551731,6.62351106494564,3.50765656151571e-11,6.97817323002714e-09,378.535222,441.801851333333,21369.7,21397.6,21906,19015.2,18295.6,18275.6,433.96,436.21,455.24,391.11,374.24,370.26,"ns"
"ENSG00000099917.19","MED15","protein_coding","chr22",2095.62248107315,0.34558226813166,0.0557877908705592,0.360928521339953,6.58389243584243,4.58288736391487e-11,9.0112355027675e-09,61.0288563333333,78.627009,2337,2342.5,2389.5,1807,1870.7,1827.1,77.28,77.76,80.85,60.52,62.31,60.26,"ns"
"ENSG00000105699.19","LSR","protein_coding","chr19",336.024519551209,-0.883690760391284,0.14449817078663,-0.927978297894478,-6.58111963825824,4.66918671987853e-11,9.07539625668344e-09,25.1765133333333,13.279151,267.2,214.4,213.1,448.3,456.1,417,15.21,12.23,12.39,25.78,26.11,23.63,"ns"
"ENSG00000149257.18","SERPINH1","protein_coding","chr11",1992.25719785413,-0.378682910152621,0.0613570411522171,-0.396027504891702,-6.57632867819072,4.82206012380568e-11,9.26602689699477e-09,113.249290666667,86.3358793333334,1684.1,1671,1805.6,2247.6,2312.3,2233,83.72,83.42,91.87,113.2,115.79,110.75,"ns"
"ENSG00000136802.14","LRRC8A","protein_coding","chr9",2539.27634213455,0.396681606190708,0.0649276187159976,0.415165888842989,6.52128511631286,6.97075339563607e-11,1.32444314517085e-08,48.3440083333333,64.6598413333333,3039.6,2818.6,2848.6,2127.8,2326.5,2074.5,67.13,62.49,64.36,47.59,51.74,45.7,"ns"
"ENSG00000038427.17","VCAN","protein_coding","chr5",6440.99349393683,0.530488682252341,0.0873780790467955,0.556544562996193,6.51538201625069,7.25048939950847e-11,1.36228639717431e-08,85.880844,126.571269333333,7486.7,8071,7445.6,5927.2,5329.1,4386.4,122.49,132.56,124.66,98.22,87.82,71.6,"ns"
"ENSG00000080493.21","SLC4A4","protein_coding","chr4",632.482109946683,-0.687538099081752,0.113805575944992,-0.722436479227281,-6.50464410496513,7.78775309619223e-11,1.44715280062209e-08,8.79154066666667,5.34449566666667,446.6,520.6,465.7,860.4,785.6,716,4.95,5.79,5.29,9.67,8.78,7.92,"ns"
"ENSG00000102172.18","SMS","protein_coding","chrX",7531.61518064632,-0.238729625929312,0.0387242912843958,-0.24839826096422,-6.4910232710465,8.52553076093258e-11,1.56702962138446e-08,448.276303,378.538002,7048.2,6892.6,6714.9,8222.7,8070.7,8240.6,384.09,377.05,374.47,453.86,442.98,447.99,"ns"
"ENSG00000176105.16","YES1","protein_coding","chr18",4449.98613050183,0.322058589730213,0.0530765405847674,0.337125675048524,6.46171686603238,1.03521659160026e-10,1.88231317892047e-08,72.5948843333333,91.9645603333333,4983.8,5014.8,4905,4056.2,4065.4,3674.7,91.45,92.35,92.09,75.39,75.13,67.27,"ns"
"ENSG00000134901.16","POGLUT2","protein_coding","chr13",1141.94206895164,0.4594603410719,0.0762789036675337,0.481993899571351,6.45814154390638,1.05996580933658e-10,1.90681083360441e-08,40.4344826666667,56.698651,1313.2,1398.3,1282.5,950.3,977.8,929.5,55.44,59.26,55.4,40.64,41.55,39.12,"ns"
"ENSG00000138316.13","ADAMTS14","protein_coding","chr10",30.2880604558072,-3.5325850399151,0.584384000993725,-3.71975986341922,-6.44523253833083,1.15423307193466e-10,2.05453486804369e-08,1.00310733333333,0.0776803333333333,5.3,5.8,1.9,59,46.4,63.3,0.09,0.1,0.03,1.06,0.83,1.12,"down"
"ENSG00000099942.15","CRKL","protein_coding","chr22",1305.70894864138,0.457392464811727,0.0763524560307493,0.480065513271712,6.42645575789538,1.30613412676155e-10,2.2876193709807e-08,18.268038,25.5662006666667,1425.8,1511.9,1624.8,1089.6,1096.6,1085.5,23.74,25.27,27.69,18.38,18.39,18.03,"ns"
"ENSG00000113083.17","LOX","protein_coding","chr5",529.435595201583,0.731748296632506,0.122860232426455,0.769737379109769,6.42574690211758,1.31223583078136e-10,2.2876193709807e-08,7.59797566666667,12.9947853333333,615.2,722.7,664.8,428.9,397,348.1,11.87,13.99,13.12,8.38,7.71,6.7,"ns"
"ENSG00000185650.12","ZFP36L1","protein_coding","chr14",5752.55997887786,0.27187495411365,0.045232223661341,0.283790092856688,6.36824798675389,1.91199606252993e-10,3.2991687160593e-08,167.235490333333,204.229880333333,6286.8,6534.6,6131.2,5291.8,5236,5034.9,201.45,210.2,201.05,171.75,169,160.95,"ns"
"ENSG00000113645.17","WWC1","protein_coding","chr5",319.860188243441,-0.938024670943135,0.159754325418129,-0.988987945126701,-6.35979603744796,2.02021822388308e-10,3.45069597634979e-08,10.426643,5.248511,215.2,204.6,222,505.5,395.4,376.5,5.24,4.99,5.52,12.45,9.69,9.14,"ns"
"ENSG00000104419.18","NDRG1","protein_coding","chr8",11721.8968839533,0.280099051901109,0.0467933028315615,0.29269228852181,6.3526215021225,2.11676108976133e-10,3.5794430027864e-08,431.000848,529.503699666667,13217,12449.6,13053.4,10590.3,11028.5,9992.6,537.34,508.09,543.08,436.09,451.62,405.3,"ns"
"ENSG00000158710.17","TAGLN2","protein_coding","chr1",7360.2565759781,0.251268569125527,0.0420752902320787,0.262192129452581,6.31668968426253,2.67225403836572e-10,4.47404116720438e-08,507.614293666667,610.805189666667,7982.6,8162,7938.5,6424.3,6825.1,6829.1,601.96,617.86,612.6,490.68,518.37,513.79,"ns"
"ENSG00000118257.18","NRP2","protein_coding","chr2",9257.99949757549,0.465203668659283,0.0793161254340185,0.489235707468447,6.3121415267547,2.75200374546899e-10,4.56239052312555e-08,162.847125333333,229.122291666667,11464.3,10051.6,10921.2,8607.9,7791.7,6711.5,240.75,211.91,234.7,183.11,164.82,140.61,"ns"
"ENSG00000100030.17","MAPK1","protein_coding","chr22",2169.05014936834,0.427426426007142,0.0728248842688606,0.449374969418308,6.30926843922761,2.8035748478686e-10,4.60276220169496e-08,37.7590843333333,51.7059726666667,2493.5,2586.1,2433.1,1972.1,1859.2,1670.3,51.03,53.13,50.96,40.87,38.31,34.09,"ns"
"ENSG00000164418.23","GRIK2","protein_coding","chr6",630.733458310208,-0.742643051161768,0.127534917167533,-0.783264172363264,-6.3064909276167,2.85432702003579e-10,4.64102595276973e-08,17.716429,10.3093706666667,444.3,454.1,491.8,901.8,820,672.4,9.79,10.04,11.09,20.15,18.22,14.78,"ns"
"ENSG00000116285.15","ERRFI1","protein_coding","chr1",9164.6731210496,0.24268656152175,0.0408079772636437,0.253238279022834,6.28660953616118,3.24474103612573e-10,5.22557818294153e-08,247.31743,295.627820666667,10017.4,9765.2,10116.7,8591.3,8451.1,8046.3,294.44,288.13,304.32,255.79,250.21,235.96,"ns"
"ENSG00000134321.14","RSAD2","protein_coding","chr2",60.6497592428717,-1.85372555716665,0.320961792797695,-1.95892622407712,-6.27939539040422,3.39892197202591e-10,5.42224250443001e-08,2.904786,0.752465,26.1,20,28.8,100,99.1,89.8,0.78,0.6,0.87,3.05,2.99,2.68,"down"
"ENSG00000135046.17","ANXA1","protein_coding","chr9",9352.4438377278,0.207873532088772,0.0350784260777364,0.217224317570316,6.25340669599075,4.01594530709548e-10,6.34669487317613e-08,598.178219666667,697.596841333333,10162.2,9971.2,10032.1,8491.8,8723.2,8734.3,698.7,688.22,705.87,591.35,604.07,599.11,"ns"
"ENSG00000175063.19","UBE2C","protein_coding","chr20",3040.37629805981,-0.282904288384077,0.0483275657478548,-0.296400536705039,-6.23411612064389,4.54335984986731e-10,7.11372361678298e-08,501.182837666667,409.411755,2672.2,2748,2767,3339.6,3359.9,3355.6,397.23,410.07,420.93,502.76,503.09,497.7,"ns"
"ENSG00000164574.18","GALNT10","protein_coding","chr5",380.514980416661,0.869363829764406,0.152070831360991,0.918482127156836,6.21586620275941,5.10422836068101e-10,7.91857812652439e-08,5.86992133333333,11.1190793333333,496,534.5,463,239.7,314.1,235.8,10.99,11.88,10.49,5.38,7.01,5.21,"ns"
"ENSG00000167680.20","SEMA6B","protein_coding","chr19",811.764484562853,-0.519161900415859,0.0916922455273202,-0.548429601504149,-6.13589071669069,8.46833586999475e-10,1.30181417783283e-07,28.154788,19.3157243333333,607.4,669.2,700.8,981.9,949.9,961.4,17.64,19.5,20.81,28.86,27.77,27.83,"ns"
"ENSG00000151012.14","SLC7A11","protein_coding","chr4",970.658635927722,0.536118091426013,0.0949086974851749,0.566296756068262,6.12540141651411,9.0455263883131e-10,1.37801667771508e-07,7.04420866666667,10.467692,1070.5,1243.9,1162.7,846.3,764.3,736.3,9.58,11.17,10.65,7.67,6.89,6.57,"ns"
"ENSG00000184702.22","SEPTIN5","protein_coding","chr22",927.814433913078,0.48181700534822,0.085314450196495,0.508635585540867,6.11437851716032,9.69339789513871e-10,1.46352998577496e-07,32.073657,45.7916933333333,1035.1,1135.2,1099,729.3,794,774.2,43.09,47.43,46.85,30.77,33.29,32.17,"ns"
"ENSG00000147027.6","TMEM47","protein_coding","chrX",74.1040177596183,-1.67569611202332,0.299967031074385,-1.77684617665364,-6.10156941680321,1.05032006185572e-09,1.57176214566197e-07,2.49041833333333,0.732492333333333,30.6,42,28.4,125.7,105.7,112.3,0.66,0.91,0.63,2.75,2.3,2.42,"down"
"ENSG00000258947.9","TUBB3","protein_coding","chr16",4561.19583783293,-0.247056430387537,0.0431037864595835,-0.258766591921489,-6.09037972413507,1.12643185367153e-09,1.67087391627943e-07,313.848953666667,263.119534333333,4239.9,4154.5,4066,4959.6,4923.3,5023.9,266.21,261.88,261.27,315.41,311.41,314.72,"ns"
"ENSG00000167553.19","TUBA1C","protein_coding","chr12",15844.5656988325,-0.217004863490908,0.0381166456044676,-0.226942407828891,-6.02397880187077,1.70180665019143e-09,2.50239569171627e-07,1146.31777966667,982.549326666667,14968.6,14353.4,14479.8,16558.8,17082.2,17624.5,998.33,961.04,988.27,1118.63,1147.59,1172.73,"ns"
"ENSG00000123094.18","RASSF8","protein_coding","chr12",4792.03516597827,0.414679307260179,0.0745914438880913,0.437886169954973,6.01508171588943,1.79795980000269e-09,2.60000738438123e-07,77.2982826666667,104.946331,5917.3,5390.7,5233.3,4344.5,4245.8,3620.5,111.67,102.11,101.06,83.04,80.7,68.15,"ns"
"ENSG00000105974.15","CAV1","protein_coding","chr7",12902.3635385946,0.247858848379998,0.0438553746377566,0.259897092890634,6.01499336787659,1.79894065034065e-09,2.60000738438123e-07,420.042739666667,504.505163666667,13810.9,14348.4,14025.6,11571.5,12378.7,11279,491.06,512.13,510.33,416.72,443.32,400.08,"ns"
"ENSG00000063660.11","GPC1","protein_coding","chr2",4930.00300767526,-0.304549556065582,0.0544619438532629,-0.320541145982888,-6.0004764887545,1.96739337957533e-09,2.81937474988295e-07,165.730008666667,133.124297333333,4386,4354.5,4411.6,5112.5,5795.9,5519.5,131.98,131.54,135.85,155.82,175.67,165.7,"ns"
"ENSG00000231131.11","LNCAROD","lncRNA","chr10",8489.7444660231,0.245536202160838,0.0438778320723791,0.257739820088904,5.96230146519787,2.48709747104123e-09,3.51616145125564e-07,465.782735333333,558.630372666667,9271.7,8889.7,9575.5,7919.6,7773.8,7508.2,555.06,534.24,586.59,480.17,468.75,448.43,"ns"
"ENSG00000080824.21","HSP90AA1","protein_coding","chr14",42368.8558150388,0.1606771133124,0.0280142112863607,0.166153649141203,5.96176972240065,2.49520623388928e-09,3.51616145125564e-07,1276.32221,1436.42682166667,45364.2,44647.7,44406.3,40420.9,39797.6,39576.4,1441.37,1424.07,1443.84,1300.81,1273.64,1254.51,"ns"
"ENSG00000171004.19","HS6ST2","protein_coding","chrX",406.388563593066,0.648715754898612,0.119237407433573,0.688461957419792,5.9458448259579,2.75034603247878e-09,3.84366540572035e-07,6.51512033333333,10.529959,497.8,510.7,496.2,310.3,329.7,293.7,10.36,10.67,10.57,6.54,6.91,6.1,"ns"
"ENSG00000310789.1","ENSG00000310789","lncRNA","chr17",18.3144920584682,8.24710802195768,2.70691541789892,7.70406692696336,5.91153757267037,3.38928930702308e-09,4.69777722801314e-07,0,1.70825833333333,34.6,25.4,49.9,0,0,0,1.6,1.18,2.34,0,0,0,"up"
"ENSG00000140848.19","CPNE2","protein_coding","chr16",1421.89588138792,-0.359114287997435,0.0660513759540919,-0.379765912334388,-5.88468067836876,3.9882324193165e-09,5.4830089602148e-07,74.2848873333333,57.2570453333333,1251.6,1225.9,1229.8,1626,1566.1,1632.1,57.46,56.52,57.79,75.64,72.44,74.77,"ns"
"ENSG00000100427.18","MLC1","protein_coding","chr22",23.8080118797334,-3.35499833066651,0.627873329448699,-3.5794969463602,-5.80494607154427,6.43867241147224e-09,8.7804798772577e-07,1.29116866666667,0.109874333333333,3,5.5,2.7,43.8,50.7,37.2,0.09,0.16,0.08,1.3,1.49,1.08,"down"
"ENSG00000128512.25","DOCK4","protein_coding","chr7",1295.52550835654,0.531888794429575,0.100420302096741,0.565714571112289,5.80264803749224,6.52757182526599e-09,8.83049916521983e-07,14.0975676666667,20.9273876666667,1404.1,1623.8,1610.7,1184.6,988,961.9,18.83,21.86,22.1,16.09,13.34,12.86,"ns"
"ENSG00000142173.19","COL6A2","protein_coding","chr21",5065.81129597255,0.243336184742575,0.0448543643677989,0.25600412839259,5.79755347963899,6.72893261263015e-09,9.03065479996634e-07,143.749070666667,172.14649,5671.3,5396.6,5473.8,4750.8,4564.2,4538.2,175.49,167.63,173.32,148.9,142.26,140.1,"ns"
"ENSG00000204525.20","HLA-C","protein_coding","chr6",6396.36436734043,-0.241844525407303,0.0448174599955563,-0.254626680007704,-5.77165276085591,7.8497749253058e-09,1.0451944408419e-06,505.230628,424.828873,5963.4,5953.5,5585.7,6930.3,6826.2,7119.1,430.47,431.38,412.63,506.67,496.35,512.67,"ns"
"ENSG00000117450.17","PRDX1","protein_coding","chr1",5132.11859788076,0.227538793700531,0.042055706107805,0.239179273318671,5.7683590972652,8.00470987801818e-09,1.05749721904131e-06,528.512306,625.761626333333,5676.8,5559.6,5434.3,4643.5,4735.7,4742.8,633.62,622.98,620.68,524.97,532.44,528.13,"ns"
"ENSG00000186594.17","MIR22HG","lncRNA","chr17",608.6100991928,-0.578983735072965,0.110324325880226,-0.616865318724903,-5.76637417340037,8.09951290942326e-09,1.06172684727401e-06,35.2752073333333,23.0554223333333,490.3,447.2,503.2,789.4,747.3,674.2,23.32,21.35,24.49,38.03,35.8,31.99,"ns"
"ENSG00000146966.15","DENND2A","protein_coding","chr7",1049.62869371858,-0.488905992039625,0.0935582731463667,-0.520762164573298,-5.73263598847153,9.88816976575754e-09,1.286222697992e-06,33.553161,23.4447103333333,820.5,857.2,907,1125.9,1348.4,1238.8,22.11,23.19,25.03,30.74,36.61,33.31,"ns"
"ENSG00000135424.21","ITGA7","protein_coding","chr12",10866.5394529962,-0.21804152449297,0.0406729270733301,-0.229321170544989,-5.71395247950654,1.10381834655378e-08,1.42485253742171e-06,391.040317333333,334.706646666667,9563.7,10271.1,10180.4,11650.2,11618.1,11915.8,317.01,341.76,345.35,391.16,387.9,394.06,"ns"
"ENSG00000189060.6","H1-0","protein_coding","chr22",6495.80804744413,0.219216517415484,0.0410136685173836,0.230522353436007,5.69742035699189,1.21633770272296e-08,1.55820231462464e-06,256.359360333333,301.777996666667,6887.1,7177.5,6977.7,5826.8,6029.4,6076.4,293.66,307.21,304.46,251.64,258.95,258.48,"ns"
"ENSG00000198830.15","HMGN2","protein_coding","chr1",7306.49901339267,-0.294590183538157,0.0559150871597605,-0.311689226929252,-5.69230627902057,1.25334764775612e-08,1.59354200928992e-06,676.913929333333,547.072847,6804.7,6037.3,6717.3,8399.3,7758.8,8121.5,565.75,503.9,571.56,707.3,649.76,673.69,"ns"
"ENSG00000137726.19","FXYD6","protein_coding","chr11",178.755397343702,-1.03638966316972,0.202543256891069,-1.10931225504802,-5.6768190076622,1.37222527040033e-08,1.73166636734847e-06,13.7674516666667,6.440979,107,139.3,94.5,236.3,235.4,260.1,6.03,7.84,5.45,13.44,13.29,14.58,"down"
"ENSG00000101384.14","JAG1","protein_coding","chr20",7862.25750790518,0.228588958032017,0.0431339729998698,0.240747394758438,5.66481508890008,1.4718316900181e-08,1.84360547245971e-06,116.177049333333,137.681072,8466.2,8500.6,8583.1,7413.4,7346.9,6863.3,135.63,136.7,140.71,120.29,118.55,109.69,"ns"
"ENSG00000131620.20","ANO1","protein_coding","chr11",1694.50920371023,0.465258861249695,0.0903275680084289,0.496041399487084,5.65788041514366,1.53253853342014e-08,1.90553136765696e-06,34.4859456666667,48.7533393333333,1929.7,2000.3,2017.3,1422.7,1570.1,1227,47.03,48.93,50.31,35.1,38.53,29.82,"ns"
"ENSG00000178031.20","ADAMTSL1","protein_coding","chr9",782.821270456875,0.51668724130013,0.100735101551093,0.551503116752702,5.64946342645635,1.60949422515883e-08,1.98660929543327e-06,10.7097183333333,15.757461,845.9,1003.8,942.4,603.1,635.2,666.6,14.19,16.91,16.18,10.24,10.74,11.15,"ns"
"ENSG00000227195.12","MIR663AHG","lncRNA","chr20",595.150513794782,0.52982295440344,0.10344696920604,0.565696901227637,5.64276510167997,1.67340586090059e-08,2.05052848607456e-06,47.5501326666667,70.5245333333333,755.5,684.9,690.8,504.1,472.2,463.5,74.37,67.65,69.56,50.29,46.85,45.5,"ns"
"ENSG00000160862.15","AZGP1","protein_coding","chr7",99.2154147927665,-1.20564725748873,0.238761253016599,-1.29290164435215,-5.61164253533288,2.00415109788038e-08,2.43814352986742e-06,11.569715,4.74316766666667,61.8,55.8,55.2,142.4,141.1,139.1,5.04,4.58,4.61,11.78,11.57,11.37,"down"
"ENSG00000033170.19","FUT8","protein_coding","chr14",1174.0079228709,0.416436251649982,0.0816266848296171,0.444139742921573,5.60062184548162,2.13584215568843e-08,2.57055245953949e-06,30.377063,41.459277,1462,1278.8,1319.8,1013.9,964.6,1005.1,44.39,38.97,41.01,31.18,29.51,30.45,"ns"
"ENSG00000175793.12","SFN","protein_coding","chr1",382.782382270831,-0.620762765292033,0.122680104941702,-0.664514732369175,-5.60001004625113,2.14339383084015e-08,2.57055245953949e-06,40.3352873333333,25.529396,285.7,304.7,298.3,473.9,485.9,448.3,24.4,26.12,26.07,40.99,41.8,38.22,"ns"
"ENSG00000144339.14","TMEFF2","protein_coding","chr2",49.5978964230142,-1.97269463845777,0.391653591169062,-2.1175649660971,-5.58420614141363,2.3477010798814e-08,2.79574825780243e-06,3.765317,0.861209666666667,15.7,13.4,26.1,81.7,69.7,91.1,0.73,0.62,1.24,3.83,3.25,4.21,"down"
"ENSG00000074416.18","MGLL","protein_coding","chr3",756.730148080251,0.448213532048158,0.0883989954193547,0.47864842013048,5.57960146181063,2.41070293047261e-08,2.85069836043999e-06,14.9494476666667,20.9080193333333,871.1,894.2,878.5,605.4,650.4,640.8,20.47,21.11,21.15,14.42,15.4,15.03,"ns"
"ENSG00000114480.15","GBE1","protein_coding","chr3",3834.52946997143,0.25143070347552,0.0485513072429977,0.26599842760204,5.57805605081811,2.43221291302967e-08,2.8561611360647e-06,108.303963666667,130.611037,4211.7,4137.6,4211.5,3598,3498.8,3349.7,130.2,128.4,133.23,112.66,108.95,103.31,"ns"
"ENSG00000168502.20","MTCL1","protein_coding","chr18",2760.58366893494,-0.29884517332019,0.0583069934589873,-0.317495953506683,-5.56945603810162,2.55535852662966e-08,2.98007673691777e-06,61.1921566666667,49.2516633333333,2445.1,2509.3,2420.1,3242.8,2994.5,2951.6,48.56,50.02,49.18,65.21,59.89,58.47,"ns"
"ENSG00000133019.14","CHRM3","protein_coding","chr1",93.049356799231,-1.52778936385188,0.306591723119688,-1.64174130280846,-5.56504247402197,2.62088564912092e-08,3.03556002237225e-06,1.71141433333333,0.55225,53.9,48.9,33,177.2,130.8,114.5,0.65,0.6,0.41,2.17,1.59,1.37,"down"
"ENSG00000160211.22","G6PD","protein_coding","chrX",4159.27725883277,-0.22987693802988,0.0447700218659437,-0.243482550845416,-5.52547349099016,3.28598192516356e-08,3.77999689486502e-06,209.941859333333,177.892406666667,3838.6,3855.2,3734.7,4606.3,4463.8,4457.1,177.67,179.12,176.89,215.94,208.08,205.81,"ns"
"ENSG00000185745.11","IFIT1","protein_coding","chr10",198.788052251924,-0.896088265471068,0.180958418678422,-0.962824403274833,-5.52210427047979,3.34963597602287e-08,3.82718542936126e-06,11.5547313333333,5.963641,144,143.7,117.4,240,275.9,271.8,6.3,6.33,5.26,10.63,12.17,11.86,"ns"
"ENSG00000138180.18","CEP55","protein_coding","chr10",3174.38279094341,0.28450406349691,0.0562803461762841,0.302413243181324,5.49257847825708,3.96107437480809e-08,4.49542064953052e-06,104.112189666667,128.759717,3698.3,3344.5,3474.3,2912.7,2800.5,2816,134.63,122.22,129.43,107.4,102.68,102.26,"ns"
"ENSG00000151914.23","DST","protein_coding","chr6",9634.14272955468,-0.301037367900063,0.0598416656117353,-0.318413772572059,-5.44855280770765,5.07813146090989e-08,5.72474686693242e-06,141.288479333333,113.692281666667,8093.8,9259.2,8375.6,10054.8,11237.6,10783.9,106.34,122.12,112.61,133.8,148.71,141.35,"ns"
"ENSG00000142871.20","CCN1","protein_coding","chr1",1279.97944843567,0.410495236783914,0.0837052304965198,0.439770791189757,5.41880977685643,5.99971111622578e-08,6.71888178644887e-06,45.5646006666667,62.029862,1385.3,1565.5,1470.1,1074.2,1022,1162.7,57.79,65.55,62.75,45.37,42.94,48.38,"ns"
"ENSG00000113140.13","SPARC","protein_coding","chr5",24050.8782609105,-0.207345431648547,0.0417085171743057,-0.222411987607649,-5.40758278730959,6.38810177854203e-08,7.10676322862801e-06,1109.550393,953.806993333333,22141.3,22153.3,22306.8,26469.7,26820.7,24413.5,942.7,946.84,971.89,1141.47,1150.2,1036.98,"ns"
"ENSG00000101638.16","ST8SIA5","protein_coding","chr18",587.821675374253,-0.561132562349105,0.115757786483811,-0.603596692895261,-5.40344444410672,6.5373209714791e-08,7.22523513906612e-06,18.374689,12.128713,468.5,488,443.8,704.3,781.7,640.6,12.06,12.63,11.71,18.38,20.29,16.45,"ns"
"ENSG00000232803.1","SLCO4A1-AS1","lncRNA","chr20",499.909768548458,-0.556270716234041,0.114967543505545,-0.598506504293827,-5.3943982788904,6.87535628501591e-08,7.54949836231292e-06,61.676643,40.8363423333333,427.8,400.4,365.3,619,575.5,611.5,43.53,40.92,38.06,63.86,59.06,62.12,"ns"
"ENSG00000021300.15","PLEKHB1","protein_coding","chr11",577.411339627603,-0.503846859484998,0.10454508316083,-0.541889806453863,-5.36610900212897,8.04533318288306e-08,8.77719897564855e-06,37.7676086666667,26.018287,484.8,436.9,488.5,671.2,673.8,709.2,26.59,24.05,27.42,37.28,37.22,38.8,"ns"
"ENSG00000169604.23","ANTXR1","protein_coding","chr2",454.3224444259,-0.591592431000715,0.123753992223555,-0.637805427061481,-5.34927396428737,8.83077769934098e-08,9.5723365958882e-06,11.7998766666667,7.620383,330.7,394.6,342.7,581.1,555,521.9,7.02,8.41,7.44,12.49,11.86,11.05,"ns"
"ENSG00000177301.18","KCNA2","protein_coding","chr1",37.1453440101108,-2.7338306936764,0.580108191130577,-2.96162124647992,-5.33673415767481,9.46356338148554e-08,1.01929208140714e-05,0.593983333333333,0.074886,4.4,9.2,11.2,49.3,111.2,37.5,0.04,0.08,0.1,0.45,1,0.33,"down"
"ENSG00000143947.17","RPS27A","protein_coding","chr2",4986.69727231352,0.227431548455361,0.0459909733450123,0.241218024358988,5.33397359057522,9.60865041028637e-08,1.02836885087305e-05,959.684859333333,1137.834567,5557,5268.2,5381.9,4499.9,4491.3,4721.9,1159.99,1103.83,1149.68,951.48,944.28,983.29,"ns"
"ENSG00000164442.13","CITED2","protein_coding","chr6",1232.2185666018,0.335426503171299,0.0694832918717349,0.359250089956041,5.31666375213016,1.05687110892058e-07,1.1240056887954e-05,42.130191,54.2145473333333,1396.7,1381,1376.8,1062.5,1077.2,1099,54.19,53.79,54.67,41.75,42.1,42.54,"ns"
"ENSG00000103647.15","CORO2B","protein_coding","chr15",1453.3724722413,-0.322241688287217,0.0666917904465788,-0.344869390979163,-5.31225913754881,1.08274485672121e-07,1.14432597044723e-05,43.4079633333333,34.274531,1297.5,1258.2,1285.3,1676.7,1619.4,1583.1,34.42,33.51,34.89,45.05,43.27,41.9,"ns"
"ENSG00000102554.16","KLF5","protein_coding","chr13",3242.11955142512,0.35181982626156,0.0733400057674054,0.377320287429132,5.29949805958269,1.161214703031e-07,1.21963606386672e-05,88.2510163333333,115.061763,3366.7,4065.3,3563.3,2841,2905.5,2710.8,104.76,126.97,113.46,89.54,91.06,84.15,"ns"
"ENSG00000113209.9","PCDHB5","protein_coding","chr5",25.8479019541113,-3.14352180022798,0.668771511818752,-3.40770637907272,-5.29250657476235,1.20651130727398e-07,1.25938927197549e-05,1.66768733333333,0.149590333333333,5,3.7,4.5,63.6,19.2,59.2,0.17,0.11,0.17,2.26,0.69,2.06,"down"
"ENSG00000113532.15","ST8SIA4","protein_coding","chr5",890.748789287343,0.447580905751491,0.0943929675629258,0.48201470693243,5.28655989957428,1.2463801601127e-07,1.29302383481631e-05,15.1267283333333,21.2027023333333,1072.7,1102.4,941.2,766.2,723.5,738.4,21.71,22.4,19.5,15.72,14.76,14.9,"ns"
"ENSG00000145794.18","MEGF10","protein_coding","chr5",85.094545012926,-2.01739753954627,0.438900879349176,-2.19247237741153,-5.24650393880953,1.55012536134567e-07,1.59697173642407e-05,1.99473033333333,0.431704333333333,25,28.5,37,79.6,244.7,95.8,0.35,0.41,0.54,1.14,3.49,1.35,"down"
"ENSG00000155368.20","DBI","protein_coding","chr2",3592.38851999644,-0.244322337926853,0.0507246664162106,-0.260851212354203,-5.2455401086738,1.5582515464812e-07,1.59697173642407e-05,917.141354,767.977975,3263.1,3279.1,3263.5,3738.1,3966.8,4043.8,759.84,766.5,777.6,881.63,930.38,939.41,"ns"
"ENSG00000146373.18","RNF217","protein_coding","chr6",2202.15058705522,0.44128526940483,0.0946533757547247,0.476273433680551,5.21291586518267,1.85895221054372e-07,1.89366758315026e-05,23.7314783333333,33.0762373333333,2499.9,2449.1,2735,2079.5,1861.4,1588.1,31.98,31.44,35.8,26.94,23.98,20.27,"ns"
"ENSG00000123416.17","TUBA1B","protein_coding","chr12",33254.5956463004,-0.174846049894777,0.0359103748700228,-0.184487306488143,-5.18564282687012,2.1527103271599e-07,2.17978033726191e-05,2178.84604266667,1923.186451,31598.5,31730.9,30067.3,34706.5,35129.7,36294.7,1934.96,1950.5,1884.1,2152.54,2166.73,2217.27,"ns"
"ENSG00000187231.16","SESTD1","protein_coding","chr2",779.323836298133,0.429407163627026,0.0931748172591007,0.464103128788796,5.162939405835,2.43101851630475e-07,2.44693589944722e-05,13.3378286666667,18.4684903333333,940.1,926.9,845.4,676.8,657.3,629.6,19.04,18.84,17.52,13.89,13.41,12.71,"ns"
"ENSG00000154864.15","PIEZO2","protein_coding","chr18",25.5265892208815,-3.69268045460834,0.814280378459599,-4.02637459373436,-5.14846999962296,2.62619778389011e-07,2.62775174707585e-05,1.141285,0.0715376666666667,1.8,3.2,3.4,94.7,31.4,18.6,0.04,0.08,0.09,2.25,0.74,0.43,"down"
"ENSG00000240694.11","PNMA2","protein_coding","chr8",65.5775387939376,-1.88364456065961,0.421310037129222,-2.05555735125603,-5.13373611176354,2.84046290641527e-07,2.8254251616166e-05,2.13599166666667,0.531404333333333,13.2,19.8,44.9,99.1,121.6,94.8,0.26,0.41,0.92,2.03,2.47,1.92,"down"
"ENSG00000173530.8","TNFRSF10D","protein_coding","chr8",493.144551360296,0.49708996708143,0.109155311059318,0.538652127709773,5.1285491675233,2.91983644481132e-07,2.88739381764675e-05,10.1044496666667,14.7272266666667,583.1,602.4,567.5,406.2,415.7,384,14.57,15.11,14.5,10.28,10.46,9.57,"ns"
"ENSG00000138835.25","RGS3","protein_coding","chr9",1330.46209246057,0.337085299210522,0.0730515935561647,0.363254811921719,5.12676542566173,2.94762394547177e-07,2.89274705514324e-05,67.9032933333333,87.579713,1545.9,1424.1,1520.2,1123.2,1171.1,1198.2,89.62,82.91,90.21,65.97,68.41,69.33,"ns"
"ENSG00000135378.6","PRRG4","protein_coding","chr11",167.064582987374,0.926098987721414,0.205708269960752,1.00787417310228,5.12601036041613,2.95946327936003e-07,2.89274705514324e-05,1.97178133333333,3.985533,263,194.5,212.6,99.2,114,119,4.65,3.46,3.85,1.78,2.04,2.1,"ns"
"ENSG00000131435.15","PDLIM4","protein_coding","chr5",8587.21735290529,-0.184064962023622,0.0384686580248934,-0.194915112350371,-5.12401796103242,2.99092473091947e-07,2.90669754022117e-05,963.947832666667,844.696923666667,8172.9,7808.2,8042.2,9118.4,9357.6,9023.9,854.41,819.37,860.31,965.44,985.29,941.12,"ns"
"ENSG00000149269.12","PAK1","protein_coding","chr11",3181.92478841103,0.249173881930808,0.0532573353965678,0.266624924428504,5.11619810892706,3.11755619895134e-07,3.01245001852955e-05,94.980481,114.662898333333,3348.9,3565.8,3511.7,2863.6,2986.8,2814.7,109.48,117.02,117.49,94.82,98.34,91.79,"ns"
"ENSG00000110092.6","CCND1","protein_coding","chr11",13338.0278672294,0.194224659500747,0.0409067195656597,0.206160485670616,5.10663111286703,3.27953082965242e-07,3.15095831417173e-05,325.082122333333,376.123676333333,14354.8,14104.4,14408.1,12622.2,12754.1,11784.5,374.44,369.33,384.6,333.48,335.1,306.67,"ns"
"ENSG00000141556.24","TBCD","protein_coding","chr17",2904.08121363739,-0.320474081970535,0.0697583487107843,-0.345439023519354,-5.10170938961334,3.36599337609215e-07,3.21575977343041e-05,95.0576436666667,75.0821556666667,2425.3,2632.5,2615.8,2967.3,3365,3418.6,70.54,76.85,77.86,87.42,98.57,99.18,"ns"
"ENSG00000100994.14","PYGB","protein_coding","chr20",25825.6477841686,0.147722196146206,0.0306093012898146,0.155019969623543,5.08702467114794,3.63724534363885e-07,3.45538307645691e-05,623.656374666667,696.622629333333,26971.5,27655.8,27009.5,24241,24202.9,24873.2,684.29,704.35,701.23,622.91,618.49,629.56,"ns"
"ENSG00000018236.17","CNTN1","protein_coding","chr12",126.69522950191,-1.5865498889864,0.359626540039272,-1.73451746422857,-5.08364192762042,3.70265669708125e-07,3.49787289092983e-05,4.93222866666667,1.48464433333333,81.8,39.6,54.4,183.5,283.4,117.6,2.06,1,1.4,4.67,7.18,2.95,"down"
"ENSG00000104689.12","TNFRSF10A","protein_coding","chr8",154.851505261267,0.860910632955423,0.193225973787063,0.93816151051177,5.07962905164892,3.78172558828436e-07,3.55272109432714e-05,4.04560333333333,7.77063733333333,195.3,212.9,202.4,111.4,96.8,110.4,7.4,8.08,7.84,4.27,3.68,4.18,"ns"
"ENSG00000111817.21","DSE","protein_coding","chr6",321.130398815963,0.611764165733645,0.13682978299404,0.665637203908097,5.07416229936774,3.892067629343e-07,3.63618031006576e-05,5.224659,8.30847733333333,402.1,373.8,405.7,243,266.2,235.9,8.4,7.85,8.68,5.15,5.61,4.91,"ns"
"ENSG00000135245.12","HILPDA","protein_coding","chr7",756.187520816973,0.395744284982249,0.0875512291786202,0.428551543124778,5.07064462768714,3.96470488229357e-07,3.68369008569144e-05,48.2327703333333,65.101579,884.4,852.3,866.3,657.3,646.2,630.7,65.78,63.65,65.87,49.51,48.4,46.79,"ns"
"ENSG00000188916.11","INSYN2A","protein_coding","chr10",21.8320073030275,-3.17162706417224,0.730511005406398,-3.48336738934807,-5.04945404869191,4.43074495911116e-07,4.09420203598741e-05,1.19036033333333,0.126558,6.3,5.2,1.2,38.9,45.4,34.1,0.19,0.16,0.04,1.18,1.37,1.02,"down"
"ENSG00000133067.20","LGR6","protein_coding","chr1",24.4725867899755,-3.04691105154399,0.707710773749108,-3.34671732492867,-5.03250289971631,4.84117281793694e-07,4.4491430625714e-05,1.42172566666667,0.142160666666667,2.2,4.2,7.1,73.6,21.1,38.6,0.06,0.13,0.23,2.36,0.68,1.22,"down"
"ENSG00000133110.17","POSTN","protein_coding","chr13",17.6630386190316,-4.47795870475866,0.970990252969747,-4.88939944085177,-5.01077396313681,5.42115607814451e-07,4.95522969088777e-05,1.28253066666667,0.0525303333333333,2.8,0,1.4,39.1,31.9,30.7,0.1,0,0.05,1.49,1.21,1.15,"down"
"ENSG00000102024.21","PLS3","protein_coding","chrX",4683.3449012625,0.214738713576902,0.0465805119976039,0.229173137189079,5.00610969908829,5.55411116839968e-07,5.04946343320638e-05,118.757583666667,139.601243,5109.3,4974.2,5079,4492.8,4243.4,4201.3,139.85,136.68,142.27,124.56,116.98,114.73,"ns"
"ENSG00000099889.16","ARVCF","protein_coding","chr22",300.216753332105,0.700898277889054,0.160412735379992,0.76569152396123,4.99948356294503,5.74840722087306e-07,5.19815861523869e-05,9.66995966666667,16.494416,398.2,402,334.6,231.5,242.4,192.6,17.22,17.45,14.81,10.14,10.56,8.31,"ns"
"ENSG00000170017.14","ALCAM","protein_coding","chr3",3850.16576187018,0.238260173083578,0.0521843268860337,0.255308511702119,4.99735101416375,5.81232125879842e-07,5.22799747267454e-05,64.4783636666667,77.1804823333333,4319.4,4092.4,4158.2,3646.3,3527.7,3357.1,78.86,75,77.69,67.42,64.87,61.14,"ns"
"ENSG00000206432.5","TMEM200C","protein_coding","chr18",146.727012974928,0.97841292958722,0.225692027272732,1.07114118394784,4.97914574506853,6.38655366107468e-07,5.71410700575518e-05,2.743336,5.77864466666667,186.6,204.5,205.4,100.9,111.1,71.9,5.37,5.91,6.05,2.94,3.22,2.07,"ns"
"ENSG00000142156.18","COL6A1","protein_coding","chr21",6609.67819034628,0.197921546675652,0.0429310838039913,0.2104932206015,4.97598143031887,6.49178709958632e-07,5.77769051863182e-05,160.667834,186.506897,6935.6,7195,7141.6,6111.1,5938.6,6336.1,180.78,188.26,190.49,161.33,155.91,164.76,"ns"
"ENSG00000134138.24","MEIS2","protein_coding","chr15",841.231001034373,-0.402096188303137,0.0914508454158452,-0.437452145007825,-4.96799824072717,6.76475763335665e-07,5.98911264817073e-05,39.4165066666667,29.2088656666667,700.2,750.7,693.2,1002.4,905.9,994.9,28.36,30.53,28.74,41.11,36.94,40.2,"ns"
"ENSG00000011105.16","TSPAN9","protein_coding","chr12",956.052007780836,-0.377670430173854,0.085804726509043,-0.410550821188683,-4.96179447006581,6.98448808870871e-07,6.15144237396168e-05,24.5705306666667,18.5505893333333,830.6,854,779.1,1125.7,1034,1112.9,18.61,19.19,17.85,25.53,23.32,24.86,"ns"
"ENSG00000064989.15","CALCRL","protein_coding","chr2",353.093662238434,-0.78585170793852,0.18294384737621,-0.861637908100672,-4.94980186391555,7.42890719421346e-07,6.50895443803884e-05,10.209948,5.67717666666667,190.9,306.6,257.8,406.6,490.5,466.2,4.26,6.87,5.89,9.19,11.04,10.39,"ns"
"ENSG00000144554.15","FANCD2","protein_coding","chr3",1541.26648552932,-0.368902622122088,0.0845466808186833,-0.401373647791555,-4.92473097193856,8.44764946438221e-07,7.36338930117027e-05,38.2086143333333,29.004676,1387.2,1351.4,1246.2,1898.5,1602.6,1761.7,30.03,29.37,27.61,41.62,34.95,38.05,"ns"
"ENSG00000157111.15","TMEM171","protein_coding","chr5",622.80261479123,0.468842702654806,0.108595340751645,0.511989051042511,4.91612914483272,8.82721774756086e-07,7.65478215955149e-05,39.4164153333333,56.404926,702.9,751.8,741.7,509.4,468.6,562.5,53.66,57.61,57.94,39.39,36.02,42.84,"ns"
"ENSG00000169744.15","LDB2","protein_coding","chr4",29.4766139629687,-2.93409864747433,0.705471798527796,-3.24176999495662,-4.90835797943261,9.18421005474988e-07,7.92372408295002e-05,2.774996,0.30095,9.7,6.3,2.7,27.4,40.7,90,0.45,0.31,0.14,1.46,2.16,4.71,"down"
"ENSG00000171094.19","ALK","protein_coding","chr2",478.303568513969,0.492348135434537,0.114881667952538,0.53844658302478,4.89345628649615,9.90803294299994e-07,8.50481406427051e-05,5.300681,7.72102166666667,547.4,577.1,575.2,405.4,405.4,359.3,7.39,7.82,7.95,5.55,5.51,4.84,"ns"
"ENSG00000114062.24","UBE3A","protein_coding","chr15",2115.50847544629,0.275949105230524,0.0632166850574082,0.298697751394146,4.8608870883485,1.16860897012526e-06,9.98039277011018e-05,49.9344386666667,61.6449726666667,2207.7,2397.9,2396.8,1959.1,1878,1853.5,57.78,62.98,64.18,51.92,49.5,48.38,"ns"
"ENSG00000023287.15","RB1CC1","protein_coding","chr8",1303.52288480796,0.35719357341523,0.0832487522725395,0.389172364382401,4.85049255534519,1.23155256577396e-06,0.000104651024558983,16.1888636666667,21.2842073333333,1347.5,1561.4,1526.9,1165.1,1082.4,1138,19.22,22.35,22.28,16.83,15.55,16.19,"ns"
"ENSG00000132182.15","NUP210","protein_coding","chr3",2181.77212638727,-0.266474946034691,0.0611858445443527,-0.288408750777172,-4.84412130149193,1.27173224247021e-06,0.000107524961100856,36.8396946666667,30.2562723333333,1993.8,1988.9,1911.3,2312.5,2514.2,2370,30.44,30.47,29.85,35.76,38.66,36.1,"ns"
"ENSG00000159713.13","TPPP3","protein_coding","chr16",437.132043334872,-0.512967698193829,0.121909372228209,-0.563110180814182,-4.83352622605405,1.34135598547772e-06,0.000112847411514569,57.4672516666667,39.0954436666667,355.4,369.3,334.5,494.5,508.9,560.3,38.99,40.7,37.6,54.89,56.18,61.34,"ns"
"ENSG00000046774.10","MAGEC2","protein_coding","chrX",53.9496911799466,-1.46175804259163,0.352179966383903,-1.61402170600799,-4.82178208470502,1.42281333608718e-06,0.000119107789669476,3.853961,1.259573,23.1,24.3,32,82.9,69.8,91.6,1.09,1.15,1.54,3.95,3.31,4.3,"down"
"ENSG00000120322.5","PCDHB8","protein_coding","chr5",1448.40663045125,0.276735012803499,0.0645385141439165,0.300350821151801,4.79256499402581,1.64662402141699e-06,0.000137164592128873,46.7649806666667,57.7962196666667,1601.8,1610.2,1584.1,1304.9,1285.2,1304.3,57.4,57.92,58.07,47.33,46.36,46.61,"ns"
"ENSG00000101974.16","ATP11C","protein_coding","chrX",754.495203468482,0.385763428363929,0.0917337625382889,0.422157578821661,4.78973882234382,1.6699853315691e-06,0.000138428686062909,8.525374,11.460577,891.8,855.8,845.3,678.8,635.9,619.4,11.72,11.29,11.37,9.04,8.42,8.12,"ns"
"ENSG00000181790.14","ADGRB1","protein_coding","chr8",12.4066791116416,-0.0555813352084925,0.116616359168855,-3.79322112256731,-4.78555893804545,1.70512138722746e-06,0.000140651720283007,0.688927666666667,0.0499763333333333,1.3,2.1,1.7,20.5,19.5,29.5,0.04,0.06,0.05,0.61,0.58,0.87,"ns"
"ENSG00000057019.18","DCBLD2","protein_coding","chr3",17458.0733234944,-0.198887766076825,0.0453429490913622,-0.213218794025664,-4.77952184642479,1.75712579581499e-06,0.000144237850520541,297.625407666667,257.469579666667,16013.9,16153.8,16342.3,19807.7,18760.9,17669.8,252.68,255.86,263.87,316.56,298.16,278.15,"ns"
"ENSG00000196230.16","TUBB","protein_coding","chr6",40457.2702152765,-0.153298191223182,0.0342400160261055,-0.162327886708171,-4.77150645593211,1.82853118730395e-06,0.000149374214383139,1929.16160866667,1728.87394133333,38769.9,38919.5,36865.7,42694.8,43455.8,42037.9,1740.02,1753.43,1693.17,1940.8,1964.47,1882.22,"ns"
"ENSG00000142798.21","HSPG2","protein_coding","chr1",254.191339782935,-1.25768617035767,0.309790877479814,-1.39383308782985,-4.76958993736158,1.84601311741874e-06,0.000150077316420918,4.32394033333333,1.63297366666667,144,119.2,154.3,600.4,242.8,264.4,1.67,1.39,1.83,7.07,2.84,3.06,"down"
"ENSG00000005020.15","SKAP2","protein_coding","chr7",1046.70746582123,0.33488782767896,0.0797295351434823,0.365848416777212,4.75968088695638,1.93899281896685e-06,0.000156882146261863,21.5992243333333,27.917523,1207.5,1167.7,1161.1,938,940.7,865.3,28.35,27.51,27.89,22.3,22.24,20.26,"ns"
"ENSG00000147065.20","MSN","protein_coding","chrX",12249.9225842484,0.161014381079546,0.0362321223279442,0.170881309467902,4.7547673177938,1.98675102852439e-06,0.00015998076139213,260.463623333333,294.118245666667,12816.6,13179.3,12929.4,11724.3,11668.8,11181.2,287.93,297.2,297.23,266.76,264.04,250.59,"ns"
"ENSG00000143797.14","MBOAT2","protein_coding","chr2",1218.12411179694,0.371401042288063,0.0891914943617218,0.406811281141099,4.7471173042633,2.06336295790064e-06,0.000165362405772985,25.03962,33.288964,1306,1380.3,1479.1,1049.7,1128.9,964.8,31.02,32.9,35.95,25.26,27.01,22.85,"ns"
"ENSG00000119917.16","IFIT3","protein_coding","chr10",179.265893029921,-0.846901904096393,0.208742759267426,-0.937567372197787,-4.74036116799618,2.13337591313481e-06,0.000170166918354291,8.49971233333333,4.468302,101.5,148.5,119.5,229.7,261.4,214.9,3.65,5.35,4.4,8.35,9.45,7.7,"ns"
"ENSG00000184524.8","CEND1","protein_coding","chr11",1439.52547459358,-0.307928673939265,0.0734347537377871,-0.336156013462188,-4.73715452091145,2.16739906782161e-06,0.000172069099703585,127.489399,101.307956,1300.6,1288.8,1229.1,1537.5,1701.2,1579.9,102.6,102.08,99.24,122.87,135.2,124.39,"ns"
"ENSG00000105778.22","AVL9","protein_coding","chr7",1613.2700155334,-0.296633914910747,0.070622271490532,-0.323487033057293,-4.73435953276713,2.19747895463165e-06,0.000173641911788884,33.076077,26.516379,1384.1,1481.1,1433.9,1721,1760.3,1899.3,25.38,27.26,26.91,31.97,32.51,34.75,"ns"
"ENSG00000186832.10","KRT16","protein_coding","chr17",182.896403435208,0.80578655850638,0.198844959837224,0.8916212554854,4.73219953442013,2.22099923988516e-06,0.000174684172774223,9.719595,18.1332816666667,204.2,262.5,246.2,118.1,120.1,146.3,15.44,19.95,19.02,9.03,9.12,11,"ns"
"ENSG00000178573.8","MAF","protein_coding","chr16",18.4046480573271,-2.76900530077585,0.681924505477917,-3.07278957028679,-4.73008847043893,2.24422015688062e-06,0.000175693346540978,0.668307,0.0797023333333333,4.4,2.4,4.9,37.9,21.3,39.5,0.09,0.05,0.1,0.78,0.43,0.8,"down"
"ENSG00000106070.22","GRB10","protein_coding","chr7",5264.61193129958,0.214110006121588,0.0498207164250249,0.230727772468584,4.72397306874462,2.31281058370741e-06,0.000180228695716554,145.625309333333,171.389837333333,5605.2,5568.2,5879.2,5008.6,4915.9,4610.5,167.46,166.99,179.73,151.55,147.91,137.41,"ns"
"ENSG00000206503.17","HLA-A","protein_coding","chr6",10163.5902021511,-0.152561308926749,0.0345047727698973,-0.161927622910574,-4.72284758383567,2.32565143694794e-06,0.000180398008251329,735.150040666667,659.198676333333,9644.3,9628.6,9509,10607.8,10644.5,10947.2,656.76,658.22,662.62,731.64,730.08,743.73,"ns"
"ENSG00000144036.18","EXOC6B","protein_coding","chr2",723.024832358719,0.457543919541155,0.112009306900686,0.504036793260639,4.71403475010823,2.42859218173034e-06,0.000187522802708037,9.262128,13.1946696666667,853.7,924.9,768.1,602.8,642.2,546.5,13.16,14.31,12.12,9.41,9.97,8.41,"ns"
"ENSG00000182022.20","CHST15","protein_coding","chr10",85.777338213793,-1.24404382024054,0.314093703698766,-1.39001515017286,-4.69331953486137,2.68807124338019e-06,0.000206362905229458,3.511692,1.343343,36,41.5,64.7,141.9,104.4,126.2,1.02,1.17,1.84,4.04,2.96,3.54,"down"
"ENSG00000138468.18","SENP7","protein_coding","chr3",351.66719946979,0.577573560906069,0.143416527041825,0.638889263964568,4.69264170503538,2.69699598200534e-06,0.000206362905229458,8.37279566666667,13.1045706666667,408.9,476,401.1,300.3,254.4,269.3,12.4,14.47,12.44,9.21,7.76,8.15,"ns"
"ENSG00000124882.5","EREG","protein_coding","chr4",3022.61859449553,0.232003794590829,0.0548333833288478,0.251218305065065,4.69124216011587,2.71551333879941e-06,0.000206843831347288,54.9398703333333,65.5738383333333,3359.2,3236.7,3259.4,2833,2824.3,2623.2,66.45,64.28,65.99,56.77,56.27,51.78,"ns"
"ENSG00000131941.9","RHPN2","protein_coding","chr19",921.830228664585,-0.41237561308489,0.101322223545742,-0.454314172122616,-4.68928884073115,2.74156176847856e-06,0.000207327065387477,32.979396,24.191673,754.8,875.2,706.9,1018.9,1090.8,1084.4,23.24,27.06,22.27,31.79,33.84,33.31,"ns"
"ENSG00000196611.7","MMP1","protein_coding","chr11",237.718153389443,0.67146889708593,0.167174594432066,0.743645968367,4.68837778020731,2.75379302979269e-06,0.000207327065387477,8.22260566666667,13.8010166666667,295.2,264.3,333,172.2,182.8,178.8,13.56,12.19,15.65,8.01,8.46,8.2,"ns"
"ENSG00000187837.5","H1-2","protein_coding","chr6",599.531205307131,0.44740723149779,0.110193726881015,0.493273587159529,4.68801787726204,2.75863924968553e-06,0.000207327065387477,79.7672523333333,112.59409,750.3,679.9,672.7,504.1,459.2,531,119.48,108.68,109.62,81.31,73.64,84.35,"ns"
"ENSG00000265972.8","TXNIP","protein_coding","chr1",5233.30905120297,0.180761588112518,0.0420108610038207,0.194236345817983,4.68450178122529,2.80641726976862e-06,0.000209984584211449,150.102535333333,172.260082333333,5640.1,5637.2,5479.2,4966.5,4902.8,4774,172.41,172.98,171.4,153.77,150.95,145.59,"ns"
"ENSG00000268790.5","ENSG00000268790","protein_coding","chr19",8.81986231685699,6.8087240966638,2.6505264653824,6.64305994668044,4.67798063338847,2.89713901259597e-06,0.000215061646308112,0,6.76155133333333,11.6,26.1,15.2,0,0,0,4.41,9.89,5.98,0,0,0,"up"
"ENSG00000110446.14","SLC15A3","protein_coding","chr11",130.507006883405,-0.85081572258101,0.21338031007642,-0.944903469304107,-4.67779886836497,2.89970759067117e-06,0.000215061646308112,10.600245,5.518466,98.1,85.7,83.7,165.3,174.5,175.7,6.02,5.28,5.26,10.27,10.79,10.74,"ns"
"ENSG00000099904.18","ZDHHC8","protein_coding","chr22",538.725357923934,0.46425554558164,0.114937298202401,0.512462989068068,4.67470925159366,2.94370358313097e-06,0.000217371299522902,17.9498346666667,25.6985383333333,603,625.1,672,404.3,462.9,465.1,24.24,25.22,27.64,16.46,18.74,18.65,"ns"
"ENSG00000187164.22","SHTN1","protein_coding","chr10",1823.84789531358,-0.296018713114246,0.0717301586384299,-0.323658612345098,-4.66796310835859,3.04200503567426e-06,0.000223653500666312,43.7971116666667,35.1120686666667,1512.9,1678.9,1668.7,2113.6,2041.1,1927.9,32.48,36.19,36.66,45.95,44.14,41.29,"ns"
"ENSG00000022267.21","FHL1","protein_coding","chrX",2024.11678383128,0.288978015848442,0.0702217552895712,0.315908942405229,4.65231354274856,3.28231489074059e-06,0.000239937289468088,76.0414323333333,95.0104883333333,2207.4,2379.2,2149.9,1692.8,1870.7,1844.6,92.58,100.17,92.27,71.91,79.03,77.18,"ns"
"ENSG00000179833.6","SERTAD2","protein_coding","chr2",1676.82484178881,0.331236356056964,0.0811892667347384,0.36345012817014,4.65171452431422,3.29186582830257e-06,0.000239937289468088,25.424714,32.7876773333333,1925.9,1848.6,1885.8,1579.4,1508.2,1313.1,33.17,31.96,33.24,27.55,26.16,22.56,"ns"
"ENSG00000167861.18","HID1","protein_coding","chr17",391.786914504906,0.599124535490767,0.150689466081198,0.664334817473599,4.65006724446233,3.3182682010147e-06,0.000240823670726003,16.829831,26.7242733333333,512.7,466.4,461.3,264.3,287.5,358.6,28.29,25.84,26.05,14.77,15.98,19.74,"ns"
"ENSG00000243943.12","ZNF512","protein_coding","chr2",14.3959676873996,-3.82657604863525,0.914053414567632,-4.23981963389079,-4.64163969244262,3.45655215855168e-06,0.00024914248919453,0.809575,0.042232,1.3,1.4,1.6,21.9,29.3,30.9,0.04,0.04,0.05,0.65,0.87,0.91,"down"
"ENSG00000125398.10","SOX9","protein_coding","chr17",4190.57093448746,-0.18330395515902,0.0430811378555819,-0.197177564643056,-4.64129293719926,3.4623586611895e-06,0.00024914248919453,107.170907,93.7822623333333,3895.9,3969.3,3850.1,4494.6,4490.6,4442.8,92.73,94.84,93.78,108.35,107.66,105.5,"ns"
"ENSG00000272502.1","SNTB1-AS1","lncRNA","chr8",67.1070894084372,-1.2562025336893,0.320417923479577,-1.40068247316138,-4.63328409102016,3.59910098758981e-06,0.000257884736017558,8.99380233333333,3.41726133333333,26.3,45,39.4,100.1,96.9,94.9,2.41,4.13,3.7,9.29,8.96,8.74,"down"
"ENSG00000177707.13","NECTIN3","protein_coding","chr3",2412.95003765214,0.361885144534028,0.0896799288036411,0.39840974423519,4.63228270295794,3.61655843177141e-06,0.000258042207093901,47.5732956666667,62.8417866666667,2796.7,2654.6,2779.3,2378.3,2042.5,1826.3,63.49,60.48,64.55,54.67,46.7,41.35,"ns"
"ENSG00000142949.20","PTPRF","protein_coding","chr1",3956.6993263544,0.226272638101625,0.0544990816680513,0.245520727822284,4.61272831674158,3.97417619116543e-06,0.000282366888204233,48.7582063333333,57.966659,4539,4270,4070.2,3672.7,3558.6,3629.6,60.76,57.38,55.76,49.8,47.99,48.48,"ns"
"ENSG00000163638.14","ADAMTS9","protein_coding","chr3",3696.74297380924,-0.21385585899183,0.0513284463173652,-0.231591181946484,-4.60804979328809,4.06463337377062e-06,0.000287585566319921,60.4114196666667,51.5949103333333,3441.2,3257.8,3499.4,3927.1,3939.9,4114.9,51.75,49.18,53.85,59.82,59.68,61.74,"ns"
"ENSG00000131844.19","MCCC2","protein_coding","chr5",1617.92696816981,-0.263237702250354,0.0647076092643086,-0.287801757200126,-4.58616072840398,4.51471092497865e-06,0.000318099007255788,48.3984236666667,39.7796923333333,1414.9,1496.5,1460.5,1821.8,1777.9,1736,38.27,40.64,40.43,49.91,48.45,46.84,"ns"
"ENSG00000160691.21","SHC1","protein_coding","chr1",6379.82108898206,-0.237591122361081,0.057953730572302,-0.258648909906391,-4.5820284844615,4.6048715093538e-06,0.000323105299681215,261.629191,219.41558,5718,6230.6,5483.6,6943,6646.6,7257.1,214.06,234.12,210.07,263.24,250.61,271.04,"ns"
"ENSG00000100084.16","HIRA","protein_coding","chr22",566.752261536522,0.425816006490829,0.108181405069123,0.471770029633331,4.57577342876805,4.74463823917862e-06,0.000330697349131247,11.0812296666667,15.4264586666667,659,700.8,616.9,465.6,462.2,496,15.3,16.32,14.66,10.95,10.81,11.49,"ns"
"ENSG00000061337.17","LZTS1","protein_coding","chr8",445.14693069559,-0.484488118586762,0.123767987230393,-0.538227839106332,-4.5754407081588,4.75218544286771e-06,0.000330697349131247,8.760525,6.05624666666667,340.4,370.9,377.9,516.7,570.4,494.6,5.62,6.16,6.39,8.64,9.49,8.16,"ns"
"ENSG00000162458.15","FBLIM1","protein_coding","chr1",1410.95283440315,-0.295137616455492,0.0735425660869211,-0.324160759858014,-4.56870260661439,4.90752531707266e-06,0.000339294291390655,69.7030153333333,55.900751,1191,1303.8,1265.8,1498.4,1608.7,1598.1,52.62,57.83,57.26,67.05,71.6,70.46,"ns"
"ENSG00000109685.21","NSD2","protein_coding","chr4",5310.32138046932,0.195487524443041,0.0469901472322912,0.210961085860904,4.56834710714178,4.91585460619222e-06,0.000339294291390655,95.2536586666667,110.590359333333,5542.7,5827.7,5723.2,5131,4834.2,4803.1,106.61,112.52,112.64,99.95,93.64,92.17,"ns"
"ENSG00000074695.8","LMAN1","protein_coding","chr18",2977.48974491825,0.239748391950682,0.0591012124517533,0.261492569861104,4.54607317099199,5.46560420287499e-06,0.000375704744189496,47.95304,57.6392366666667,3292.3,3258.5,3189.3,2875.3,2690,2559.5,57.94,57.55,57.43,51.25,47.68,44.93,"ns"
"ENSG00000255690.3","TRIL","protein_coding","chr7",102.959012011556,-0.946637123045081,0.247628135441291,-1.059819550114,-4.54262981219133,5.55567635726177e-06,0.000380350150612537,2.65326433333333,1.27305366666667,68.4,56.5,74.9,148.4,132.5,137.1,1.3,1.07,1.45,2.85,2.53,2.59,"ns"
"ENSG00000113594.12","LIFR","protein_coding","chr5",643.0080409107,0.429248429485578,0.110227978184719,0.476529704367873,4.54107584076615,5.59678923894958e-06,0.000381619782381602,4.97756833333333,6.95320833333333,691.6,791,763,562.3,560.5,489.6,6.37,7.31,7.19,5.24,5.2,4.5,"ns"
"ENSG00000196353.15","CPNE4","protein_coding","chr3",11.5611026581396,-4.93141942496354,1.15841669544449,-5.46563960882414,-4.53957273861641,5.63683327686383e-06,0.000382806629364528,0.853392,0.0176306666666667,0,0.8,0.6,21.6,22.5,23.9,0,0.03,0.02,0.82,0.85,0.89,"down"
"ENSG00000010278.17","CD9","protein_coding","chr12",4401.93203716157,0.178733394611222,0.0429344422258127,0.192208010749671,4.53807495613567,5.67700831041818e-06,0.000383992842116686,333.648793333333,382.405415,4727.4,4752.8,4605,4113.4,4062.8,4150.2,381.62,385.19,380.4,336.35,330.34,334.26,"ns"
"ENSG00000151320.13","AKAP6","protein_coding","chr14",990.897242493687,0.42582379463052,0.109748748802069,0.472992182050707,4.52860439155572,5.9374545571765e-06,0.000400009388692648,12.3772076666667,17.2153026666667,1262.3,1101.8,1091.4,914.1,850.6,725.1,18.71,16.39,16.54,13.71,12.7,10.72,"ns"
"ENSG00000111907.22","TPD52L1","protein_coding","chr6",324.681961436084,0.601301402491307,0.157344299362178,0.671594479507059,4.52150896990725,6.14003576167526e-06,0.000411069362368306,25.5110806666667,40.8439843333333,421.5,441.7,334.8,243.1,246.5,260.5,42.78,45,34.76,25,25.16,26.38,"ns"
"ENSG00000075340.25","ADD2","protein_coding","chr2",2486.0751285568,0.283084660780444,0.0714154797570577,0.311739931375238,4.52109779517215,6.15197571495672e-06,0.000411069362368306,37.5507486666667,46.7520693333333,2676.3,2808.3,2776.4,2247.4,2387.9,2020,45.03,47.43,47.79,38.29,40.46,33.9,"ns"
"ENSG00000214753.6","HNRNPUL2","protein_coding","chr11",4266.11690181863,0.184045321454174,0.044447095280116,0.197937474031672,4.52032253523227,6.17454867188349e-06,0.000411069362368306,90.4935276666667,104.142961666667,4475.4,4597,4602.5,3880.3,4022.7,4018.9,101.32,104.47,106.63,88.98,91.72,90.77,"ns"
"ENSG00000105971.17","CAV2","protein_coding","chr7",1320.50004600444,0.3280734467599,0.0835922419464213,0.362322225843971,4.51689233571853,6.27537914008692e-06,0.000416143769642627,52.871054,68.2137403333333,1562.8,1555,1340.9,1159.1,1150.9,1154.3,71.14,71.04,62.46,53.42,52.76,52.43,"ns"
"ENSG00000077264.19","PAK3","protein_coding","chrX",1484.87590087432,0.305598118219465,0.0775276099426012,0.336855508607072,4.51468965734329,6.34095535329344e-06,0.00041884982431325,16.7135616666667,21.1567723333333,1656.1,1658.3,1657.2,1425.2,1292.8,1219.6,20.95,21.06,21.46,18.26,16.48,15.4,"ns"
"ENSG00000184486.10","POU3F2","protein_coding","chr6",117.28303045086,-0.863144768619962,0.228826085371661,-0.968547769017012,-4.50175137183908,6.73957937277187e-06,0.000443448588301838,2.84274866666667,1.46011666666667,73.7,90.4,74.3,161.2,149.8,154.4,1.34,1.65,1.38,2.97,2.75,2.81,"ns"
"ENSG00000109452.15","INPP4B","protein_coding","chr4",352.018801455007,0.580654402338257,0.152680561053395,0.648927840262279,4.50046423948697,6.78052117321003e-06,0.000444413228833262,4.62263033333333,7.270706,444.7,447.5,397.8,315,270.8,236.2,7.46,7.53,6.82,5.34,4.57,3.95,"ns"
"ENSG00000185247.15","MAGEA11","protein_coding","chrX",8.07371255523821,-0.0299889510039475,0.0952155922809628,-6.39467786405754,-4.49208553300707,7.05290849569333e-06,0.000460481400240055,0.779733,0,0,0,0,11.1,17.7,19.6,0,0,0,0.54,0.86,0.94,"ns"
"ENSG00000145425.12","RPS3A","protein_coding","chr4",12104.5348013689,0.16748033826208,0.0405095808098155,0.179863205810072,4.48940088579124,7.1423770310662e-06,0.000463065291222917,1371.21812766667,1558.12326733333,13073,13132,12371.8,11090.3,11288.7,11671.4,1570.23,1583.46,1520.69,1349.28,1365.8,1398.58,"ns"
"ENSG00000113580.17","NR3C1","protein_coding","chr5",2609.19378239833,0.275200166388921,0.0697633593548144,0.302613446003648,4.48920428918797,7.14897128745743e-06,0.000463065291222917,32.4394183333333,40.1353403333333,2727.5,2967.7,2950.6,2411.8,2450.4,2147.1,37.63,41.11,41.67,33.71,34.06,29.56,"ns"
"ENSG00000165449.14","SLC16A9","protein_coding","chr10",208.022582038818,-0.637741298259662,0.168838225424331,-0.714517256995383,-4.4882502522484,7.18105443162836e-06,0.000463065291222917,5.56597266666667,3.40478666666667,170.9,154,148.2,259.5,258.2,257.4,3.66,3.31,3.25,5.63,5.56,5.5,"ns"
"ENSG00000206195.12","DUXAP8","lncRNA","chr22",639.450571620699,0.409787141619548,0.106708568288913,0.455839680375131,4.48748206938622,7.20698755029575e-06,0.000463065291222917,39.347649,54.1418446666667,672.2,753.6,792.5,538.1,523.6,556.6,48.78,54.87,58.78,39.53,38.27,40.24,"ns"
"ENSG00000115318.14","LOXL3","protein_coding","chr2",555.174069648388,-0.443158878397468,0.115931076634866,-0.493753604567508,-4.48682015677334,7.22940490141042e-06,0.000463065291222917,24.2574583333333,17.3260373333333,451.7,515.3,418.7,647.4,642.7,655.4,16.8,19.25,15.93,24.39,24.07,24.31,"ns"
"ENSG00000009307.19","CSDE1","protein_coding","chr1",7721.18834851405,0.163526311745738,0.0395847475670042,0.175481117732192,4.47777296943733,7.54257515745168e-06,0.000481301682688709,166.746435,188.858506333333,8288.2,8085,8196.4,7486.5,7180.7,7090.3,189.42,185.48,191.68,173.3,165.29,161.66,"ns"
"ENSG00000198108.5","CHSY3","protein_coding","chr5",26.6177364919452,-1.94504802206095,0.519341422889988,-2.18981389137147,-4.47028940370496,7.81138263648647e-06,0.000496580753319497,1.08763733333333,0.239535333333333,7.1,9.6,12,37.4,48.4,45.3,0.18,0.24,0.3,0.94,1.21,1.12,"down"
"ENSG00000060656.22","PTPRU","protein_coding","chr1",1531.1988225861,-0.382259767938756,0.0998637341529059,-0.425282556052606,-4.46925860041016,7.84911879048738e-06,0.000497110856730867,37.1790556666667,27.8104056666667,1142.9,1421.3,1358.7,1768.5,1601.5,1894.3,24.08,30.06,29.3,37.74,33.98,39.81,"ns"
"ENSG00000130821.19","SLC6A8","protein_coding","chrX",6282.15989387775,0.162941015997567,0.039990024329598,0.174974156632428,4.42032211172643,9.85538860949698e-06,0.000621583456945818,191.730666,217.134428666667,6685.9,6783.8,6519.9,6006.6,5876.8,5820,215.95,219.94,215.51,196.48,191.18,187.53,"ns"
"ENSG00000007171.21","NOS2","protein_coding","chr17",1246.05837761546,-0.275367722225073,0.0712899384537435,-0.304024275911987,-4.4196083795552,9.88799230741721e-06,0.000621583456945818,32.5822516666667,26.477655,1118.1,1125.8,1102.3,1347.9,1423.2,1359.1,26.31,26.59,26.54,32.12,33.73,31.9,"ns"
"ENSG00000141469.20","SLC14A1","protein_coding","chr18",861.755835370524,0.410984425804766,0.109414542529775,0.459064531893002,4.41865714067588,9.93160563000706e-06,0.000622012782234886,41.4044446666667,57.067567,985.1,1030.1,977.4,829.7,644.5,703.8,55.87,58.62,56.71,47.64,36.79,39.78,"ns"
"ENSG00000243156.10","MICAL3","protein_coding","chr22",1282.97751667543,0.36625147874387,0.0969535657704432,0.408025414237456,4.41431248086,1.01331505289911e-05,0.000631676391363623,20.6968133333333,27.540186,1355.8,1504.5,1529.5,1195.7,1139.4,973,25.28,28.16,29.18,22.59,21.4,18.11,"ns"
"ENSG00000163840.11","DTX3L","protein_coding","chr3",538.268089680956,-0.401385643391505,0.106885320611708,-0.448464113247321,-4.41372686256728,1.01606137463575e-05,0.000631676391363623,9.44070566666667,6.94076966666667,441.8,458.4,465.3,653.5,609.5,601.2,6.68,6.95,7.19,9.99,9.28,9.05,"ns"
"ENSG00000145632.17","PLK2","protein_coding","chr5",1082.19610532586,-0.399212821584019,0.106394419836153,-0.446109503915272,-4.41201406336529,1.02413459536241e-05,0.000633030677503363,45.7393723333333,33.654463,885,841.1,1020.7,1388.3,1171.6,1186.6,32.21,30.73,38.02,51.18,42.95,43.09,"ns"
"ENSG00000075218.21","GTSE1","protein_coding","chr22",1360.34642750702,-0.262750217041412,0.067891421387886,-0.28959582621031,-4.41128288135504,1.02759962276e-05,0.000633030677503363,51.9503346666667,42.623706,1222.8,1215.4,1234.3,1460,1533.3,1496.2,42.18,42.1,43.59,51.02,53.3,51.52,"ns"
"ENSG00000169213.9","RAB3B","protein_coding","chr1",432.878799691384,0.539358469164463,0.145557172992218,0.605468586572017,4.41088910287336,1.02947035075946e-05,0.000633030677503363,2.21171766666667,3.37258866666667,500.9,521.3,544.8,403.9,333.3,293.1,3.2,3.35,3.57,2.62,2.15,1.87,"ns"
"ENSG00000163618.20","CADPS","protein_coding","chr3",17.0593676734754,-3.36004273712392,0.898289482810423,-3.79352151386897,-4.40650977318936,1.05049570701561e-05,0.00064361892774036,0.973409333333333,0.064641,2.7,0,4.3,31.7,47.7,16,0.08,0,0.11,0.97,1.46,0.49,"down"
"ENSG00000184575.14","XPOT","protein_coding","chr12",3403.99416503292,0.189420080393162,0.0475961253684492,0.205542379055407,4.39451319901655,1.11021258459443e-05,0.000677750714999707,62.116771,71.8542236666667,3656.7,3647.3,3634.6,3197.3,3217.6,3070.4,71.42,71.5,72.64,63.24,63.28,59.83,"ns"
"ENSG00000173193.17","PARP14","protein_coding","chr3",917.335958576853,-0.30806960944505,0.0811585172362217,-0.342030264891398,-4.39239232969376,1.12110155087617e-05,0.000681936231126475,12.38867,9.806841,810.3,817.5,799.9,1054.8,1021.2,1000.2,9.73,9.86,9.83,12.83,12.35,11.98,"ns"
"ENSG00000137502.12","RAB30","protein_coding","chr11",250.449310720832,-0.945512721641659,0.261573088375553,-1.07016368815646,-4.39029466090219,1.13197164376516e-05,0.000686080304518598,3.94532833333333,1.86937166666667,159.9,184.6,138.4,427.1,383.9,208.8,1.84,2.14,1.63,4.97,4.46,2.4,"ns"
"ENSG00000125845.9","BMP2","protein_coding","chr20",334.911426814851,0.522116000807628,0.141782141018552,0.586761892051867,4.38947284825247,1.13625763609379e-05,0.000686218450940927,7.078311,10.6570723333333,418.9,397.8,389.3,279.1,238,286.4,11.01,10.49,10.47,7.43,6.3,7.51,"ns"
"ENSG00000287431.2","RENO1","lncRNA","chr17",47.723461909303,1.47380163398499,0.4113689229717,1.67066732216869,4.38496726530998,1.16003221544481e-05,0.000698083443529242,0.696950333333333,2.21119566666667,69.2,50.7,97.8,22.1,28,18.5,2.11,1.53,3,0.68,0.84,0.57,"up"
"ENSG00000197535.17","MYO5A","protein_coding","chr15",3429.01834855588,0.297962440808216,0.0785695356133944,0.330503050011484,4.37977240519759,1.18803325378879e-05,0.00071227398833289,33.81758,42.6283373333333,3878.8,3780.4,3798.6,2877.7,3452.2,2786.5,42.91,41.97,43,32.24,38.46,30.75,"ns"
"ENSG00000185112.6","FAM43A","protein_coding","chr3",1007.6338287435,-0.299208768561784,0.078991105761448,-0.332185405278204,-4.37901189163793,1.19218627228398e-05,0.00071227398833289,36.0485286666667,28.7335146666667,863.3,927.4,886.2,1141.8,1108.9,1118.1,27.55,29.71,28.94,36.91,35.64,35.6,"ns"
"ENSG00000139926.18","FRMD6","protein_coding","chr14",1735.94076840446,0.392238496161934,0.105478351446376,0.438698324499548,4.37827024005627,1.19624963149935e-05,0.00071227398833289,30.1872033333333,41.0112573333333,2137.6,1849.8,2005.4,1440.8,1704,1278.1,43.5,37.78,41.75,29.69,34.92,25.94,"ns"
"ENSG00000145780.10","FEM1C","protein_coding","chr5",2270.5786418311,0.24831310435256,0.0648461551315831,0.27365412182489,4.35648699759164,1.32166540466956e-05,0.00078418814010394,35.770008,43.3543646666667,2490.7,2363.5,2599.7,2159.4,2022.6,1987.6,43.06,41.02,45.99,37.81,35.22,34.28,"ns"
"ENSG00000076356.9","PLXNA2","protein_coding","chr1",346.915497908674,0.578539200374743,0.161105038239278,0.653889051673075,4.32599200929739,1.51846927042437e-05,0.000897808229471194,3.390731,5.361503,459.9,348.4,464.9,275.2,285.3,247.7,5.76,4.38,5.95,3.49,3.59,3.09,"ns"
"ENSG00000073792.18","IGF2BP2","protein_coding","chr3",3144.00671492305,-0.216702940263433,0.0564136404553842,-0.237851473161142,-4.32472426608197,1.52722766055109e-05,0.00089984040905641,102.753547333333,87.380322,3004.4,2828.5,2823.2,3525.9,3253.7,3428.3,90.18,85.24,86.73,107.21,98.38,102.67,"ns"
"ENSG00000109084.15","TMEM97","protein_coding","chr17",1125.30716014384,-0.354609103086282,0.0964621891030413,-0.396682101390602,-4.32140724232618,1.55037225809474e-05,0.000910305377929932,56.101283,42.762857,948,1053,915.7,1235.8,1406.2,1193.2,41.34,46.08,40.86,54.6,61.77,51.93,"ns"
"ENSG00000087095.15","NLK","protein_coding","chr17",2333.9790839042,-0.264436594851969,0.0703089212174678,-0.293042808650342,-4.32023935857738,1.55860049257274e-05,0.000911970046000172,57.0033006666667,46.6733026666667,1954,2167.8,2171.7,2660.2,2643.5,2406.6,43.07,47.97,48.98,59.39,58.69,52.93,"ns"
"ENSG00000111145.10","ELK3","protein_coding","chr12",1207.0251963992,0.385082696685004,0.105547833444139,0.432220881382319,4.31650223091437,1.5852107972221e-05,0.000924341882104334,25.1447593333333,34.0284666666667,1429.2,1220.7,1508,1059.7,923.4,1101.2,34.76,29.8,37.53,26.11,22.61,26.71,"ns"
"ENSG00000115355.20","CCDC88A","protein_coding","chr2",2662.4388265862,0.235588528480552,0.0620524762899991,0.25967472007409,4.31206707869195,1.61735346767094e-05,0.000939843544272013,32.388458,38.892255,2954.3,2728.6,3020.2,2399.9,2521.1,2350.5,39.24,36.38,41.05,32.28,33.73,31.15,"ns"
"ENSG00000204381.14","LAYN","protein_coding","chr11",840.084996531094,0.31515357550511,0.0853762088662567,0.351747077432363,4.30725044579534,1.65296419389441e-05,0.000957247415025841,35.381872,45.2718906666667,964.4,909,952.3,753.8,737.8,723.3,45.92,43.45,46.44,36.36,35.42,34.36,"ns"
"ENSG00000100258.20","LMF2","protein_coding","chr22",3008.1816383965,-0.189550274446062,0.049006773528044,-0.206711623388004,-4.2967471767116,1.73322683316712e-05,0.00100030258528519,138.865325333333,120.681504333333,2828.3,2756.5,2793.8,3223.8,3278.7,3167.9,121.11,118.5,122.43,139.83,141.43,135.34,"ns"
"ENSG00000159459.14","UBR1","protein_coding","chr15",993.750848989763,0.505381890143145,0.142191032951434,0.57181306674272,4.28278633136311,1.84567390954488e-05,0.00105947920526022,9.990268,14.9047356666667,1421,1202.6,944.4,864.8,808,721.7,17.68,15.02,12.02,10.89,10.12,8.96,"ns"
"ENSG00000251003.11","ZFPM2-AS1","lncRNA","chr8",9.89798270443029,-0.0402934503965009,0.101914393865499,-5.86672459462261,-4.28247089858573,1.8482931138484e-05,0.00105947920526022,2.53183566666667,0.035648,0,0.8,0,24.7,16.9,16.9,0,0.11,0,3.2,2.21,2.18,"ns"
"ENSG00000137801.13","THBS1","protein_coding","chr15",2910.77456618783,0.248942667437324,0.066601076034128,0.275585763623359,4.2787571348775,1.87939790073523e-05,0.00107157039806959,32.058845,38.9393163333333,3120.5,2972.8,3469.1,2611.3,2620.9,2670,37.76,36.11,42.95,32,31.94,32.23,"ns"
"ENSG00000091409.19","ITGA6","protein_coding","chr2",5052.17412760616,0.178765892461516,0.04622593044741,0.194698323704603,4.27844197457659,1.8820603679874e-05,0.00107157039806959,73.6857713333333,84.586252,5445.8,5319.4,5412.3,4745.9,4875.1,4514.5,84.66,83.01,86.09,74.72,76.33,70.01,"ns"
"ENSG00000250748.7","MSRB3-AS1","lncRNA","chr12",448.673863570533,0.410872979946319,0.114536911915174,0.463051051150391,4.27564733720735,1.90582709555148e-05,0.00108146094583139,48.6105906666667,67.2457673333333,513.2,513.3,533.7,365.5,390.8,375.7,65.68,66.06,70,47.42,50.46,47.96,"ns"
"ENSG00000266709.1","ENSG00000266709","lncRNA","chr17",227.496218075532,0.601760754018925,0.171232505006997,0.683355669241329,4.26649985991119,1.98563619449838e-05,0.00112298020230661,10.499295,16.9271446666667,280.4,301.3,259.8,160.7,169.7,193.2,16.78,18.1,15.91,9.74,10.23,11.53,"ns"
"ENSG00000138623.11","SEMA7A","protein_coding","chr15",114.218375881276,-0.919763637352605,0.265554316582963,-1.05031666269557,-4.26335329329342,2.01381735669544e-05,0.001135121716724,5.027795,2.455581,75,90.6,58.9,130.9,156.6,173.3,2.44,2.96,1.96,4.32,5.14,5.63,"ns"
"ENSG00000167772.14","ANGPTL4","protein_coding","chr19",704.943778159641,0.327604413170735,0.0908750014531833,0.367602617677545,4.24420157664237,2.19373090872632e-05,0.0012291679024861,35.3184046666667,45.7001843333333,794.8,778.6,809.1,620.7,613.3,613.2,45.32,44.57,47.21,35.85,35.23,34.88,"ns"
"ENSG00000149633.14","KIAA1755","protein_coding","chr20",85.8207070056423,-1.44255337287422,0.430782342601989,-1.66096758204342,-4.2440512028126,2.19520228593022e-05,0.0012291679024861,9.42405033333333,3.21209833333333,22.6,75.8,32.6,121.3,161.4,101.3,1.65,5.57,2.41,9,11.89,7.39,"down"
"ENSG00000165434.10","PGM2L1","protein_coding","chr11",1813.47691874106,0.304017200849418,0.0839288918547084,0.340188038267811,4.23896714968679,2.24550510735044e-05,0.00125318453350812,16.9924516666667,21.573567,2054.3,1845.8,2178.1,1724.5,1554.6,1523.6,21.67,19.54,23.51,18.43,16.51,16.03,"ns"
"ENSG00000170667.18","RASA4B","protein_coding","chr7",101.81473278176,-1.08681050026138,0.318067097049916,-1.24513118351525,-4.2347780327197,2.28777570671106e-05,0.00127257523685803,2.74261933333333,1.14069333333333,65.6,58.3,56.1,190.5,148.2,92.1,1.24,1.1,1.08,3.66,2.82,1.74,"down"
"ENSG00000158560.16","DYNC1I1","protein_coding","chr7",66.7662218644682,-1.05573629985122,0.30934596571704,-1.20991547733071,-4.21526460270182,2.4948550085211e-05,0.00138321305554399,3.117366,1.35185666666667,43.7,39.3,38,101.3,80.8,97.6,1.45,1.31,1.29,3.41,2.7,3.24,"down"
"ENSG00000125780.13","TGM3","protein_coding","chr20",96.5218740927426,0.98600066130874,0.288930255617242,1.12876501837439,4.2129132825859,2.52097868600822e-05,0.00139312907125487,2.16368666666667,4.74288266666667,144.9,106.8,145.4,48.7,57.9,75.5,5.15,3.8,5.28,1.75,2.06,2.68,"ns"
"ENSG00000242808.13","SOX2-OT","lncRNA","chr3",3036.74537145337,-0.20382939750239,0.0545184073949026,-0.224199505684218,-4.21068832882427,2.54593784093257e-05,0.00140233905179706,148.604967666667,127.582588333333,2828.3,2828.7,2747.4,3425.9,3238.4,3151.8,127.68,128.17,126.89,156.62,147.24,141.95,"ns"
"ENSG00000092820.21","EZR","protein_coding","chr6",3139.8225124854,0.186591715832482,0.0494974589602245,0.204002951534183,4.19916087817601,2.67905933681027e-05,0.00147087316186564,87.4914896666667,101.09293,3374.1,3368.3,3342.5,2956,2974.6,2823.5,100.56,100.78,101.95,89.23,89.3,83.94,"ns"
"ENSG00000189337.17","KAZN","protein_coding","chr1",218.848305864238,-0.629469015686996,0.183961655927932,-0.719574083443154,-4.19708537176936,2.70372034511761e-05,0.0014796087713896,8.09491566666667,4.93078766666667,160.2,142.9,192.7,269.6,290.3,257.4,4.73,4.23,5.82,8.06,8.64,7.58,"ns"
"ENSG00000120438.14","TCP1","protein_coding","chr6",3177.98775565629,0.185400179806537,0.0492964717300958,0.202790658829188,4.19025442520022,2.78641839375805e-05,0.00151994629156286,138.743485333333,160.214589666667,3320.2,3486.5,3397.2,2925.6,3006.5,2932,154.99,163.38,162.28,138.32,141.36,136.55,"ns"
"ENSG00000137575.14","SDCBP","protein_coding","chr8",2634.41000425654,0.201324900901716,0.0541014938511509,0.22144305443709,4.18886741085182,2.80350130433643e-05,0.00152434749377264,102.1295,119.421587,2922.7,2741.9,2843.1,2430.2,2393.5,2475.1,121.97,114.87,121.43,102.73,100.61,103.05,"ns"
"ENSG00000162430.19","SELENON","protein_coding","chr1",5172.78024411246,-0.18525149609321,0.0495562792835525,-0.203172802314737,-4.17674251741936,2.95713437776241e-05,0.00160272892076802,126.695558,110.366788333333,4883.4,4760.1,4783.8,5824.5,5502,5282.9,111.07,108.68,111.35,134.19,126.04,119.86,"ns"
"ENSG00000135404.14","CD63","protein_coding","chr12",17285.001417571,-0.148526818665955,0.0387039525542564,-0.160435612693421,-4.17511043504004,2.97841531490433e-05,0.00160910552635886,2355.71853433333,2114.88032533333,15947.9,16644.6,16382.4,17717.1,18055.1,18962.9,2047.35,2145.1,2152.2,2303.79,2334.65,2428.71,"ns"
"ENSG00000213626.14","LBH","protein_coding","chr2",228.846889829777,0.681246230607312,0.202086793001719,0.781027441459559,4.16668905819964,3.090555927081e-05,0.00166437263461591,5.82825266666667,9.986582,297.7,294.3,274.3,215.7,142.8,148.4,10.22,10.13,9.61,7.47,4.93,5.08,"ns"
"ENSG00000042493.18","CAPG","protein_coding","chr2",1491.72784281735,0.248784112689753,0.0690096564477427,0.27729953949484,4.16566124723749,3.1045140048456e-05,0.00166658196260124,120.160996,146.083140666667,1668.6,1656.3,1579.4,1401.4,1305.5,1339.2,147.82,147.26,143.17,125.73,116.45,118.3,"ns"
"ENSG00000231925.16","TAPBP","protein_coding","chr6",2249.83989949852,-0.234971531250575,0.0649338353674213,-0.261299699746318,-4.15854168729811,3.20285787261402e-05,0.00171393438689567,69.9749073333333,58.5707233333333,2132,2057,1951.8,2328.6,2483.7,2546,60.48,58.57,56.66,66.91,70.97,72.05,"ns"
"ENSG00000186469.11","GNG2","protein_coding","chr14",621.474945764833,0.360912974192715,0.103965379406338,0.408788587739189,4.15610872461354,3.23713819234908e-05,0.00172681409566634,13.039909,17.372688,720.2,708.1,699,510.3,577.4,513.9,17.49,17.26,17.37,12.55,14.12,12.45,"ns"
"ENSG00000046653.16","GPM6B","protein_coding","chrX",3887.79358282251,-0.288486094087895,0.0814825638357003,-0.323771563182228,-4.15429157647585,3.26296881001362e-05,0.00173511957790347,139.065411,111.428251,3228.9,3457.5,3672,4875.5,4067.5,4025.4,103.22,110.95,120.12,157.86,130.96,128.38,"ns"
"ENSG00000161203.16","AP2M1","protein_coding","chr3",12064.5111440365,-0.124507168292566,0.0321111555423564,-0.133254380665946,-4.15085108947641,3.31241232057448e-05,0.00175458134179111,638.481744666667,583.942658333333,11588.4,11555.2,11380.9,12702.5,12674.6,12485.5,582.77,583.34,585.71,647.03,642.02,626.39,"ns"
"ENSG00000196323.16","ZBTB44","protein_coding","chr11",616.824221601568,0.432403271836338,0.126405985907958,0.492458752670517,4.15030540363461,3.32031951137289e-05,0.00175458134179111,7.644206,10.7872766666667,655.3,766.4,742.2,569.6,519.5,447.9,9.71,11.4,11.25,8.55,7.76,6.62,"ns"
"ENSG00000075035.12","WSCD2","protein_coding","chr12",12.5528325715959,-4.38876279769348,1.17782634117391,-4.9958127820699,-4.14950922625587,3.3318885899506e-05,0.00175520984598332,0.690102,0.023295,1.2,1.3,0,29.8,29.3,13.8,0.03,0.04,0,0.85,0.83,0.39,"down"
"ENSG00000073614.14","KDM5A","protein_coding","chr12",1126.9783402856,0.345478196975932,0.0996786107820311,0.391064984581622,4.14264059766279,3.43329758678735e-05,0.00180301435380665,16.532028,21.7020766666667,1275.3,1288.3,1270.4,1116.3,913.9,897.7,21.46,21.76,21.89,19.03,15.5,15.07,"ns"
"ENSG00000166897.18","ELFN2","protein_coding","chr22",32.9515462162044,-0.0331927997771097,0.0969753407691864,-3.33509007962666,-4.14094675405939,3.45875250272458e-05,0.00180989685688348,0.947551333333333,0.0872486666666667,4.7,5.8,6.1,15.8,150.6,14.7,0.07,0.09,0.1,0.25,2.36,0.23,"ns"
"ENSG00000137203.15","TFAP2A","protein_coding","chr6",48.3272338571833,-1.5487141542092,0.474729433793432,-1.79401958674052,-4.14034693169328,3.46780947149762e-05,0.00180989685688348,2.322558,0.690501666666667,11.2,34.3,20.8,98,63.5,62.2,0.35,1.07,0.66,3.07,1.98,1.92,"down"
"ENSG00000165244.8","ZNF367","protein_coding","chr9",1219.71825901786,0.257733837912808,0.0723872410874984,0.288273877499036,4.13900104523152,3.48821361188091e-05,0.00181494437467403,27.0941853333333,33.192746,1319.2,1359.8,1344.9,1108.3,1126.5,1059.7,32.35,33.48,33.75,27.53,27.83,25.93,"ns"
"ENSG00000151422.16","FER","protein_coding","chr5",917.403403954338,0.366558476891593,0.106347331167252,0.415796331634811,4.13791081890867,3.50482538171868e-05,0.00181799377929027,6.620389,8.86171033333333,1055.3,933.4,1157,831.5,794.6,732.6,8.83,7.85,9.91,7.05,6.7,6.12,"ns"
"ENSG00000143365.22","RORC","protein_coding","chr1",33.9771283250421,-1.55282980447381,0.471688989977343,-1.79526318245799,-4.13680719534185,3.52171778601538e-05,0.0018211696563156,2.102582,0.608982,19.7,11.1,14.9,61.7,56.9,39.6,0.79,0.44,0.6,2.47,2.27,1.57,"down"
"ENSG00000139842.17","CUL4A","protein_coding","chr13",1409.03704308167,0.316535506623761,0.0910185702258658,0.357530629508751,4.13120320272619,3.60869402658195e-05,0.00186045780455795,40.1317246666667,51.4876606666667,1605.3,1521,1619,1390.7,1176,1142.2,51.79,49.24,53.44,45.44,38.2,36.75,"ns"
"ENSG00000107984.11","DKK1","protein_coding","chr10",16979.4077625254,0.134965377240321,0.0349297262442894,0.143495496722227,4.1224924092726,3.74794965132629e-05,0.0019214119690385,1132.11788066667,1254.48405733333,18085.9,17741.8,17641.2,15738.6,16049.5,16619.3,1261.66,1242.44,1259.35,1112.02,1127.71,1156.63,"ns"
"ENSG00000174600.16","CMKLR1","protein_coding","chr12",20.0155043965115,-2.06704053394946,0.623614008850346,-2.38908066466171,-4.12238791005556,3.74965079705916e-05,0.0019214119690385,0.563185666666667,0.108424666666667,7.6,7.9,3.9,36.3,36.8,27.6,0.13,0.13,0.07,0.61,0.62,0.46,"down"
"ENSG00000105810.12","CDK6","protein_coding","chr7",2645.08663354849,-0.223602741898164,0.0622583442885007,-0.248622536922625,-4.117160139996,3.835695598221e-05,0.0019560395639257,21.5326846666667,18.1791103333333,2346.6,2397.7,2508.4,3005.4,2908,2704.4,17.48,17.93,19.12,22.68,21.82,20.1,"ns"
"ENSG00000164597.17","COG5","protein_coding","chr7",1050.96987659798,0.426940319636964,0.12628991784504,0.487430128212864,4.11687984681952,3.8403615329588e-05,0.0019560395639257,20.9515706666667,29.4164066666667,1107.2,1252.8,1318.4,956.6,953.2,717.5,26.31,29.89,32.05,23.03,22.82,17.01,"ns"
"ENSG00000123496.10","IL13RA2","protein_coding","chrX",630.723637768964,0.359853324598727,0.105173897976879,0.408823782544415,4.11520799865736,3.86830425798439e-05,0.00196435510518066,37.610717,50.1194146666667,702.1,763.8,693,526.3,520.9,578.1,48.47,52.93,48.96,36.8,36.22,39.81,"ns"
"ENSG00000065054.16","NHERF2","protein_coding","chr16",2582.81325689698,0.191471869989269,0.0524874638111448,0.210899344435584,4.10470930100104,4.04823612462957e-05,0.00204443464956468,198.352122666667,230.257272666667,2838.8,2717.9,2756.9,2402.3,2422.8,2358.1,233.77,224.68,232.33,200.37,200.96,193.73,"ns"
"ENSG00000205730.7","ITPRIPL2","protein_coding","chr16",1407.63515412109,0.262339976861352,0.0746662659964375,0.294350279359576,4.10459825862266,4.05018100298148e-05,0.00204443464956468,15.418657,18.9651463333333,1529.8,1514.1,1607.9,1257.9,1336.8,1199.4,18.54,18.42,19.94,15.44,16.32,14.5,"ns"
"ENSG00000122133.19","PAEP","protein_coding","chr9",14.3399848433662,-2.78258916915606,0.830023732413646,-3.21343618755084,-4.08986420508629,4.31625818085e-05,0.00217225969756469,4.36331,0.464358,3.9,1.7,2.5,15.8,35.1,27,0.68,0.28,0.43,2.69,5.94,4.46,"down"
"ENSG00000162704.17","ARPC5","protein_coding","chr1",5114.2720327926,0.162207708677226,0.0438107124590964,0.176798551863724,4.08475403212569,4.41235310895276e-05,0.00221403237603534,208.270063666667,236.181628,5359.9,5575.3,5347.9,4908.6,4688,4805.9,231.15,241.38,236.01,214.39,203.65,206.77,"ns"
"ENSG00000116991.14","SIPA1L2","protein_coding","chr1",244.218178395743,-0.618671539482484,0.18891528783011,-0.713983648677558,-4.0808013077726,4.48807085906034e-05,0.00224441386547637,4.39340466666667,2.69234433333333,168.6,170.4,216.5,331.3,321.2,257.3,2.43,2.46,3.19,4.83,4.66,3.7,"ns"
"ENSG00000129353.17","SLC44A2","protein_coding","chr19",3002.97374454274,-0.185842230227683,0.0510708605325668,-0.204266421168894,-4.08021296420505,4.49944589235061e-05,0.00224441386547637,99.3554026666667,86.535897,2803.6,2870.9,2700.4,3257.3,3197.9,3187.8,86.15,88.54,84.92,101.38,98.97,97.71,"ns"
"ENSG00000188157.17","AGRN","protein_coding","chr1",3527.78145627986,-0.251694555650751,0.0719913710099111,-0.2824590802188,-4.07946073814972,4.51402926062892e-05,0.00224506572933044,71.9012483333333,59.3236093333333,3034.3,3511.9,3008.2,3725.3,4095.8,3791.3,56.02,65.1,56.84,69.67,76.18,69.85,"ns"
"ENSG00000126368.7","NR1D1","protein_coding","chr17",2773.79327070557,0.192991445323051,0.0537814728703051,0.213120029001987,4.05305962560234,5.05521115023883e-05,0.00250685104253779,96.6046856666667,112.349868666667,2938.8,3079.7,2917.4,2596.3,2496.3,2614.2,109.87,115.57,111.61,98.31,94,97.5,"ns"
"ENSG00000134250.23","NOTCH2","protein_coding","chr1",2847.19938374919,0.205095242605709,0.0576756226509022,0.227618854173836,4.05174200573873,5.08377054706931e-05,0.00251364210382872,20.271332,23.8122626666667,3069.2,3070.4,3075.4,2725.8,2681,2461.5,23.58,23.68,24.18,21.21,20.75,18.86,"ns"
"ENSG00000111335.15","OAS2","protein_coding","chr12",562.769947587672,-0.353878880416727,0.106075811803027,-0.404147887261136,-4.04140521915969,5.31318555033187e-05,0.00261941596665049,16.8950716666667,12.8128446666667,505.7,487.3,461.1,664.1,627,631.4,13.25,12.83,12.36,17.62,16.55,16.51,"ns"
"ENSG00000138944.9","SHISAL1","protein_coding","chr22",153.600451141296,0.653588377027854,0.203010498001121,0.757085692316648,4.03767299882218,5.3984031701205e-05,0.00265369179089354,1.46057333333333,2.47361466666667,189,190.6,199.4,116.6,124.9,101,2.41,2.43,2.59,1.5,1.6,1.28,"ns"
"ENSG00000073060.19","SCARB1","protein_coding","chr12",3002.80723377918,-0.186879996001163,0.0521389579993309,-0.20618035999431,-4.03687760643131,5.41673096710614e-05,0.0026549832073555,123.612881333333,107.450135,2836.5,2676.7,2850.4,3190.1,3188.9,3274.2,108.33,102.62,111.39,123.4,122.69,124.75,"ns"
"ENSG00000164631.20","ZNF12","protein_coding","chr7",814.07609856207,0.458473710060887,0.140648837862121,0.528411705303583,4.0340510949335,5.48233887281754e-05,0.00267937428726429,16.5313423333333,23.9780423333333,764.6,1001,1121,703.4,671.6,622.9,18.86,24.78,28.3,17.58,16.69,15.33,"ns"
"ENSG00000110400.12","NECTIN1","protein_coding","chr11",653.307814140943,0.417427402249059,0.127240120248475,0.479607814739796,4.0319810575461,5.53086460272799e-05,0.00269530030063776,16.6105373333333,23.286108,635.1,824.8,824.3,538.5,562.2,534.9,19.23,25.08,25.55,16.52,17.15,16.16,"ns"
"ENSG00000146072.8","TNFRSF21","protein_coding","chr6",812.616557095723,-0.324259978090116,0.0968135996139837,-0.369517916477238,-4.03130343532567,5.54683759733571e-05,0.00269531677502721,23.4870556666667,18.2283993333333,725,669,732.8,898.7,983.3,866.9,18.47,17.11,19.11,23.19,25.24,22.03,"ns"
"ENSG00000261780.4","LINC02582","lncRNA","chr18",9186.64232214531,0.186116124987856,0.0520486496249786,0.20548847926245,4.03017772958779,5.57346951097076e-05,0.00270049769141878,271.417414333333,313.848162,9945.5,9969.7,9606.3,8860.4,8847.1,7891,314.4,316.37,310.77,283.7,281.69,248.85,"ns"
"ENSG00000171724.4","VAT1L","protein_coding","chr16",499.403248395322,-0.382286859311321,0.115949500700156,-0.438498098522074,-4.02916060418199,5.59763676048946e-05,0.00270445821771077,14.1332446666667,10.4745553333333,431.8,451,390.6,589.5,577.8,555.8,10.57,11.07,9.78,14.61,14.23,13.56,"ns"
"ENSG00000177119.19","ANO6","protein_coding","chr12",1630.73822214272,0.29317719195297,0.0867516177426606,0.332583932854808,4.02816986900585,5.62127238132789e-05,0.00270814005607563,20.9713006666667,26.4779596666667,1803.4,1854.5,1795.5,1621.9,1389.5,1319.6,26.03,26.88,26.53,23.71,20.2,19,"ns"
"ENSG00000187608.11","ISG15","protein_coding","chr1",610.522507332273,-0.364288497753101,0.110177509827427,-0.417275392122445,-4.0262103371233,5.66829891992071e-05,0.00272303791863236,158.306382666667,118.991195,476.4,562.2,530.2,696.3,669.4,728.6,107.41,127.25,122.32,159.01,152.02,163.88,"ns"
"ENSG00000133135.16","RNF128","protein_coding","chrX",1918.84482900024,0.227404868270531,0.0655131890109953,0.254641579260063,4.01968894568377,5.82750299562511e-05,0.00279158854549634,58.775388,70.3121056666667,2072.9,2031.9,2157.3,1835.7,1745,1670.3,69.18,68.08,73.68,62.05,58.66,55.61,"ns"
"ENSG00000185567.8","AHNAK2","protein_coding","chr14",12335.4333998725,0.152548504918563,0.0412015779679634,0.16379303746859,4.01180933248643,6.02551575812211e-05,0.00287829015451539,125.373033,140.866275666667,13224.3,12978.6,12898.8,11698,11111.5,12101.3,141.65,139.56,141.39,126.92,119.88,129.32,"ns"
"ENSG00000127863.18","TNFRSF19","protein_coding","chr13",182.464166003564,-0.685296487837907,0.217162769856662,-0.798372442698407,-4.00096721604529,6.30840983742514e-05,0.0030049355028411,4.86274666666667,2.812232,131.2,156.3,112.9,264,197.2,233.1,2.74,3.28,2.41,5.58,4.15,4.86,"ns"
"ENSG00000125733.20","TRIP10","protein_coding","chr19",1752.32553455316,0.21427806569167,0.0618188646114822,0.239454749676331,3.99277913163604,6.53033902091475e-05,0.00310191103493451,85.721256,101.523992666667,1886.2,1920.3,1885.8,1575.3,1584,1662.3,100.02,102.22,102.33,84.62,84.6,87.94,"ns"
"ENSG00000120992.20","LYPLA1","protein_coding","chr8",1274.10684306403,0.251615603742007,0.0741294955201328,0.283969972912699,3.99131000950393,6.57093181487559e-05,0.00311244977561754,47.217917,57.6839193333333,1409.4,1418.5,1369.7,1089.5,1166.4,1191.1,57.59,58.19,57.27,45.11,47.99,48.55,"ns"
"ENSG00000170606.18","HSPA4","protein_coding","chr5",6524.78331366242,0.173740259134453,0.0487835687440139,0.191271395645244,3.9874820642703,6.67782510154323e-05,0.00315330403234798,171.499597666667,196.358088333333,7004.2,6907.5,6957.7,6433.5,6078.3,5767.4,195.93,193.97,199.17,182.28,171.26,160.95,"ns"
"ENSG00000135540.14","NHSL1","protein_coding","chr6",1070.8376691858,-0.297328814134592,0.0895795419310412,-0.339066958627254,-3.98689095305939,6.69447751397354e-05,0.00315330403234798,16.496676,13.0742166666667,936.7,966,933.2,1215.5,1089.9,1283.7,12.85,13.29,13.09,16.88,15.05,17.56,"ns"
"ENSG00000104290.13","FZD3","protein_coding","chr8",443.899483780564,0.511974870068051,0.161237233469468,0.594000504516542,3.98341070258511,6.79332047405406e-05,0.00319097358934039,5.92902233333333,9.00945,426.4,573.5,603,350.2,327,383.3,7.11,9.61,10.3,5.92,5.49,6.38,"ns"
"ENSG00000145284.13","SCD5","protein_coding","chr4",3169.86796485202,-0.181855737493434,0.0515213692309553,-0.201066112390255,-3.98062623975308,6.87339504482537e-05,0.00321964294204978,102.186858333333,89.1979223333333,2839.5,3035.3,2973.9,3461.6,3346.1,3362.9,85.09,91.31,91.19,105.04,100.99,100.54,"ns"
"ENSG00000128274.19","A4GALT","protein_coding","chr22",391.177737340149,0.428965917410068,0.133794766131148,0.495705338198491,3.97866901016199,6.93021393651604e-05,0.0032372905432731,17.4287126666667,24.6967156666667,469.7,490.1,414.6,334.8,329,308.8,25.1,26.31,22.68,18.15,17.7,16.44,"ns"
"ENSG00000138496.19","PARP9","protein_coding","chr3",511.626444756851,-0.380162649396331,0.11762852990912,-0.438029349260689,-3.97543361949802,7.02511374397612e-05,0.00327258053472827,13.7271893333333,10.157655,460.2,400,443,624,561,581.6,10.67,9.31,10.5,14.65,13.1,13.44,"ns"
"ENSG00000163788.16","SNRK","protein_coding","chr3",9058.62402410378,0.134260993773016,0.0366611172556914,0.145014290328979,3.96868004102083,7.22718431002713e-05,0.00335746391985052,152.858184,169.54569,9704.9,9537,9300.8,8541.1,8736,8532.1,171.42,169.11,168.11,152.81,155.42,150.35,"ns"
"ENSG00000008300.17","CELSR3","protein_coding","chr3",773.480371540964,-0.356101881352961,0.11035813115518,-0.409910458420057,-3.95784995200052,7.56274389879824e-05,0.00349434000751528,10.5725473333333,7.97580066666667,625.6,689.4,676.2,779,917.6,953,7.45,8.24,8.24,9.39,11,11.32,"ns"
"ENSG00000285292.1","ABCF2-H2BK1","protein_coding","chr7",11.596529094744,3.50704808625981,1.08463602681385,4.09051938773676,3.95760198949129,7.57059661121908e-05,0.00349434000751528,0.058478,0.955541,15.7,20.8,29.2,0,0,3.9,0.69,0.88,1.3,0,0,0.18,"up"
"ENSG00000146242.11","TPBG","protein_coding","chr6",1217.94242414878,0.248193977302118,0.0738822709138113,0.280599035550692,3.95718520772763,7.58381302636373e-05,0.00349434000751528,34.0634093333333,41.505814,1375.2,1343.5,1289.9,1131.8,1074,1093.2,42.34,41.53,40.65,35.3,33.31,33.58,"ns"
"ENSG00000105894.15","PTN","protein_coding","chr7",4640.60479721088,0.156192280469853,0.0436277230646347,0.170721330700024,3.9560354886246,7.6203845483642e-05,0.00350164953024018,296.742621666667,335.142463,4843.9,5045.6,4856.6,4309.2,4344.9,4443.5,327.33,342.26,335.84,294.94,295.73,299.56,"ns"
"ENSG00000130856.19","ZNF236","protein_coding","chr18",362.352644828064,0.659275906515633,0.212783857162758,0.77060751468941,3.95409463850483,7.68249986884799e-05,0.00352062527865093,4.210938,7.21196666666667,334.1,516.1,520.4,284,213.5,306,5.22,8.09,8.32,4.5,3.37,4.77,"ns"
"ENSG00000125968.12","ID1","protein_coding","chr20",913.588060487956,0.301870437493369,0.0921948608379148,0.345002255439333,3.94925643193971,7.83943345652995e-05,0.00358283296621409,94.59908,120.47189,1057.6,970.3,1038.2,810.7,748.9,855.9,123.54,113.78,124.1,95.92,88.11,99.76,"ns"
"ENSG00000164283.14","ESM1","protein_coding","chr5",122.770730202179,0.779213990428385,0.253271430315668,0.913044297414115,3.9441833342637,8.00723843087446e-05,0.00364272598141317,3.500467,6.61712266666667,189.8,164.5,127.3,90,85.8,79.3,7.76,6.76,5.33,3.73,3.54,3.24,"ns"
"ENSG00000130589.16","HELZ2","protein_coding","chr20",1074.65621892673,-0.294039970184705,0.0898933976438175,-0.336404032464765,-3.94399400153939,8.01356632220993e-05,0.00364272598141317,15.010932,11.9209086666667,950.5,870.9,1026.8,1172,1175.3,1252.5,11.83,10.87,13.06,14.76,14.73,15.54,"ns"
"ENSG00000240476.3","LINC00973","lncRNA","chr3",929.929240934975,0.292520269539465,0.0895022078027911,0.334310971624389,3.937045425948,8.2490996020379e-05,0.00373973925658072,68.9694853333333,87.2431103333333,1054.1,1072.9,985.4,860,836.8,770.4,87.86,89.79,84.08,72.6,70.26,64.05,"ns"
"ENSG00000072110.19","ACTN1","protein_coding","chr14",7264.45255149683,0.168893883078358,0.0479309477152704,0.185695381863778,3.93540442365709,8.30567134487719e-05,0.00375531824710891,225.675769333333,257.408448333333,8063.5,7493.5,7636.3,7095.5,6572.4,6725.5,266.11,248.25,257.87,237.15,218.45,221.42,"ns"
"ENSG00000197467.18","COL13A1","protein_coding","chr10",546.307956862793,-0.457598379668003,0.146402635848315,-0.532890573606072,-3.92916210902588,8.52423620186827e-05,0.00384386224462913,32.4308706666667,22.5135733333333,451.3,362.2,526.2,663.6,622.1,652.5,22.52,18.15,26.87,33.54,31.27,32.48,"ns"
"ENSG00000162873.17","KLHDC8A","protein_coding","chr1",1230.2583610282,-0.270679340429583,0.0823811641843423,-0.308449729804549,-3.92833638816419,8.55355124174883e-05,0.00384682317813757,46.3150383333333,37.5230376666667,1114.3,1152.6,1032.1,1387.8,1412.7,1282,37.68,39.14,35.75,47.55,48.13,43.27,"ns"
"ENSG00000176165.14","FOXG1","protein_coding","chr14",1223.622135037,0.256755658804905,0.0776710199433616,0.29160221122675,3.92478821866628,8.68060721837769e-05,0.00388403426769388,31.4253273333333,38.600493,1324.9,1400.4,1315.8,1070.6,1066.5,1163.5,37.63,39.92,38.25,30.8,30.51,32.97,"ns"
"ENSG00000186716.23","BCR","protein_coding","chr22",596.311044314638,0.352666971255728,0.110544860046576,0.406853097625335,3.9247432418894,8.682229173201e-05,0.00388403426769388,11.0217656666667,14.6794136666667,670.1,726.4,644.3,485.6,548.3,503.1,14.34,15.59,14.11,10.52,11.81,10.74,"ns"
"ENSG00000172757.14","CFL1","protein_coding","chr11",12842.680785403,-0.126457838573743,0.0349247144184457,-0.136543906489829,-3.91308515287779,9.11243830788563e-05,0.0040657343479247,1433.27185266667,1307.99693766667,12211.1,12334.6,12160.3,13375.8,13146.7,13827.6,1293.74,1311.85,1318.41,1435.34,1402.94,1461.53,"ns"
"ENSG00000101825.9","MXRA5","protein_coding","chrX",20.536974031909,-1.90371231143844,0.629416325442402,-2.2484140752988,-3.90919417114644,9.26045098143466e-05,0.00412090068673842,0.307358,0.0649996666666667,11.3,5.7,4.6,32,40,29.7,0.1,0.05,0.04,0.29,0.36,0.27,"down"
"ENSG00000182836.12","PLCXD3","protein_coding","chr5",23.5453291218199,1.78079473118851,0.60082856869614,2.11095194309268,3.9051967712791,9.41487458553141e-05,0.00417862281473323,0.130287333333333,0.516692333333333,46.2,34.7,31.8,6.1,9.4,13,0.63,0.47,0.44,0.08,0.13,0.18,"up"
"ENSG00000109971.16","HSPA8","protein_coding","chr11",43023.0440294761,0.10994029318736,0.029814915075617,0.116716044168395,3.90008033667686,9.61607743941561e-05,0.00425675051048476,1666.87425966667,1812.74320766667,45108.2,45418.9,43763.7,41364.8,41703.9,40778.8,1810.56,1830.08,1797.58,1681.66,1686.05,1632.92,"ns"
"ENSG00000164434.13","FABP7","protein_coding","chr6",862.207751890361,-0.270972766156302,0.0833840938717731,-0.309554772748131,-3.89789343319006,9.70330969694367e-05,0.00428415057376808,117.375427,94.986594,787.6,755.4,767.1,965.3,943,954.9,96.29,92.71,95.96,119.53,116.12,116.47,"ns"
"ENSG00000197858.14","GPAA1","protein_coding","chr8",1896.73571697421,-0.227358290314533,0.0684661672282311,-0.257050259780704,-3.89524480643857,9.80995987389017e-05,0.00431995889238236,107.649181333333,90.369031,1778.6,1785.7,1621.7,2044.6,2002.5,2147.3,92.19,92.9,86.02,107.36,104.55,111.04,"ns"
"ENSG00000029153.17","BMAL2","protein_coding","chr12",1327.30724460791,0.260715666788739,0.079869333582206,0.29676040530904,3.89197520363577,9.94314092572783e-05,0.00435934327941829,20.2640646666667,24.9497143333333,1446.6,1466.9,1475,1280.1,1102.7,1192.6,24.45,24.89,25.51,21.91,18.77,20.11,"ns"
"ENSG00000070961.19","ATP2B1","protein_coding","chr12",3194.7491256005,0.293738614571315,0.0914592070749277,0.336955580833958,3.89178465185862,9.95095509080698e-05,0.00435934327941829,43.8663733333333,55.5507823333333,3847.2,3458,3390.4,2855.1,2450.8,3167,59.43,53.63,53.6,44.67,38.13,48.8,"ns"
"ENSG00000157483.11","MYO1E","protein_coding","chr15",1114.21404274279,0.357337364471238,0.113781346147573,0.41394678222797,3.88977919839482,0.000100335472448612,0.00438416754290965,23.0680596666667,30.783365,1302.4,1155.2,1359.1,1105.2,892.2,871.1,31.21,27.8,33.33,26.84,21.53,20.84,"ns"
"ENSG00000089199.12","CHGB","protein_coding","chr20",223.791095219425,-0.561114522463192,0.184692685043541,-0.659003929346659,-3.88769927685628,0.00010119889611456,0.00441049828169385,10.558957,6.713179,165.3,181.6,174,302.5,288.4,231,6.33,6.98,6.83,11.74,11.13,8.81,"ns"
"ENSG00000178695.6","KCTD12","protein_coding","chr13",174.263709428259,-0.563359473010055,0.185692514917738,-0.661911746977207,-3.88367053194589,0.000102891308170806,0.00447273013153814,3.01509866666667,1.91277133333333,129.6,140.6,134.9,210.6,211.8,218.2,1.82,1.98,1.94,2.99,3,3.06,"ns"
"ENSG00000179051.16","RCC2","protein_coding","chr1",1528.77359349543,-0.2333216644559,0.0709878591911121,-0.264536629096235,-3.87473207443318,0.00010674207518693,0.00462822690105383,38.419965,32.0773216666667,1400.4,1389.1,1377.5,1761,1579.3,1665.4,32.05,31.92,32.26,40.82,36.41,38.03,"ns"
"ENSG00000070087.17","PFN2","protein_coding","chr3",3028.61989849905,-0.193863604363352,0.0574443408813889,-0.21689837485947,-3.87354588537605,0.000107263199857496,0.00463892764601089,164.826666,142.262773,2811.9,2670.9,2919.3,3156.3,3235.4,3377.9,141.51,134.93,150.34,160.89,164,169.59,"ns"
"ENSG00000100644.19","HIF1A","protein_coding","chr14",12380.9878853074,-0.14135940934353,0.0400372033469479,-0.154072471828114,-3.87149062974648,0.000108171816323289,0.004666289321497,300.485131,270.895513333333,11651,11951.9,11560.4,12657.8,13597.4,12867.4,266.87,274.82,270.99,293.67,313.72,294.06,"ns"
"ENSG00000168610.19","STAT3","protein_coding","chr17",3297.69826687297,-0.218677531427286,0.0663160150747396,-0.247415712148187,-3.86321816288148,0.000111902984852968,0.00481496049329185,71.130901,60.0937023333333,2937.5,3107.9,3000.6,3352.7,3896.4,3491.1,58.02,61.61,60.65,67.08,77.52,68.79,"ns"
"ENSG00000135631.19","RAB11FIP5","protein_coding","chr2",1587.76392858777,0.236295909377364,0.0723456768645275,0.268305646784297,3.86119558118397,0.000112833534453303,0.00484267783656183,28.9992473333333,35.0248416666667,1813.4,1718.2,1673.9,1497,1465.1,1359.1,36.29,34.51,34.28,30.34,29.53,27.13,"ns"
"ENSG00000152127.11","MGAT5","protein_coding","chr2",1290.87689789981,0.292774505726092,0.0923502279491499,0.336936966118804,3.85743490550756,0.000114583180804715,0.00490532047444993,13.237928,16.75652,1427.6,1359.2,1534.4,1263,1087.5,1073.5,16.45,15.72,18.1,14.74,12.62,12.35,"ns"
"ENSG00000166851.17","PLK1","protein_coding","chr16",2330.74010424112,-0.197342730654165,0.0590495444060326,-0.221410395985255,-3.85335710022929,0.000116509273198965,0.0049751813378649,119.098040666667,102.488825333333,2099.2,2225.6,2133.4,2479.4,2609.1,2437.7,99.03,105.42,103.02,118.5,124.02,114.78,"ns"
"ENSG00000105552.17","BCAT2","protein_coding","chr19",475.646940711398,-0.351627945996272,0.113473241278985,-0.408687306717385,-3.85230252685306,0.000117012332150554,0.00498407691855384,38.6656996666667,29.2012756666667,429.5,392,404.4,538.3,541.4,548.3,30.43,27.85,29.32,38.61,38.64,38.75,"ns"
"ENSG00000186951.19","PPARA","protein_coding","chr22",496.356138013327,0.437312117792088,0.143913693439495,0.511926007250431,3.85096090274282,0.000117655282633802,0.00499887143049647,8.01804666666667,11.4691553333333,538.3,592.3,619.4,403.7,474.3,350.2,10.49,11.58,12.34,7.96,9.3,6.8,"ns"
"ENSG00000023445.19","BIRC3","protein_coding","chr11",88.508866991715,-0.905696096583582,0.309953018868354,-1.07652536861832,-3.84693327615078,0.000119605525052974,0.00506899606176889,2.12216533333333,1.01106,55.8,61,53.8,86.3,124.4,149.7,0.99,1.08,0.97,1.53,2.21,2.63,"ns"
"ENSG00000271122.2","HERPUD2-AS1","lncRNA","chr7",254.09442708989,0.529336831356409,0.177062042900834,0.623476901462993,3.84123887541833,0.000122414914063149,0.00517509049201964,4.125329,6.37011033333333,338.9,288.6,296.9,226.4,201.8,171.9,6.95,5.93,6.23,4.7,4.16,3.52,"ns"
"ENSG00000100412.19","ACO2","protein_coding","chr22",2706.1144619654,-0.170885767504027,0.0502616408296331,-0.189647552059674,-3.83949112409235,0.000123289586356729,0.00519906958925759,105.719502666667,93.0080223333333,2503.3,2554.9,2528.1,2884.1,2923,2843.3,91.26,93.47,94.29,106.47,107.3,103.39,"ns"
"ENSG00000181444.15","ZNF467","protein_coding","chr7",109.454005040714,-0.74282916108408,0.252859749046684,-0.881234222554124,-3.83782973750968,0.000124126496222945,0.00522134092320897,6.232986,3.39696733333333,90.4,62.8,78.1,140,145.4,140.1,3.95,2.75,3.49,6.19,6.4,6.11,"ns"
"ENSG00000145388.17","METTL14","protein_coding","chr4",481.502988696372,-0.428942783981713,0.142214093512187,-0.503432657485435,-3.83363676254967,0.000126262549119695,0.00529801415785124,18.6462053333333,13.166094,379.3,415,399.8,595.5,626.9,472.4,12.43,13.67,13.41,19.79,20.7,15.45,"ns"
"ENSG00000125148.9","MT2A","protein_coding","chr16",2376.3137019037,-0.179741605129424,0.0534854196371098,-0.200707951402138,-3.83241416446923,0.000126891879348306,0.0053112417816333,1122.56305666667,979.873804333333,2252.1,2218.9,2163.6,2535.5,2521.2,2566.7,989.09,978.17,972.36,1127.85,1115.29,1124.55,"ns"
"ENSG00000174780.19","SRP72","protein_coding","chr4",2157.49315082593,0.213258485430511,0.0650911552345338,0.241096227624816,3.83043749663046,0.000127915623581581,0.00534087208583836,81.6984986666667,96.8550596666667,2295.4,2401.8,2315.5,2019.9,2062.5,1849.9,94.26,99,97.3,84,85.31,75.78,"ns"
"ENSG00000150961.17","SEC24D","protein_coding","chr4",1382.26112764679,0.266962480438308,0.0845377782069204,0.306715416258035,3.81697523196559,0.000135097726024948,0.00562685356424105,27.2121883333333,33.740863,1525.7,1512.3,1547.6,1323.4,1275.9,1108.7,33.37,33.2,34.65,29.33,28.11,24.2,"ns"
"ENSG00000096433.13","ITPR3","protein_coding","chr6",7799.66771822183,0.142846069373187,0.0412889309356821,0.156456307166882,3.81511312352949,0.000136120561569488,0.00565552505194115,79.597628,88.9846886666667,8232.3,8360.6,8076,7518.3,7516.3,7094.6,88.3,90.02,88.64,81.68,81.21,75.91,"ns"
"ENSG00000186298.13","PPP1CC","protein_coding","chr12",3393.84038437945,0.208460263014517,0.0637791699737372,0.235487063825742,3.81339150595593,0.000137072713694216,0.00568112644257155,125.530651333333,148.359103,3389.5,3855.3,3767.9,3222,2990.6,3137.8,135.73,154.97,154.38,130.66,120.6,125.33,"ns"
"ENSG00000082781.14","ITGB5","protein_coding","chr3",1366.81531122734,0.305055657049087,0.0988129894303815,0.353597654219793,3.80397326681722,0.000142393553912002,0.00588722493068939,50.3727483333333,64.5816996666667,1678.8,1343.3,1577.4,1147.4,1168.1,1285.8,70.06,56.3,67.39,48.49,49.1,53.53,"ns"
"ENSG00000198910.16","L1CAM","protein_coding","chrX",1526.05473801782,-0.31218036200937,0.101567194051433,-0.362663814268646,-3.80204819133376,0.000143504804327351,0.00591869814920856,41.077521,32.0942693333333,1207.5,1245.8,1552.8,1698.6,1667.2,1784.4,28.73,29.75,37.8,40.93,39.95,42.35,"ns"
"ENSG00000189403.17","HMGB1","protein_coding","chr13",8249.01637581844,-0.132768011473838,0.0380480198454846,-0.144035408358733,-3.79759769537219,0.000146105199332779,0.00601128691172089,531.591160333333,482.630939333333,7830.3,8062.4,7623.4,8611.3,8682.3,8684.5,477.86,493.93,476.11,532.3,533.73,528.74,"ns"
"ENSG00000110492.19","MDK","protein_coding","chr11",1682.81556636376,-0.228519104281034,0.0716008492345932,-0.261151956745377,-3.79560620809987,0.000147283124650497,0.00604504281029103,260.048716666667,217.691706,1529,1504.1,1559,1703.2,1898.4,1903.2,215.47,212.78,224.82,243.11,269.47,267.57,"ns"
"ENSG00000061676.18","NCKAP1","protein_coding","chr2",3331.78568302312,0.162857183924664,0.0483104913121255,0.180481139660669,3.79131562926413,0.000149851370140611,0.00613556094207683,61.5153396666667,69.925674,3577.3,3480.9,3561,3211.3,3073.7,3086.6,70.03,68.41,71.34,63.67,60.6,60.28,"ns"
"ENSG00000143776.22","CDC42BPA","protein_coding","chr1",2647.45449986093,0.223943445293015,0.069836254496412,0.254628165355454,3.78790264290653,0.000151924354693338,0.00620541265184625,23.0589773333333,27.5850796666667,2813.3,2864.7,2962.8,2598.8,2436.5,2208.7,26.69,27.29,28.77,24.98,23.29,20.91,"ns"
"ENSG00000131459.15","GFPT2","protein_coding","chr5",2742.95342454273,0.197574483769369,0.0605930231103307,0.22274185277096,3.78343340551467,0.000154679724362437,0.00630273286498506,84.6139246666667,99.0529216666667,3113.4,2972,2779.3,2564.8,2559,2469.2,103.47,99.16,94.53,86.32,85.67,81.85,"ns"
"ENSG00000116005.14","PCYOX1","protein_coding","chr2",1680.5091444502,0.220273183079088,0.0688195140998753,0.250572375262847,3.77991006974285,0.000156885013093122,0.00637110123075793,25.950965,30.9730096666667,1838.7,1884.8,1756.6,1611.8,1511.2,1480,30.9,31.8,30.21,27.45,25.59,24.81,"ns"
"ENSG00000018189.15","RUFY3","protein_coding","chr4",678.269008433548,-0.367487740730066,0.122874824049657,-0.43116264062652,-3.77955144672552,0.00015711113029131,0.00637110123075793,28.7706976666667,21.38593,558.3,542.3,630.3,680.2,824.3,834.2,20.5,19.97,23.69,25.28,30.47,30.56,"ns"
"ENSG00000166173.12","LARP6","protein_coding","chr15",1012.70941289323,0.287946496723932,0.0936558022221486,0.333655255777779,3.77666146310716,0.000158944535829199,0.00642440265123653,53.1059143333333,67.194808,1145.1,1193,1051.4,826.4,936.4,924,67.53,70.6,63.45,49.35,55.63,54.35,"ns"
"ENSG00000116132.13","PRRX1","protein_coding","chr1",2196.60286230381,0.235043444367663,0.0742488310115835,0.268742510385856,3.77628416197273,0.000159185376160148,0.00642440265123653,55.5300323333333,67.1072313333333,2442.4,2476.9,2284.1,1961.5,2162.1,1852.6,67.67,68.89,64.76,55.04,60.34,51.21,"ns"
"ENSG00000198431.19","TXNRD1","protein_coding","chr12",4027.97781478181,0.161782693972579,0.0481130835278631,0.17897632538533,3.77395363853262,0.000160680633707474,0.00645227599421351,121.199578333333,137.610867666667,4448.8,4209.9,4174.6,3823,3805.9,3705.8,141.86,134.76,136.21,123.46,122.24,117.9,"ns"
"ENSG00000171346.17","KRT15","protein_coding","chr17",139.496829902726,0.716746246041313,0.251639812966061,0.856263988601929,3.77358881018311,0.00016091589960199,0.00645227599421351,6.51191,11.9164796666667,146,224.6,169.7,109.7,99.2,87.8,9.59,14.8,11.36,7.26,6.52,5.76,"ns"
"ENSG00000107372.15","ZFAND5","protein_coding","chr9",2882.79027351878,-0.169986386399034,0.0509926352509177,-0.189017054601101,-3.77342641747303,0.000161020725580018,0.00645227599421351,164.253651333333,144.518627333333,2651.9,2737.9,2693.4,3156.9,3017.5,3039.1,140.97,146.08,146.51,169.99,161.59,161.19,"ns"
"ENSG00000140525.22","FANCI","protein_coding","chr15",3124.63702584289,0.213548112882223,0.0666224274358989,0.242530178912021,3.77023835943165,0.000163091705137176,0.0065198126096209,67.61772,80.2122856666667,3324.8,3323.7,3509.5,3115,2776.4,2698.5,78.03,78.31,84.3,74.05,65.63,63.18,"ns"
"ENSG00000170873.21","MTSS1","protein_coding","chr8",396.252253084535,-0.500270991685969,0.173007083780297,-0.594507061801573,-3.76810417311796,0.000164492060271433,0.00654879111455617,16.427404,10.9876296666667,364.2,242.5,343.4,457.9,501.3,468.2,12.52,8.37,12.08,15.92,17.33,16.03,"ns"
"ENSG00000115415.23","STAT1","protein_coding","chr2",2728.06999040958,-0.221183977823216,0.0696418345006153,-0.252622807428933,-3.76795381651808,0.000164591142737219,0.00654879111455617,66.525833,55.984579,2507,2411.2,2550.3,3195.2,2982,2722.7,55.87,53.94,58.15,72.11,66.93,60.53,"ns"
"ENSG00000185585.22","OLFML2A","protein_coding","chr9",665.76409635409,0.374131076510774,0.125934613635384,0.439611461044584,3.76609346644309,0.000165821736704552,0.00658226659078397,8.17424733333333,11.1166376666667,730.7,743.4,824.7,619.8,594.6,481.4,10.5,10.72,12.13,9.02,8.6,6.9,"ns"
"ENSG00000171206.19","TRIM8","protein_coding","chr10",1504.33262181294,0.207442090314231,0.064559301326112,0.235156920098187,3.7643246128044,0.000166999830568882,0.00661350617077236,48.6370883333333,57.4202233333333,1612.6,1634.4,1632.7,1388.3,1350.5,1407.5,56.4,57.41,58.45,49.19,47.59,49.13,"ns"
"ENSG00000251011.6","TMEM108-AS1","lncRNA","chr3",5.40937330846563,-0.0188735773982336,0.090426342070488,-5.79664942278949,-3.76364027312207,0.00016745772409152,0.00661614512707383,0.691316333333333,0,0,0,0,6.8,15.7,9.9,0,0,0,0.44,1.01,0.63,"ns"
"ENSG00000141456.18","PELP1","protein_coding","chr17",1487.7229334712,-0.238101670214592,0.0758993999519627,-0.273125974325261,-3.76116119512669,0.000169126389863393,0.00666649709228432,51.0802176666667,42.3900163333333,1354.5,1401.5,1287,1725.1,1617.1,1541.2,42.23,43.88,41.06,54.48,50.81,47.95,"ns"
"ENSG00000095752.7","IL11","protein_coding","chr19",1436.11305840451,0.210748405040392,0.0658676535716295,0.239299732592661,3.75969054936216,0.000170123658939314,0.00668854395846616,59.4336706666667,70.3680246666667,1563.4,1580.4,1521.8,1315.6,1330.2,1305.3,70.1,71.17,69.84,59.79,60.11,58.4,"ns"
"ENSG00000182087.16","TMEM259","protein_coding","chr19",4330.73930610604,-0.156914576973924,0.0468051881330621,-0.173745737612031,-3.75917174634025,0.000170476785694791,0.00668854395846616,194.409679666667,172.911381333333,3985.3,3996.4,4227.7,4506.5,4623.5,4645.1,167.75,168.87,182.11,192.13,196.03,195.07,"ns"
"ENSG00000184897.7","H1-10","protein_coding","chr3",5261.51522208467,0.148657993882833,0.0440110040385938,0.163762218973309,3.755808955817,0.000172782462782219,0.00676331353159104,396.203953333333,445.221787333333,5646.3,5483.1,5549.3,4851.7,4892.4,5146.3,448.13,436.84,450.69,389.99,391.14,407.48,"ns"
"ENSG00000130940.16","CASZ1","protein_coding","chr1",366.102013268146,-0.532070617055911,0.185916971927237,-0.634536743039844,-3.7537680341926,0.000174196076521102,0.0068028998936994,8.25149766666667,5.31601933333333,266,278,315.1,548.6,432.2,356.6,4.89,5.13,5.93,10.21,8,6.54,"ns"
"ENSG00000186960.15","LINC01551","lncRNA","chr14",283.609201659527,0.45933255887023,0.158549138076942,0.544751288575132,3.75137109961306,0.000175870164527425,0.00685245272386812,24.252064,35.4960416666667,305.1,332.7,371.7,238.3,217.3,236.6,31.87,34.88,39.73,25.25,22.89,24.62,"ns"
"ENSG00000257923.14","CUX1","protein_coding","chr7",1228.74153558085,-0.251280375105063,0.0810838809633686,-0.289631285497302,-3.75049262188316,0.000176487498394893,0.00686069792610951,36.0755526666667,29.5905253333333,1158.4,1078.6,1079.8,1395.5,1262.1,1398.1,30.72,28.73,29.32,37.5,33.72,37.01,"ns"
"ENSG00000117020.20","AKT3","protein_coding","chr1",1273.80453607336,0.301590160466631,0.0999524894175186,0.351515095311617,3.74555124594571,0.000179998097873352,0.0069771638538372,16.429928,21.0235246666667,1585.1,1329.7,1370.9,1123.8,1212.9,1020.4,23.13,19.47,20.47,16.61,17.83,14.85,"ns"
"ENSG00000213047.15","DENND1B","protein_coding","chr1",230.674624791245,0.508317528369996,0.177391621388099,0.605143469713552,3.7451183887299,0.000180308728807029,0.0069771638538372,2.810409,4.29098,264.3,273,297.7,159.8,201.1,188.2,4.04,4.18,4.65,2.47,3.09,2.87,"ns"
"ENSG00000108518.10","PFN1","protein_coding","chr17",12479.5129638256,-0.1215969852732,0.035234085637335,-0.131791088344017,-3.73786524307908,0.000185589368122402,0.00716510551358405,2090.90565533333,1914.51337766667,11760.3,12182.4,11789.1,12786.8,13292.5,13066,1873.48,1948.18,1921.88,2063.23,2132.88,2076.6,"ns"
"ENSG00000120738.9","EGR1","protein_coding","chr5",2354.75001191259,0.192484909250097,0.0598456227421633,0.217366511306728,3.73440940422463,0.000188156205493789,0.007247657027107,65.3717076666667,76.2531603333333,2505.4,2658.9,2432.9,2232.3,2147.5,2151.6,74.78,79.67,74.31,67.47,64.56,64.08,"ns"
"ENSG00000116747.15","RO60","protein_coding","chr1",964.981665851717,0.290174675805418,0.0965041688771051,0.338164915445271,3.72565618844888,0.000194807782495054,0.00747236178968284,14.4366036666667,18.302812,1072.2,1116.4,1043.7,851.1,774.7,931.7,18.05,18.87,17.99,14.52,13.13,15.65,"ns"
"ENSG00000143384.15","MCL1","protein_coding","chr1",6626.55520282318,0.134581729079062,0.0395294897091017,0.146700329227633,3.72557106543775,0.000194873539281498,0.00747236178968284,156.447059333333,173.734467,6776.1,7019.4,7093.4,6345.3,6324.5,6200.6,167.53,174.21,179.46,158.9,157.5,152.95,"ns"
"ENSG00000103257.12","SLC7A5","protein_coding","chr16",996.742532935545,-0.256059778006228,0.083700423549219,-0.296134998761818,-3.72406852476098,0.000196037677799793,0.00749999351039481,23.5812773333333,19.2657673333333,860.1,939.2,885.7,1134.1,1055.4,1106,18.34,20.11,19.34,24.52,22.69,23.54,"ns"
"ENSG00000120694.22","HSPH1","protein_coding","chr13",4149.95171505139,0.165355259052484,0.0504789512645164,0.184439264311704,3.71505786740862,0.000203157196958634,0.00775482663785668,97.9921993333333,111.681429666667,4300.6,4458.8,4483.9,4063.7,3741.6,3851.1,107.81,112.21,115.03,103.18,94.48,96.32,"ns"
"ENSG00000088538.15","DOCK3","protein_coding","chr3",93.9000310610104,0.748322510063511,0.270210044306267,0.900816041607377,3.71433529733617,0.0002037385122365,0.0077595005448631,1.55338033333333,2.90114433333333,106.7,143.5,116.9,66.3,64.4,65.6,2.51,3.39,2.8,1.57,1.53,1.55,"ns"
"ENSG00000072071.19","ADGRL1","protein_coding","chr19",1413.16793862755,-0.241902750145947,0.0787528426783067,-0.278975161207459,-3.71337491429686,0.000204513569371053,0.0077715156361,28.488299,23.5355803333333,1311.2,1292.8,1226.5,1612,1432.7,1603.8,23.95,23.72,22.94,29.85,26.37,29.25,"ns"
"ENSG00000102466.17","FGF14","protein_coding","chr13",14.6143068752357,-0.0304420851850181,0.0952903981764802,-3.28360110416048,-3.71159471336589,0.000205957573800945,0.00780883984971746,0.538275333333333,0.063645,2.3,0.7,6.2,27.7,38,12.7,0.05,0.01,0.13,0.57,0.79,0.26,"ns"
"ENSG00000133985.5","TTC9","protein_coding","chr14",40.3364514649294,-1.18601585360804,0.433664625790748,-1.43631653604862,-3.70913662687511,0.000207967189753559,0.00786739413586732,2.154115,0.797057333333333,24,14.6,26.6,60.6,64.3,52,0.87,0.53,0.99,2.23,2.35,1.88,"down"
"ENSG00000171867.20","PRNP","protein_coding","chr20",5257.52748597343,0.132776080017689,0.039143253430221,0.144643604957601,3.70728712116722,0.000209491384919698,0.00790736455132165,183.688162,203.695457666667,5513.7,5552.2,5497,5037.4,4938.6,5006.3,201.61,203.79,205.69,186.56,181.89,182.62,"ns"
"ENSG00000162522.13","NHSL3","protein_coding","chr1",940.323827149931,0.254146983296186,0.0835715145165804,0.294152297699433,3.70463499656007,0.000211695343351552,0.00797275780862972,16.1538906666667,19.870312,1004.3,1043.1,1060.3,846.7,876.3,811.2,19.08,19.91,20.62,16.3,16.79,15.38,"ns"
"ENSG00000169871.15","TRIM56","protein_coding","chr7",1638.84367952151,-0.222844803509851,0.0719589759041946,-0.25563684486757,-3.69913688068748,0.000216333911088532,0.00811143874100052,20.14364,16.9227316666667,1489.6,1428.2,1562.9,1704,1774.2,1874.1,16.72,16.09,17.95,19.38,20.06,20.99,"ns"
"ENSG00000106976.24","DNM1","protein_coding","chr9",1446.44215123837,-0.308459736671071,0.104743986848223,-0.362150881112829,-3.69913324238083,0.000216337011956903,0.00811143874100052,117.487683666667,91.760453,1326.2,1328.8,1144.4,1420.4,1788.7,1670.2,95.31,95.83,84.15,103.37,129.4,119.7,"ns"
"ENSG00000148935.14","GAS2","protein_coding","chr11",14.1040606348386,-2.60772552446772,0.953165568881326,-3.17646810220277,-3.69838121663307,0.000216978847601844,0.00811703370750945,1.91695666666667,0.242340333333333,3.8,5.7,0,20.6,32.8,21.7,0.29,0.43,0,1.6,2.52,1.63,"down"
"ENSG00000116191.21","RALGPS2","protein_coding","chr1",555.487976584326,0.572610492075666,0.206668820841636,0.688384767103011,3.69783487141225,0.000217446260762967,0.00811703370750945,7.55639766666667,12.1389936666667,735.1,669,647,332.8,353.9,595.2,12.94,11.83,11.65,5.93,6.27,10.46,"ns"
"ENSG00000169908.14","TM4SF1","protein_coding","chr3",8353.14966452641,-0.130992605030601,0.0388676675659586,-0.143141899420804,-3.69274014598134,0.000221850680411193,0.00826320485848738,538.471763,489.116245333333,8171.7,7932.8,7714.2,8697.7,8705.5,8897,499.01,486.28,482.06,537.95,535.45,542.01,"ns"
"ENSG00000014216.18","CAPN1","protein_coding","chr11",2448.64930360087,0.174309871553882,0.0541320395465555,0.195742841945629,3.69211788191673,0.000222394334219494,0.00826524877286074,88.8787153333333,102.124785,2624.3,2631.6,2587.6,2257.4,2233.9,2357,101.6,102.26,102.51,88.5,87.12,91.02,"ns"
"ENSG00000196581.13","AJAP1","protein_coding","chr1",26.3644670829734,-1.70345387962112,0.626519371386598,-2.06814084001387,-3.68934619842484,0.000224831099279565,0.00833748659828389,1.599362,0.380225666666667,2.6,13.9,13.8,44.7,50,33.2,0.1,0.52,0.52,1.69,1.88,1.24,"down"
"ENSG00000107554.19","DNMBP","protein_coding","chr10",2198.77669071399,-0.190931013335467,0.0603427367283516,-0.216395043234628,-3.68734265799245,0.000226608122392213,0.00838499638873593,36.183881,31.2330376666667,2043,1931.7,2126,2355,2382.2,2354.7,31.09,29.51,33.11,36.3,36.51,35.75,"ns"
"ENSG00000091844.10","RGS17","protein_coding","chr6",325.123400808299,-0.407078371035786,0.1436554686344,-0.485518358787345,-3.68653064950016,0.000227332073693391,0.00839341783003327,7.99770566666667,5.72226333333333,269.9,259.8,282.3,382.4,406.4,349.9,5.66,5.45,6.05,8.11,8.57,7.32,"ns"
"ENSG00000125741.7","OPA3","protein_coding","chr19",553.456253156966,-0.342175127274056,0.118844457643833,-0.405004683910437,-3.67707723871026,0.000235921621935166,0.0086729820041807,11.2771833333333,8.53449533333333,485.5,459.9,482.5,608.8,700.5,583.6,8.62,8.21,8.77,10.96,12.52,10.35,"ns"
"ENSG00000145390.14","USP53","protein_coding","chr4",952.032050060113,0.365458995326839,0.127918462070428,0.433700439695046,3.67628854147122,0.00023665184366929,0.0086729820041807,14.679757,19.8636733333333,1018.2,1090.4,1171.7,757.2,967.5,707.1,18.32,19.69,21.58,13.8,17.54,12.7,"ns"
"ENSG00000126777.20","KTN1","protein_coding","chr14",8848.91398607882,-0.127341355495447,0.0378304713132885,-0.138887170060289,-3.67606532235287,0.00023685889762553,0.0086729820041807,178.415757333333,162.553489,8346.1,8284.1,8636.6,9108.9,9254.1,9463.7,159.61,159.03,169.02,176.44,178.25,180.56,"ns"
"ENSG00000137177.21","KIF13A","protein_coding","chr6",1652.83787302015,0.206515245175855,0.0664170335093384,0.235802185096349,3.67596122912235,0.000236955510699674,0.0086729820041807,26.6794143333333,31.524824,1712.9,1823.1,1826.9,1469.7,1552,1532.3,29.93,31.99,32.66,26.01,27.31,26.71,"ns"
"ENSG00000072803.20","FBXW11","protein_coding","chr5",1978.32671054283,0.191663526891632,0.0608680821040209,0.217377901207283,3.67481017312601,0.000238026319626886,0.00869335867147007,41.1997216666667,48.057689,2116.8,2161.7,2103.7,1909,1802.7,1776,47.39,48.58,48.2,43.29,40.65,39.66,"ns"
"ENSG00000267041.7","ZNF850","protein_coding","chr19",281.621693944841,0.592762552727183,0.217652278790702,0.716193867090758,3.6687041538653,0.000243782982999554,0.00888441862612598,3.41157733333333,5.67503066666667,265.1,460.2,328.7,221.2,215.4,199.1,4.24,7.4,5.38,3.58,3.47,3.18,"ns"
"ENSG00000167703.17","SLC43A2","protein_coding","chr17",255.483535246653,-0.440445904357696,0.15785070341389,-0.527866625897889,-3.66770704707399,0.000244735355419333,0.00889994593578694,9.467516,6.58509433333333,222.7,208.2,197,313.4,294.7,296.8,6.95,6.52,6.28,9.91,9.26,9.23,"ns"
"ENSG00000102996.7","MMP15","protein_coding","chr16",221.573100146978,-0.481852288131625,0.174210402122893,-0.579380053516224,-3.6658136567765,0.000246553413742843,0.00894682022830789,6.680631,4.48938566666667,180.9,193.8,159,258.1,267,270.7,4.53,4.86,4.07,6.55,6.74,6.76,"ns"
"ENSG00000113163.20","CERT1","protein_coding","chr5",864.731743718472,0.31852480455074,0.110118070992656,0.375767574753293,3.66520475131659,0.000247140779824195,0.00894893059277759,16.041886,20.9012926666667,892.1,938.4,1099.9,760.8,794,703.2,18.91,19.95,23.84,16.33,16.94,14.86,"ns"
"ENSG00000092758.20","COL9A3","protein_coding","chr20",16545.9358596764,-0.141526837935164,0.0429083176434977,-0.156106580751259,-3.66343847928529,0.000248852006076242,0.00899163979219926,955.780789333333,860.634823,15439.9,15551.3,15961.3,17370.4,16617.7,18335,841.29,850.62,889.99,958.65,912.02,996.68,"ns"
"ENSG00000108771.15","DHX58","protein_coding","chr17",205.546428753651,-0.516856938929131,0.188552557566858,-0.623386947154753,-3.66106084464142,0.000251173095612355,0.0090561557501171,12.0345126666667,7.856077,158.6,182.9,144.8,234.1,269.3,243.6,7.64,8.82,7.11,11.4,13.03,11.68,"ns"
"ENSG00000136720.8","HS6ST1","protein_coding","chr2",486.342934752675,-0.330141167847174,0.115566501746692,-0.391312321350265,-3.64924586095234,0.000263011292528119,0.00946281054606489,14.231529,10.875331,422.8,401.1,438,578,531.8,546.4,10.83,10.32,11.48,15.01,13.72,13.97,"ns"
"ENSG00000266074.12","BAHCC1","protein_coding","chr17",801.284091345762,0.353530987720163,0.124957220526311,0.420263087974903,3.645339321348,0.00026703922051711,0.00958733167504104,10.69762,14.3544636666667,1031.3,838,882.7,719.1,740.5,596,16,13.05,14.01,11.3,11.57,9.22,"ns"
"ENSG00000115758.16","ODC1","protein_coding","chr2",13176.9891832383,0.130068942774102,0.0393088564332738,0.142771422988271,3.64082356387401,0.000271767333119342,0.0097364101759493,556.144296,615.838246666667,14400.5,13695.9,13389.9,12447.5,12373,12755.1,635.71,606.92,604.89,556.56,550.13,561.74,"ns"
"ENSG00000142731.13","PLK4","protein_coding","chr4",826.305671187963,0.361055811440904,0.128455875724067,0.430275525305676,3.63902996819734,0.000273666954323518,0.00978373826133336,25.1970853333333,34.1462716666667,833.7,884,1129.4,709.5,668,733.2,29.69,31.6,41.15,25.59,23.96,26.05,"ns"
"ENSG00000172037.16","LAMB2","protein_coding","chr3",6002.2504290912,-0.167418542592932,0.0526968422254112,-0.188094041638485,-3.6361433429469,0.000276750369854443,0.00987309863763423,236.708143666667,208.472858666667,5407.8,5772.6,5653.9,6457.5,6018.6,6703,199.1,213.32,213,240.77,223.16,246.19,"ns"
"ENSG00000177943.16","MAMDC4","protein_coding","chr9",258.540575384461,-0.488064451317486,0.179962607791179,-0.590111496834658,-3.6292272461918,0.000284270914539483,0.0101200445576056,11.4611273333333,7.62762433333333,187.1,208.4,222.7,284.5,287.6,360.9,6.86,7.67,8.35,10.57,10.62,13.2,"ns"
"ENSG00000187240.19","DYNC2H1","protein_coding","chr11",391.62294857956,0.373039674134397,0.134538925326542,0.446585554434547,3.61839263129441,0.000296438434718587,0.0104967710479052,5.67127233333333,7.75889666666667,408.7,460.6,486.1,342.2,324.1,328,6.96,7.86,8.46,5.89,5.55,5.57,"ns"
"ENSG00000184194.8","GPR173","protein_coding","chrX",100.955001577686,-0.710649551335544,0.270210028979923,-0.868864101863168,-3.61836856445765,0.000296465997315671,0.0104967710479052,3.01565633333333,1.649639,77.5,75.4,61.3,140.6,111.2,139.7,1.77,1.73,1.44,3.28,2.57,3.2,"ns"
"ENSG00000187555.19","USP7","protein_coding","chr16",2384.0849176919,0.267544381461268,0.0919344305564372,0.313344407164202,3.61815093272198,0.000296715349550484,0.0104967710479052,47.2372606666667,58.9143423333333,2487.9,3020.5,2422.2,2161.7,2233.1,1979.2,54.97,67,54.77,48.38,49.7,43.63,"ns"
"ENSG00000110395.9","CBL","protein_coding","chr11",2076.29454367319,0.19409972818388,0.0631812313307238,0.221585952381328,3.61724627230176,0.000297753973921333,0.0105115233799786,14.5972636666667,17.0722223333333,2258.3,2263.2,2185.7,2026.1,1883.3,1841.2,17.09,17.19,16.93,15.53,14.36,13.91,"ns"
"ENSG00000240184.8","PCDHGC3","protein_coding","chr5",11310.6224684541,-0.121729257050523,0.0366438924187314,-0.132619585399861,-3.61660455540037,0.000298492780868688,0.0105156519260198,278.050466333333,254.440077333333,10653.8,11060.7,10659.8,11795.2,11588.6,12105.7,248.97,259.45,254.9,279.17,272.77,282.21,"ns"
"ENSG00000168386.20","FILIP1L","protein_coding","chr3",127.881484544188,-0.634277894523314,0.239503878313862,-0.773547692361623,-3.61532919451734,0.000299966200101266,0.0105455892800674,4.211746,2.47852633333333,101.6,88.1,93.3,179.6,167.4,137.2,2.64,2.31,2.49,4.72,4.37,3.55,"ns"
"ENSG00000068305.21","MEF2A","protein_coding","chr15",1671.82501709577,0.301529881089362,0.105992945335747,0.356812608414215,3.61231459570289,0.000303476076792581,0.0106468474244036,28.6382176666667,36.7616596666667,1868.5,2037.8,1726.9,1419.4,1680.9,1297.5,36.27,39.71,34.3,27.91,32.87,25.13,"ns"
"ENSG00000213903.11","LTB4R","protein_coding","chr14",269.104487509091,-0.502009356591249,0.187737683898573,-0.609560781932825,-3.60949294492268,0.000306796117345226,0.0107410400503266,8.138146,5.331034,217.2,202.4,217.9,358,359.4,259.7,5.4,5.05,5.54,8.99,9,6.43,"ns"
"ENSG00000087086.18","FTL","protein_coding","chr19",6365.79513456208,0.150883622523397,0.0471163771001402,0.168040492931236,3.60736420171785,0.000309323336557184,0.0108037576818952,810.720253666667,913.677674666667,6755.9,7053.3,6402.2,6084,5968.4,5930.9,908.29,951.92,880.82,828.45,808.22,795.49,"ns"
"ENSG00000105605.9","CACNG7","protein_coding","chr19",469.480398414274,0.335996250561014,0.120190881484204,0.400503072504846,3.60690980039972,0.000309865314944955,0.0108037576818952,15.263593,20.207828,522.9,537,542.5,409.4,373.1,432.1,19.6,20.21,20.81,15.54,14.09,16.16,"ns"
"ENSG00000048540.18","LMO3","protein_coding","chr12",15.7690143080103,-2.20494248379093,0.84175835401649,-2.71198127505861,-3.60279793074665,0.000314810253349719,0.010953583094946,0.914849666666667,0.142089666666667,4,3.9,4.8,31.5,37.1,13.3,0.13,0.13,0.16,1.06,1.24,0.44,"down"
"ENSG00000132530.19","XAF1","protein_coding","chr17",188.364890756572,-0.636767486112975,0.243527349942136,-0.779365350545373,-3.59876584515247,0.000319730903611801,0.011101949856418,9.36847466666667,5.47693333333333,130.8,125.2,159.6,266.9,271.7,176.1,5.13,4.92,6.38,10.55,10.68,6.87,"ns"
"ENSG00000137965.13","IFI44","protein_coding","chr1",500.871260168577,-0.340777214779313,0.12302396871167,-0.407633244462223,-3.59622844862211,0.00032286428531084,0.0111711499664973,39.446738,29.8715073333333,433.6,469.8,389.8,592.6,550.3,569.1,29.79,32.41,27.41,41.24,38.08,39.02,"ns"
"ENSG00000102174.11","PHEX","protein_coding","chrX",263.208945479371,0.43514821722799,0.161367256386122,0.525909921297742,3.59608274482785,0.000323045081822423,0.0111711499664973,6.419399,9.282971,339.5,312.4,280.8,217,213.3,216.2,10.05,9.29,8.51,6.51,6.36,6.39,"ns"
"ENSG00000150893.12","FREM2","protein_coding","chr13",1503.27184996192,-0.330062861499067,0.118863238501168,-0.394406422589419,-3.59245705754261,0.000327574648413321,0.0113046679687128,8.99691533333333,6.859339,1255.2,1333.3,1308.3,2048.8,1617.9,1456.1,6.57,7,7.01,10.86,8.53,7.6,"ns"
"ENSG00000130726.14","TRIM28","protein_coding","chr19",6741.44613272386,-0.144940324798319,0.045311048503165,-0.161082812144217,-3.58664258141437,0.000334962946486166,0.0115360965887598,312.227403,280.183315666667,6273.9,6435.7,6386.5,6809.6,7101.1,7441.8,273.66,281.81,285.08,300.85,311.98,323.85,"ns"
"ENSG00000229619.6","MBNL1-AS1","lncRNA","chr3",91.4682633378322,0.734296138358148,0.283928041699647,0.901286814623936,3.58464409172964,0.000337538175760141,0.0116011596587479,3.23731433333333,6.092305,140,100.8,117.1,66.8,57.7,66.4,7.08,5.13,6.06,3.42,2.93,3.36,"ns"
"ENSG00000179826.8","MRGPRX3","protein_coding","chr11",35.605582190341,-1.35680772244555,0.535431639699928,-1.67936394666491,-3.57598735646423,0.000348908515054147,0.011963628245078,3.61221166666667,1.14525033333333,20.3,7.3,23.1,41.3,57.9,63.8,1.35,0.49,1.6,2.75,3.87,4.22,"down"
"ENSG00000160972.12","PPP1R16A","protein_coding","chr8",1102.23563834053,-0.277399017151358,0.0980065870727717,-0.328189259678727,-3.5755448484478,0.000349499252103403,0.011963628245078,62.0600033333333,49.5970593333333,968.1,1049,916.5,1236.3,1329.7,1113.8,48.67,52.96,47.16,62.98,67.33,55.86,"ns"
"ENSG00000073712.17","FERMT2","protein_coding","chr14",821.215587969131,0.27247051019216,0.0958867668307596,0.321668879305294,3.57488218765001,0.000350385637228092,0.0119697396475294,19.3685213333333,24.2623116666667,869.5,936.1,931.2,785.8,712.1,692.7,22.91,24.75,25.12,20.99,18.9,18.22,"ns"
"ENSG00000058091.19","CDK14","protein_coding","chr7",656.735944341514,0.277435300546643,0.098162423659497,0.32819106832806,3.5689903835927,0.000358359577527429,0.0122174605967517,10.6977856666667,13.4719786666667,745.5,709.3,738.2,557.8,600.9,588.7,13.62,13.01,13.79,10.31,11.06,10.72,"ns"
"ENSG00000063015.22","SEZ6","protein_coding","chr17",11.5815417933475,-0.037112599569621,0.0992394373876007,-2.74191892908491,-3.56813410705689,0.000359532483182871,0.0122327852930027,0.625400666666667,0.092426,1.5,2.6,4.8,26.6,17.1,16.9,0.05,0.08,0.15,0.83,0.53,0.52,"ns"
"ENSG00000129226.16","CD68","protein_coding","chr17",1645.6875043524,0.245014288809672,0.0849558216295898,0.287097653127679,3.56732660383955,0.000360641868463658,0.0122458915576716,110.788025666667,135.643946666667,1849.8,1933.6,1645.5,1537.7,1527.3,1380.1,137.47,144.3,125.16,115.73,114.32,102.31,"ns"
"ENSG00000102109.11","PCSK1N","protein_coding","chrX",471.812359697089,-0.340675725752239,0.124744191946275,-0.409137852217409,-3.5659233582267,0.00036257733007861,0.0122869391816218,75.918468,57.3773763333333,429,416.5,371.2,549.6,504.7,559.9,60.19,58.66,53.29,78.09,71.31,78.36,"ns"
"ENSG00000164068.18","RNF123","protein_coding","chr3",830.328856887477,-0.255546780376804,0.0895883084701977,-0.300915337957412,-3.56116586832098,0.000369211742140118,0.0124712538419516,23.8423473333333,19.4125363333333,746.4,762.3,723.3,896.6,888,965.4,19.3,19.79,19.15,23.49,23.13,24.91,"ns"
"ENSG00000169258.9","GPRIN1","protein_coding","chr5",761.33556050146,0.268653992731832,0.0949177393923176,0.31739588471284,3.56096714681016,0.000369491317257111,0.0124712538419516,15.9584046666667,19.9431856666667,892.5,823.3,818.4,674.5,654,705.3,20.89,19.34,19.6,15.99,15.42,16.47,"ns"
"ENSG00000101265.18","RASSF2","protein_coding","chr20",457.439042293879,0.365446278046139,0.135343939829518,0.440519928347714,3.55943348344479,0.000371655647936376,0.0125193167462233,6.53414966666667,8.89339066666667,480.6,515.4,584,418.1,360.9,385.5,8.04,8.65,9.99,7.09,6.08,6.44,"ns"
"ENSG00000275708.1","MIR3648-1","miRNA","chr21",168.009506669449,0.560536917720746,0.216866794227828,0.687326833506111,3.55747399789073,0.000374438151949068,0.0125879704760611,366.671695666667,592.943565,191.3,247.5,183.4,129.6,124.6,131.6,542.39,704.35,532.09,372.1,355.84,372.07,"ns"
"ENSG00000233098.11","CCDC144NL-AS1","lncRNA","chr17",86.8476097728919,-0.801644772329485,0.318430283592223,-0.993159282883283,-3.55497119789663,0.000378020496490979,0.0126831876898064,5.806448,2.96245066666667,45.5,71.8,58.1,117.9,94,133.8,2.29,3.63,2.97,5.98,4.76,6.68,"ns"
"ENSG00000176438.15","SYNE3","protein_coding","chr14",1527.88945589146,0.241073197791646,0.0838448644043305,0.282322991320522,3.55093655757601,0.000383862935448186,0.0128537074028294,14.6964443333333,17.9196156666667,1797.7,1652.3,1581.3,1489.2,1307.7,1339.1,19.05,17.57,17.14,15.98,13.96,14.15,"ns"
"ENSG00000133789.17","SWAP70","protein_coding","chr11",2357.02404245065,0.200295015529074,0.067434903153188,0.230949673082961,3.54874864816268,0.000387066363395082,0.0129353600889542,43.3688623333333,51.0433833333333,2469,2601.8,2565.1,2303.3,2194.1,2008.9,49.06,51.91,52.16,46.36,43.92,39.82,"ns"
"ENSG00000147642.19","SYBU","protein_coding","chr8",157.118295995178,-0.53942030919223,0.209340578296294,-0.662493870620021,-3.54793372184095,0.000388265910522636,0.0129397561599081,6.16998866666667,3.91268766666667,129.1,127.3,109,204.8,191.5,181,4.11,4.07,3.55,6.61,6.15,5.75,"ns"
"ENSG00000147853.19","AK3","protein_coding","chr9",1490.22001372623,0.195988864184383,0.0656894441586135,0.225373940518019,3.5476201971996,0.000388728334076481,0.0129397561599081,40.8013093333333,47.861429,1598.6,1625.4,1595.7,1398.2,1393.1,1330.4,47.21,48.18,48.19,41.8,41.41,39.19,"ns"
"ENSG00000021574.17","SPAST","protein_coding","chr2",512.961124803503,-0.328207629056321,0.120430598095465,-0.393564113349079,-3.54541252851847,0.000391999067292319,0.0130229945538568,10.4671103333333,7.991323,429.8,432,467.4,583.4,628,537.2,7.68,7.74,8.55,10.55,11.29,9.57,"ns"
"ENSG00000169136.15","ATF5","protein_coding","chr19",364.072134843625,-0.367033108183862,0.137137530661052,-0.44387645572844,-3.54465704232777,0.000393124237827168,0.0130347663954067,21.7704976666667,16.0764553333333,284.4,331.1,310.1,404,417.4,437.4,14.69,17.15,16.39,21.11,21.67,22.53,"ns"
"ENSG00000104833.13","TUBB4A","protein_coding","chr19",409.036193615414,-0.365783373795143,0.136824261993288,-0.442488953424217,-3.54197531678076,0.000397142634810964,0.0131255500587429,20.996916,15.5075193333333,314.2,372,354.7,468.3,505.1,440,13.89,16.54,16.09,21.02,22.53,19.43,"ns"
"ENSG00000111897.9","SERINC1","protein_coding","chr6",4239.29182220144,0.153469253651128,0.0492288016650335,0.172091292133152,3.541794705585,0.000397414644002151,0.0131255500587429,108.684554333333,122.803056,4618.6,4378.5,4477.4,4144.8,3861.4,3955.1,125.14,119.1,124.16,113.76,105.38,106.91,"ns"
"ENSG00000174136.15","RGMB","protein_coding","chr5",3578.89828615681,0.151732897299011,0.048657832335765,0.170028567202346,3.53731084286452,0.000404223618712566,0.0133244081723772,66.3396483333333,74.858286,3809.6,3657.1,3900.2,3336.1,3419.6,3350.9,74.58,71.86,78.13,66.15,67.43,65.44,"ns"
"ENSG00000221978.15","CCNL2","protein_coding","chr1",1910.76444256704,-0.204994662327818,0.0692409456751238,-0.235755871623367,-3.53541449253557,0.000407135986290429,0.01339429869294,91.272533,77.8107393333333,1689.1,1781.9,1794.1,1980.3,2013.8,2205.3,74.2,78.59,80.64,88.1,89.1,96.62,"ns"
"ENSG00000084234.20","APLP2","protein_coding","chr11",15345.29017229,-0.122779797584728,0.0380190566073598,-0.134244580182076,-3.52999825078773,0.000415562414436957,0.0136449717051048,434.956519333333,397.440948,15172.5,14545.4,14179.3,16405.7,15917.4,15851.5,408.52,393.13,390.67,447.41,431.68,425.78,"ns"
"ENSG00000139496.20","NUP58","protein_coding","chr13",1956.37877696428,0.200956578754521,0.068289145443964,0.232234540963951,3.52674585058549,0.000420700381849401,0.0137869059245608,35.7352963333333,42.0976936666667,2178.9,2067.6,2094,1856.3,1867.1,1674.3,43.01,40.98,42.31,37.11,37.12,32.97,"ns"
"ENSG00000184216.17","IRAK1","protein_coding","chrX",4097.13802974591,0.142524767726181,0.0454026072225266,0.158647611785027,3.5226212790838,0.000427301486745682,0.0139761472744091,113.419914333333,126.981351666667,4414.6,4258.4,4293.6,3805.2,3971.9,3839.2,128.55,124.46,127.93,112.24,116.5,111.52,"ns"
"ENSG00000010404.20","IDS","protein_coding","chrX",7054.22330470009,-0.169458998867381,0.0558459355785461,-0.19255132617321,-3.52174027234278,0.00042872395786675,0.0139956025627929,146.990780333333,128.964603,6577.8,6686.8,6488.5,8018.3,7615.6,6938.3,127.69,130.31,128.89,157.66,148.92,134.39,"ns"
"ENSG00000095739.13","BAMBI","protein_coding","chr10",26.8459401979317,-0.075379579276352,0.144180439739218,-1.62647702586908,-3.52102900611199,0.000429875590716018,0.0140035871567984,2.18281133333333,0.700322333333333,10.7,11.5,17.2,36.7,40,45.1,0.56,0.62,0.92,1.99,2.16,2.39,"ns"
"ENSG00000179104.10","TMTC2","protein_coding","chr12",79.7386855961392,0.717297501122032,0.287104347746808,0.889526188724483,3.52041067305053,0.000430879098836284,0.0140035871567984,0.92362,1.719012,101.3,104.6,105,56.2,60.6,50.8,1.67,1.73,1.77,0.94,1,0.83,"ns"
"ENSG00000175920.19","DOK7","protein_coding","chr4",124.679480988767,-0.607309765763376,0.241923207981064,-0.752235994996419,-3.5197050638822,0.000432026921352399,0.0140035871567984,7.31022366666667,4.343406,102,89.9,86.4,163.2,136.1,170.5,4.74,4.19,4.11,7.67,6.36,7.9,"ns"
"ENSG00000164823.13","OSGIN2","protein_coding","chr8",579.829088945538,0.292961189822148,0.107123514195156,0.350253917640002,3.51954908039196,0.000432281046472428,0.0140035871567984,15.879917,20.327277,609.1,684.3,657,512.8,497.9,518,18.87,21.28,20.83,16.09,15.54,16.01,"ns"
"ENSG00000126822.20","PLEKHG3","protein_coding","chr14",47.5919202583569,-1.07428918782123,0.441645685855969,-1.34547283700118,-3.51559911020448,0.000438762958893371,0.0141863893592484,1.346123,0.524924333333333,36.1,26.5,17.8,65,55.1,85.1,0.7,0.52,0.35,1.28,1.09,1.67,"down"
"ENSG00000100075.12","SLC25A1","protein_coding","chr22",1558.5151406685,0.193654999914717,0.0657420363958588,0.22327171400871,3.51151945498878,0.000445552849677828,0.0143784326107864,102.469789333333,120.018931666667,1666.2,1732.9,1638.3,1454.8,1400.6,1458.3,118.04,123.24,118.77,104.4,99.95,103.07,"ns"
"ENSG00000139163.18","ETNK1","protein_coding","chr12",886.911424142217,0.374853550914717,0.143036859179898,0.455938397918931,3.51047519895401,0.000447306532470133,0.0143951184139821,15.9656383333333,22.006678,1223.2,815.5,1041.7,753,779.9,708.2,25.98,17.39,22.65,16.2,16.69,15.01,"ns"
"ENSG00000075426.14","FOSL2","protein_coding","chr2",4946.49366202192,0.143116659702964,0.0458470815524988,0.159585247924405,3.51019839853592,0.000447772459240366,0.0143951184139821,83.9946093333333,94.124495,5110.4,5122.7,5424.9,4573.9,4762.5,4684.7,91.31,91.88,99.19,82.77,85.71,83.5,"ns"
"ENSG00000227640.5","SOX21-AS1","lncRNA","chr13",184.235905582319,-0.478506684726702,0.187770119499245,-0.589034571535495,-3.5088822518582,0.000449994078619419,0.0144390889363461,7.279483,4.84493433333333,142.1,143.9,155,230.2,209,225.1,4.64,4.71,5.18,7.61,6.89,7.34,"ns"
"ENSG00000132334.19","PTPRE","protein_coding","chr10",1523.92557246989,0.271403866569822,0.0988679127329845,0.32342814350782,3.49992109917002,0.000465395887865176,0.0149050084541669,32.282124,40.5563893333333,1559.8,1620.3,1900.7,1249.9,1344.3,1468.5,36.99,38.58,46.11,30.01,32.11,34.73,"ns"
"ENSG00000164761.11","TNFRSF11B","protein_coding","chr8",100.725959574647,-0.678617718858232,0.27553452478181,-0.845832193328048,-3.49882208232853,0.000467318298095174,0.0149382843493183,6.15270033333333,3.436596,79.8,77.7,58.9,123,121.2,143.7,3.78,3.69,2.84,5.88,5.78,6.8,"ns"
"ENSG00000150457.11","LATS2","protein_coding","chr13",552.816678304425,0.292207488005142,0.108012982673762,0.350372780093212,3.4956368894517,0.000472931798485169,0.01508037991022,8.13440066666667,10.4045706666667,635.1,616.7,607.4,475.5,513.6,468.6,10.57,10.3,10.34,8.02,8.61,7.78,"ns"
"ENSG00000107331.20","ABCA2","protein_coding","chr9",2701.49954805422,-0.227162364768638,0.0802890937300487,-0.266914114903349,-3.49528989573426,0.000473547116045348,0.01508037991022,58.6549643333333,48.9155466666667,2577.1,2624.9,2160.2,3017.7,2997.7,2831.3,50.95,52.09,43.7,60.43,59.69,55.84,"ns"
"ENSG00000100647.10","SUSD6","protein_coding","chr14",911.655288025167,-0.27742574395204,0.101793284704425,-0.331681600014104,-3.49446593097489,0.000475011230967515,0.0150842269927041,18.6409213333333,14.8437053333333,784.3,770.2,866,1110.8,998.3,940.4,14.29,14.09,16.15,20.5,18.32,17.1,"ns"
"ENSG00000115325.16","DOK1","protein_coding","chr2",372.8245102797,-0.358364420787229,0.137130062510749,-0.436171606111238,-3.49421835292477,0.000475451980314092,0.0150842269927041,27.3313293333333,20.296743,337.8,328.6,285.5,425.6,431.1,428.3,21.43,20.92,18.54,27.34,27.55,27.11,"ns"
"ENSG00000100167.21","SEPTIN3","protein_coding","chr22",197.127804007206,-0.534042495799687,0.214218567127139,-0.662313358687479,-3.48986551329658,0.000483263681431062,0.0153033499119836,4.96583333333333,3.14826,164.3,121.5,172,227.3,269.1,228.5,3.36,2.49,3.6,4.7,5.54,4.66,"ns"
"ENSG00000112419.17","PHACTR2","protein_coding","chr6",238.393442070361,0.43357506901059,0.170769191743013,0.533380598223531,3.48524693734951,0.000491683060297187,0.0155408608404214,2.57227733333333,3.72431566666667,285,290.7,270,216.5,185.5,182.6,3.74,3.82,3.62,2.88,2.45,2.39,"ns"
"ENSG00000182287.17","AP1S2","protein_coding","chrX",1833.46013447067,0.222577321325886,0.0785829711243217,0.260990024853885,3.48471909854595,0.00049265393913419,0.0155424964752969,84.467549,101.468891666667,2047.5,2079.2,1870.5,1658,1792.6,1552.9,103.04,105.04,96.33,84.55,90.89,77.96,"ns"
"ENSG00000113658.20","SMAD5","protein_coding","chr5",2441.86788705069,0.305748178291376,0.114854962046597,0.368744807903302,3.48054876865973,0.000500387717805298,0.0157570880969974,32.0957436666667,41.4956996666667,2865.8,2740.2,2648.2,2490,2187.9,1719.2,42.84,41.13,40.51,37.7,32.94,25.64,"ns"
"ENSG00000182179.15","UBA7","protein_coding","chr3",440.210447144728,-0.399429918313194,0.156592734110696,-0.490487453568529,-3.48002343565482,0.000501369923483065,0.0157586717585477,23.8736836666667,17.097541,365.3,419.5,315.7,451.1,543.7,546,16.89,19.47,14.94,21.12,25.32,25.18,"ns"
"ENSG00000286834.1","ENSG00000286834","lncRNA","chr9",367.372787113738,-0.360467339416747,0.139187901302021,-0.440026955669301,-3.47861291639301,0.000504016045740792,0.0158124514535747,9.35538,6.927977,336.7,318.6,280.7,412.6,428.2,427.4,7.42,7.04,6.33,9.19,9.48,9.39,"ns"
"ENSG00000183148.9","ANKRD20A2P","transcribed_unprocessed_pseudogene","chr9",14.0918105183032,-0.0266167838772152,0.0933940685629856,-3.30491311393023,-3.47636035316025,0.000508268849214833,0.0158712826616568,0.516895,0.057222,0,8.2,0,23.3,26,27.1,0,0.17,0,0.47,0.53,0.55,"ns"
"ENSG00000103241.8","FOXF1","protein_coding","chr16",12.0298851888503,-0.0366952155121705,0.0989268043338953,-2.74585311637246,-3.47633601267632,0.00050831498581439,0.0158712826616568,0.6224,0.093194,2.1,3.5,3.8,12.6,21.7,28.6,0.06,0.1,0.11,0.38,0.65,0.84,"ns"
"ENSG00000177409.14","SAMD9L","protein_coding","chr7",539.074359212728,-0.324195270149271,0.122951622844928,-0.392230247580088,-3.47612928434056,0.000508706990101595,0.0158712826616568,7.79907633333333,5.956491,497.4,434.5,466.6,670.3,598.8,566.9,6.3,5.52,6.05,8.6,7.64,7.16,"ns"
"ENSG00000076706.19","MCAM","protein_coding","chr11",747.603300843264,-0.45397512764748,0.182143667917214,-0.56266307933158,-3.47242233697294,0.000515784221505741,0.0160624515389725,31.0716906666667,21.2369203333333,509.4,820,488.9,891.1,873.2,903,17.71,28.6,17.4,31.36,30.56,31.3,"ns"
"ENSG00000108830.13","RND2","protein_coding","chr17",548.517057219722,0.290476753203184,0.108797949728522,0.349580066249977,3.46749524324825,0.000525333039699729,0.0162930441513153,32.113882,41.0167376666667,628.7,596,618.9,508,479,460.4,41.57,39.61,41.87,34.02,31.95,30.37,"ns"
"ENSG00000099860.12","GADD45B","protein_coding","chr19",430.047905389935,0.35841691714311,0.139035860271379,0.437808058781536,3.46693928593646,0.000526420780106548,0.0162930441513153,28.688138,39.0331873333333,483.6,546.3,455.7,347.2,399.9,347.5,37.8,42.86,36.44,27.48,31.48,27.1,"ns"
"ENSG00000119938.10","PPP1R3C","protein_coding","chr10",303.049490307753,0.375914520212058,0.146734118420841,0.46040328645934,3.46689539363033,0.000526506745520535,0.0162930441513153,8.81617333333333,12.1721246666667,341.1,353.5,358.5,254.4,271.7,239.2,11.72,12.19,12.6,8.85,9.4,8.2,"ns"
"ENSG00000033100.18","CHPF2","protein_coding","chr7",1118.95657834118,-0.231910279724394,0.0834245817377554,-0.274199488339059,-3.46662180266492,0.000527042882955024,0.0162930441513153,34.6439856666667,28.7330536666667,1025,1014,999.1,1174.7,1179.9,1321.1,28.83,28.63,28.74,33.45,33.42,37.06,"ns"
"ENSG00000129038.18","LOXL1","protein_coding","chr15",386.964649424245,-0.341783019968,0.13215805171694,-0.416991453939763,-3.46107138854056,0.000538030116005497,0.0165927278567937,23.3186973333333,17.508047,340,323.8,330.1,448.1,410.7,469.2,17.81,17.02,17.69,23.78,21.66,24.51,"ns"
"ENSG00000108055.13","SMC3","protein_coding","chr10",3744.63656018386,0.136011507579915,0.043979825244832,0.151388515134334,3.46073668733626,0.000538699443724407,0.0165927278567937,72.46964,80.7246846666667,3927.5,3894.2,4000,3554,3537.5,3554.6,79.73,79.35,83.09,73.08,72.33,71.99,"ns"
"ENSG00000223784.3","LINP1","lncRNA","chr10",2222.04503463595,-0.165499376007751,0.0556417478027715,-0.188575022003982,-3.45819886802957,0.0005437998152683,0.0166972774790077,89.786482,79.0610443333333,2055.9,2120.6,2055.7,2329.1,2425.6,2345.4,77.54,80.31,79.33,88.98,92.13,88.25,"ns"
"ENSG00000089472.20","HEPH","protein_coding","chrX",74.8622674061855,-0.851427094527575,0.359168230214808,-1.0743997000821,-3.45806574727008,0.000544068592012611,0.0166972774790077,2.12195133333333,1.00982466666667,51.5,51.2,42,129.6,103.2,71.6,1.07,1.07,0.89,2.72,2.16,1.48,"ns"
"ENSG00000117984.17","CTSD","protein_coding","chr11",5666.23619639633,-0.125465805088177,0.0394915506352321,-0.136513766793138,-3.45703671041584,0.000546150443074249,0.0167308043340318,294.276514666667,268.525708666667,5502.7,5324.9,5367,5992.8,5861.7,5948.4,271.28,263.55,270.75,299.24,291.05,292.54,"ns"
"ENSG00000260528.8","FAM157C","lncRNA","chr16",49.5730398867478,0.970545992993202,0.41234400000046,1.22614621879974,3.44743360938857,0.000565939481075155,0.0173056720162403,3.26860266666667,7.77776333333333,62.8,82.7,62.9,23.3,26.6,39.1,6.95,9.23,7.15,2.58,2.91,4.32,"ns"
"ENSG00000117598.16","PLPPR5","protein_coding","chr1",11.1217579518249,-0.0317971062427541,0.0959910182777381,-3.23166551395586,-3.44452843149676,0.000572056468832746,0.0174611460071511,0.824622,0.0901733333333333,1.3,4.2,1.1,11.9,18.5,29.8,0.05,0.17,0.05,0.49,0.76,1.22,"ns"
"ENSG00000171130.21","ATP6V0E2","protein_coding","chr7",1339.1875796052,-0.213058875482824,0.0760808735369038,-0.25030242800366,-3.44242305723214,0.00057652784657048,0.0175659205144267,90.1049586666667,76.0383243333333,1191.1,1292.9,1187.2,1392.3,1464,1507.6,73.36,79.94,74.82,86.87,90.82,92.63,"ns"
"ENSG00000163682.19","RPL9","protein_coding","chr4",4804.41204090847,0.146492549672854,0.0483540516454069,0.164665361532688,3.4417165262074,0.000578035649777737,0.0175801849599668,705.927725333333,793.739796,5269,5109.9,4857.8,4415.9,4593.3,4580.5,816.36,794.64,770.22,692.92,716.82,708.05,"ns"
"ENSG00000145428.17","RNF175","protein_coding","chr4",474.06779229682,0.314225356192188,0.121160161527062,0.382148312788983,3.43924145581249,0.000583346689850517,0.0176903915364687,36.670842,47.9445626666667,570.8,545.2,493.9,419.7,409.6,405.1,50.57,48.48,44.78,37.66,36.55,35.8,"ns"
"ENSG00000197386.15","HTT","protein_coding","chr4",1443.67918077241,0.331994671339625,0.129275927082845,0.405371467439943,3.43905364941277,0.000583751536212273,0.0176903915364687,12.7010643333333,16.8915853333333,1954.9,1331.5,1652.5,1255.5,1313.8,1153.9,19.88,13.59,17.2,12.93,13.46,11.71,"ns"
"ENSG00000129493.17","HEATR5A","protein_coding","chr14",370.138642862002,0.356936009761154,0.140831093721548,0.438211516901648,3.43641411210705,0.000589469218839109,0.0178317074965462,8.09479966666667,11.021584,438.7,450.4,389.5,323.6,291.8,326.8,11.24,11.6,10.23,8.4,7.53,8.36,"ns"
"ENSG00000288887.3","ENSG00000288887","lncRNA","chr6",486.559361877343,-0.30085314129386,0.11607705813538,-0.365841974826328,-3.42447968302562,0.00061597790060595,0.0186003326772261,53.342681,41.540714,440.7,413.2,421.7,537.2,577.9,528.7,42.69,40.17,41.76,52.67,56.32,51.04,"ns"
"ENSG00000109787.15","KLF3","protein_coding","chr4",992.757919099878,0.270608994279259,0.102520175122083,0.326119427057644,3.4200288701619,0.000626144902286462,0.0188736368942318,17.1344536666667,21.5496623333333,991.2,1143.6,1178.6,946.2,824.7,872.3,19.15,22.18,23.32,18.52,16.05,16.83,"ns"
"ENSG00000157833.14","GAREM2","protein_coding","chr2",177.780108788993,0.621683571149856,0.264702763709081,0.785093716450965,3.41930304825896,0.000627817630438973,0.0188903845742403,3.789836,6.58092733333333,292.8,172.3,211.3,108.2,145.5,136.5,8.48,5.01,6.26,3.17,4.25,3.94,"ns"
"ENSG00000182568.20","SATB1","protein_coding","chr3",241.108850619989,0.43857355076083,0.180186471909644,0.546655253663036,3.41566945258043,0.000636254289365043,0.0191102309647653,3.94032133333333,5.76788733333333,264.6,278.1,315.6,218.7,190.7,178.9,5.28,5.57,6.45,4.42,3.84,3.56,"ns"
"ENSG00000171451.17","DSEL","protein_coding","chr18",387.251396714957,0.349383970667728,0.138993142878297,0.429863682106559,3.41484152099494,0.000638191316623164,0.0191344240498186,2.91999966666667,3.94958566666667,428.4,487.8,418,308,335.3,346,3.77,4.31,3.77,2.75,2.97,3.04,"ns"
"ENSG00000286019.5","NOTCH2NLB","protein_coding","chr1",108.290857336368,-0.706329677225051,0.304877359413853,-0.897152505162544,-3.4112252323738,0.000646716457692775,0.0193557084948404,2.51355733333333,1.34653066666667,77.5,73.7,75.2,114.5,190.2,118.6,1.37,1.3,1.36,2.05,3.4,2.09,"ns"
"ENSG00000185608.11","MRPL40","protein_coding","chr22",339.923910849264,0.339371295733606,0.134637583281278,0.416999324051773,3.41069622373617,0.00064797240107244,0.0193590341027119,42.588456,57.105479,383,398.2,385,294.7,283.5,295.1,55.72,58.23,57.36,43.5,41.49,42.78,"ns"
"ENSG00000173166.20","RAPH1","protein_coding","chr2",943.9367796857,0.273210000375097,0.104299214413018,0.330086981706863,3.40871548712116,0.000652695133123068,0.0194657402135998,8.774217,11.050569,1045,1039.5,1068.9,930.7,840.5,739.1,10.89,10.87,11.4,9.82,8.82,7.68,"ns"
"ENSG00000108654.18","DDX5","protein_coding","chr17",8852.68895985923,-0.136114041516439,0.0449215984005887,-0.152175711843999,-3.40676105723726,0.000657386500450579,0.0195711368355973,298.340187666667,269.390823333333,8153.6,8359.7,8643.3,8962.9,9265,9731.6,259.53,267.11,281.53,288.95,297.04,309.03,"ns"
"ENSG00000140464.22","PML","protein_coding","chr15",2072.56370318895,-0.187736952694426,0.0662795701778581,-0.218280406082344,-3.40476153361884,0.000662218544866908,0.0196803437499111,71.154162,61.3307086666667,1933.5,1937.1,1877.3,2387.1,2141.5,2158.9,61.34,61.69,60.96,76.69,68.43,68.34,"ns"
"ENSG00000105519.19","CAPS","protein_coding","chr19",885.059768939559,-0.248415768230099,0.0933236068100646,-0.297940343523027,-3.40269533165216,0.000667246404186775,0.0197714821112658,70.344084,57.3855063333333,814.8,736.5,829.8,949.1,1027.6,952.5,58.38,52.94,60.84,68.86,74.12,68.06,"ns"
"ENSG00000170234.15","PWWP2A","protein_coding","chr5",338.179085691909,0.372889254030462,0.150927221522891,0.461701492507062,3.40254087783869,0.000667623671527664,0.0197714821112658,8.43126466666667,11.6576016666667,378.6,371.3,425.2,269.5,270,314.4,11.17,10.98,12.82,8.05,8.01,9.24,"ns"
"ENSG00000153936.19","HS2ST1","protein_coding","chr1",1131.37981762525,0.245223483578665,0.0919435950954555,0.293606580130624,3.4004827991463,0.00067266967870272,0.0198793042886999,20.1628803333333,24.7963826666667,1193.5,1322.9,1222.1,1080.7,926.1,1043,23.54,26.19,24.66,21.58,18.39,20.52,"ns"
"ENSG00000214548.20","MEG3","lncRNA","chr14",7185.2414807688,-0.175371035986044,0.0604628983318603,-0.200243690480724,-3.40009518196342,0.000673623999226008,0.0198793042886999,256.222305333333,223.729338666667,6808.5,6723.7,6528.4,7499.9,7144.6,8406.4,225.79,223.85,221.55,251.9,238.64,278.13,"ns"
"ENSG00000075399.16","VPS9D1","protein_coding","chr16",860.794729606797,-0.237168483896722,0.0884197694305541,-0.283352673308413,-3.39962175724858,0.000674791286913883,0.0198793042886999,42.583255,35.108043,778.7,805.2,746.3,964.3,965.4,904.8,34.89,36.23,34.21,43.74,43.56,40.45,"ns"
"ENSG00000101493.13","ZNF516","protein_coding","chr18",364.459481632473,0.455551829404921,0.191049798454245,0.571456076708053,3.39472879448657,0.000686966138947032,0.0202027781036423,4.82304666666667,7.24213266666667,359.3,560.5,391.3,285.7,288,301.9,5.9,9.24,6.58,4.75,4.77,4.95,"ns"
"ENSG00000108840.19","HDAC5","protein_coding","chr17",1697.35608875196,0.221136416126641,0.0812883589348666,0.262070868955782,3.39345577904397,0.000690167006430067,0.0202616737477994,52.2537733333333,62.8996143333333,1752.2,1810.1,1990.5,1444.5,1535.3,1651.6,58.97,61.16,68.57,49.25,52.05,55.47,"ns"
"ENSG00000164070.14","HSPA4L","protein_coding","chr4",865.914567929354,0.227817775428606,0.0843838896639275,0.271027403344699,3.39250198463874,0.000692574302944489,0.0202971082544043,13.7901033333333,16.691667,969.7,949.4,922.4,786.5,798.4,769,16.94,16.65,16.49,13.91,14.06,13.4,"ns"
"ENSG00000237550.8","ENSG00000237550","transcribed_processed_pseudogene","chr15",1008.20026105498,0.424679295530279,0.176705340326784,0.531135687136721,3.38822758848219,0.000703458675663662,0.0205804259610251,186.487663333333,269.819056666667,1516.2,1116.9,942.7,839.5,943.6,690.3,340.73,251.89,216.84,191.18,213.59,154.69,"ns"
"ENSG00000120217.15","CD274","protein_coding","chr9",400.771091957217,0.385466274334154,0.158349924614147,0.479704634270056,3.3872694350478,0.000705920239822812,0.0206167724618372,10.1539033333333,14.194374,526,459.1,415.7,345.6,366.5,291.6,15.86,13.9,12.83,10.56,11.13,8.77,"ns"
"ENSG00000247556.8","OIP5-AS1","lncRNA","chr15",1904.66575504131,-0.176760574675754,0.0621204438436822,-0.204554311347311,-3.38507051036107,0.000711599727068643,0.0207468127322944,34.5801946666667,30.099585,1802.5,1750.6,1756.7,2076.9,2094.4,1947,30.37,29.63,30.3,35.45,35.55,32.74,"ns"
"ENSG00000164038.18","SLC9B2","protein_coding","chr4",257.732998418378,0.4127994788188,0.171595876264656,0.516056774635169,3.38378718122542,0.000714933960930254,0.0208081467802592,7.197312,10.3213303333333,330.4,271.8,307.4,222.7,220.1,194,11.14,9.21,10.62,7.6,7.47,6.53,"ns"
"ENSG00000170522.12","ELOVL6","protein_coding","chr4",3771.02231370318,-0.144942537629579,0.0490472945606952,-0.164214353600103,-3.38294426404353,0.000717131846648581,0.0208362534825215,112.163147,100.396233333333,3654,3580.6,3437.2,4089.5,3898.4,3966.5,102.23,100.56,98.4,115.9,109.87,110.73,"ns"
"ENSG00000111331.16","OAS3","protein_coding","chr12",2703.84757718961,-0.154191998083681,0.0525315403608891,-0.174992242379326,-3.38206453820509,0.000719432403686335,0.020867241760439,45.719164,40.628478,2620.4,2543.5,2457.2,2864.1,2850.9,2886.9,41.54,40.48,39.86,45.98,45.52,45.66,"ns"
"ENSG00000101752.15","MIB1","protein_coding","chr18",2491.9739246357,0.218322704589086,0.0804928457531161,0.258765743746595,3.38092156959929,0.000722431604253239,0.0208976136102002,19.7882106666667,23.7427413333333,2672.5,2846.9,2626.4,2415.3,2382.2,2008.5,23.16,24.77,23.29,21.2,20.8,17.37,"ns"
"ENSG00000198677.15","SKIC3","protein_coding","chr5",2239.20536285986,0.175891928383744,0.0619142448618273,0.203699066518835,3.38072402308476,0.000722951150914671,0.0208976136102002,30.1101696666667,34.7749756666667,2291.8,2368.2,2529.7,2122.2,2085.7,2037.7,32.94,34.17,37.22,30.91,30.21,29.22,"ns"
"ENSG00000160294.12","MCM3AP","protein_coding","chr21",2050.81695863484,0.282530703066571,0.110592123791257,0.344272717388977,3.37544260549544,0.00073697062167641,0.0212625661266206,46.0794023333333,58.690913,2661.5,2319.4,1906.4,1738.6,1787.9,1891.1,67.5,59.08,49.49,44.68,45.69,47.87,"ns"
"ENSG00000097007.22","ABL1","protein_coding","chr9",2552.0173683897,-0.18261836892068,0.0649470933673443,-0.212470019880064,-3.3750244077349,0.000738091443898659,0.0212625661266206,43.570306,37.7089766666667,2410,2349.1,2334.7,2875,2813.7,2529.6,38.09,37.27,37.76,46.03,44.8,39.89,"ns"
"ENSG00000136999.7","CCN3","protein_coding","chr8",734.806171690351,0.245150438104686,0.0933521626484928,0.294896144819104,3.36917917543149,0.000753924022949774,0.0216770228348833,29.1077136666667,35.8222853333333,850.4,786.1,792.6,652.6,658.3,668.8,37.29,34.61,35.57,28.98,29.08,29.26,"ns"
"ENSG00000163702.23","IL17RC","protein_coding","chr3",818.545354865455,-0.269098538593762,0.104669528948403,-0.327011937416006,-3.3687706159446,0.000755042368406048,0.0216770228348833,46.4193453333333,37.123193,705.4,695.8,776,897,843.1,993.9,35.77,35.37,40.24,46.02,43.02,50.22,"ns"
"ENSG00000254996.5","ANKHD1-EIF4EBP3","protein_coding","chr5",1368.40182556265,-0.257244093099112,0.0996943213723804,-0.312781889395718,-3.36784147599797,0.000757591430740397,0.0216885724698927,23.498501,18.9765986666667,1267.8,1106.7,1286.9,1538.3,1653.1,1357.6,19.53,17.1,20.29,23.99,25.64,20.86,"ns"
"ENSG00000123144.12","TRIR","protein_coding","chr19",2014.80017766075,-0.1670534282099,0.0584265724788484,-0.192375927877261,-3.36768924353369,0.000758009836174251,0.0216885724698927,294.060848333333,258.204334,1858.7,1907.4,1876.3,2079.7,2196.9,2169.7,252.9,260.52,261.2,286.58,301.07,294.53,"ns"
"ENSG00000166033.15","HTRA1","protein_coding","chr10",1070.14170682031,-0.236272761216514,0.0894288864556666,-0.28343335378829,-3.36699507746584,0.000759920447897495,0.0217065114424774,60.9107763333333,50.2033233333333,1030.6,974.5,892.2,1233.4,1151.9,1138.2,53.12,50.43,47.06,64.4,59.8,58.53,"ns"
"ENSG00000130720.15","FIBCD1","protein_coding","chr9",201.332511678171,-0.536265282316786,0.233702242158578,-0.682608695117732,-3.36265674167941,0.000771962876556286,0.0220133090093875,18.4112093333333,11.5228486666667,139.5,127.8,196.5,267.9,261.2,215.2,10.28,9.46,14.83,20.01,19.4,15.83,"ns"
"ENSG00000067840.15","PDZD4","protein_coding","chrX",493.849954348699,-0.304953691630644,0.122438568121783,-0.375506639554795,-3.35816282814003,0.00078462378992582,0.0223119241228898,17.7096,13.689879,456.2,424,409.9,601.9,544.8,526.3,14.4,13.43,13.24,19.24,17.32,16.57,"ns"
"ENSG00000187244.14","BCAM","protein_coding","chr19",1152.28320258136,-0.207394775025613,0.0765705557675664,-0.245649461300232,-3.35800440639934,0.000785073616387903,0.0223119241228898,49.9874923333333,42.301072,1044,1068.6,1050.7,1303.6,1194.5,1252.2,41.52,42.66,42.72,52.5,47.82,49.65,"ns"
"ENSG00000119669.5","IRF2BPL","protein_coding","chr14",3583.88274277831,0.135662371320378,0.0456584227658743,0.152296106650564,3.35447730386864,0.000795150757767245,0.0225604015332955,82.9665513333333,92.4754593333333,3853.4,3715.1,3749.9,3435.7,3383.4,3365.7,93.61,90.6,93.22,84.53,82.79,81.58,"ns"
"ENSG00000254772.12","EEF1G","protein_coding","chr11",20615.7221549479,0.0959936001069938,0.0305548121280648,0.103439781479556,3.35326094979487,0.000798653700578419,0.0226218326244239,1413.34899966667,1523.138952,21577.1,21465.3,21022.9,19604.1,20153,19872,1525.35,1523.28,1520.78,1403.63,1434.94,1401.48,"ns"
"ENSG00000175183.12","CSRP2","protein_coding","chr12",928.209769196388,-0.242862116317577,0.0932055547389125,-0.292850451631297,-3.35127922709017,0.000804391494188536,0.0227462544594116,116.24918,95.2192436666667,843.4,832.8,826.7,951.8,1003.6,1111,95.4,94.54,95.71,109.06,114.34,125.35,"ns"
"ENSG00000107438.11","PDLIM1","protein_coding","chr10",619.980176787357,0.264973612402221,0.103616431333108,0.322182311180562,3.35049204921624,0.000806681251580279,0.0227729214761645,38.397445,48.1632973333333,654.2,691.7,720.7,538.9,570.9,543.4,45.32,48.09,51.08,37.81,39.83,37.55,"ns"
"ENSG00000079841.21","RIMS1","protein_coding","chr6",25.5978190086837,1.20763538219016,0.552365858424045,1.56305131719946,3.34442672121955,0.000824528083749952,0.0232379498270195,0.340492,1.00498666666667,41,33,40.6,10.7,16.3,12,1.07,0.86,1.08,0.28,0.43,0.31,"up"
"ENSG00000211448.15","DIO2","protein_coding","chr14",177.636150156702,0.645338824275254,0.290475817279051,0.829495311758638,3.34223572792361,0.000831064500542627,0.0233831958472143,3.00563066666667,5.364981,162.5,241.5,278,111.1,164.1,108.6,3.79,5.66,6.64,2.63,3.86,2.53,"ns"
"ENSG00000225177.7","NHSL1-AS1","lncRNA","chr6",332.826177461463,-0.40274420307625,0.171945719301559,-0.508102391201964,-3.33908926503506,0.000840535496668043,0.0236103907784993,59.4137546666667,41.9476963333333,290.3,271.1,263,358.6,348.8,465.1,43.98,41.11,40.76,54.93,53.06,70.25,"ns"
"ENSG00000107281.12","NPDC1","protein_coding","chr9",1583.22428832713,-0.199176826542727,0.0735159925280265,-0.23523881102286,-3.33663596523248,0.000847989393999622,0.0237492035741044,117.855779333333,100.452161,1538.4,1415.2,1410.2,1652.6,1678.2,1804.8,105.31,97.25,98.79,114.59,115.72,123.26,"ns"
"ENSG00000307083.1","ENSG00000307083","lncRNA","chr1",10268.0462041838,-0.108536724386062,0.0353909250808035,-0.118781366181564,-3.33599416833427,0.000849949466778271,0.0237492035741044,1326.36162966667,1225.51910566667,9714.1,9782.5,10038.2,10570.2,10592.2,10911.1,1198.21,1211.28,1267.07,1320.51,1315.94,1342.64,"ns"
"ENSG00000180440.6","SERTM1","protein_coding","chr13",139.262661994595,0.518909007426928,0.228767890077684,0.662283142919905,3.33588969604028,0.000850268926612159,0.0237492035741044,2.933393,4.65608333333333,165,173.1,174,115.3,115.9,92.3,4.46,4.7,4.81,3.16,3.16,2.49,"ns"
"ENSG00000173801.19","JUP","protein_coding","chr17",4230.93581370864,0.134458926095369,0.045390865137053,0.150630150704824,3.33561969793961,0.000851095054163647,0.0237492035741044,123.925357333333,138.00963,4327.8,4564.5,4463.3,4090.9,3971.9,3967.3,132.95,140.76,140.32,127.29,122.9,121.59,"ns"
"ENSG00000137331.14","IER3","protein_coding","chr6",1325.43698200776,0.191725372812229,0.0702889103657654,0.22541909672072,3.33047851196029,0.000866968548255928,0.0240656837750569,106.681536,125.152098333333,1438.8,1464.7,1383.6,1191.9,1228.2,1245.4,124.91,127.63,122.92,104.8,107.39,107.86,"ns"
"ENSG00000167106.14","EEIG1","protein_coding","chr9",701.36161859243,-0.368583560556336,0.154459415597688,-0.459335553700606,-3.33015273659057,0.000867983575757485,0.0240656837750569,22.1576616666667,16.1475156666667,540.6,586.1,642.7,641.9,918.7,878.2,14.66,15.96,17.82,17.62,25.09,23.76,"ns"
"ENSG00000102359.9","SRPX2","protein_coding","chrX",261.51983456351,-0.47489321009244,0.209660871703421,-0.606628407323108,-3.33007917266957,0.000868212933388931,0.0240656837750569,15.2857563333333,10.10003,179.5,254.4,189.7,315.2,271.1,359.2,8.66,12.29,9.35,15.39,13.18,17.29,"ns"
"ENSG00000145431.13","PDGFC","protein_coding","chr4",1025.52112011637,-0.256162302917814,0.100695367120438,-0.311793381205122,-3.32966366264949,0.000869509466183757,0.0240656837750569,34.4381163333333,27.8333023333333,888,855.6,1000.4,1124.7,1054.8,1229.6,26.76,25.89,30.85,34.33,32.02,36.97,"ns"
"ENSG00000133055.12","MYBPH","protein_coding","chr1",37.8131627272391,-0.0671461787047335,0.12974533516101,-1.51191938569783,-3.32964988089887,0.000869552500683607,0.0240656837750569,2.88597033333333,1.03148833333333,14.6,33,12.1,65.6,47.2,54.3,0.75,1.71,0.64,3.42,2.45,2.79,"ns"
"ENSG00000152894.17","PTPRK","protein_coding","chr6",1095.08305609406,0.324483680782094,0.134043256942833,0.403151646297095,3.32676124601247,0.000878616181660791,0.0242135794908257,18.1707313333333,24.0916253333333,1178.7,1138.7,1422,884.6,1114.5,832.1,22.55,21.88,27.85,17.15,21.48,15.89,"ns"
"ENSG00000134318.18","ROCK2","protein_coding","chr2",2039.69991720552,0.191576765020851,0.0703152441097732,0.225258744549821,3.32658701418869,0.000879165660513321,0.0242135794908257,19.1898293333333,22.499791,2180,2187.5,2228.3,2030.4,1860.7,1751.3,22.11,22.27,23.13,20.85,19,17.71,"ns"
"ENSG00000227051.8","C14orf132","protein_coding","chr14",741.509329636234,0.262541476628532,0.103753830980301,0.320110911563669,3.32657864446988,0.000879192064303194,0.0242135794908257,7.85609433333333,9.83555966666667,824.3,765.6,879.5,703.1,640.8,635.8,9.75,9.1,10.65,8.43,7.64,7.5,"ns"
"ENSG00000152217.22","SETBP1","protein_coding","chr18",665.110354392623,0.251628240763314,0.0986461394909307,0.305649389576723,3.32484203143262,0.000884686452538463,0.0243252811584153,5.40846933333333,6.70074133333333,744.6,734.9,725.8,617.9,563.4,604,6.73,6.67,6.71,5.65,5.13,5.44,"ns"
"ENSG00000205420.12","KRT6A","protein_coding","chr12",72.4503720868593,-0.755624529883661,0.348459830052708,-0.98098665923703,-3.31961155053331,0.000901427826972453,0.0247453645358834,4.064836,2.06685533333333,34.6,52.9,58.5,98.2,104.3,86.1,1.45,2.23,2.51,4.18,4.41,3.6,"ns"
"ENSG00000164484.14","TMEM200A","protein_coding","chr6",33.8862738420125,-0.0878648027713039,0.170176434083986,-1.33723969328889,-3.31723941287606,0.000909116774784126,0.0248579308540991,1.204059,0.471870666666667,20.7,17.9,19,55.8,50.7,39.2,0.5,0.44,0.47,1.39,1.26,0.96,"ns"
"ENSG00000163171.10","CDC42EP3","protein_coding","chr2",5170.06961065954,-0.168326837697538,0.0602566802192346,-0.19508360731044,-3.3170745483853,0.000909653412160149,0.0248579308540991,125.450873,109.906581,4851.9,4642.4,4967.2,5474.8,5941.6,5142.5,109.59,105.29,114.84,125.26,135.19,115.9,"ns"
"ENSG00000197077.16","KIAA1671","protein_coding","chr22",1965.77556603432,0.170067093139036,0.0609674034883014,0.197188410000306,3.31698701620288,0.000909938450543307,0.0248579308540991,16.7835136666667,19.3034666666667,2085.3,2118.2,2097,1917.9,1800.1,1776.2,18.99,19.37,19.55,17.69,16.51,16.14,"ns"
"ENSG00000244405.10","ETV5","protein_coding","chr3",4882.82806829215,-0.155272997505249,0.054635273739832,-0.178026394642436,-3.31330011145779,0.000922019867021934,0.0251473483086144,146.535804333333,129.919729333333,4457.6,4594.7,4691.9,5436.9,4846,5270,125.25,129.6,134.91,154.73,137.15,147.73,"ns"
"ENSG00000120910.17","PPP3CC","protein_coding","chr8",415.693429760544,0.300033384970355,0.123154733147176,0.37166500650064,3.31185411690815,0.000926798614990683,0.0252369799991827,14.9864916666667,19.4405783333333,488.3,461.9,456.6,360.6,371.1,355.7,20.08,19.05,19.2,14.99,15.38,14.59,"ns"
"ENSG00000049192.16","ADAMTS6","protein_coding","chr5",28.7506418470064,1.21215439346516,0.577177191108043,1.58744437008327,3.31087159724611,0.000930058746120223,0.025256721462739,0.225248666666667,0.683011666666667,60,25.3,44.3,16.7,11.4,14.8,0.94,0.4,0.71,0.26,0.18,0.23,"up"
"ENSG00000013588.12","GPRC5A","protein_coding","chr12",426.137220040756,0.485600970629807,0.217260963981101,0.622334192233849,3.31073038805831,0.000930528169326576,0.025256721462739,9.29141266666667,14.3962166666667,373.9,629.7,547.4,341.7,281.6,382.5,10.31,17.42,15.46,9.53,7.83,10.52,"ns"
"ENSG00000174804.5","FZD4","protein_coding","chr11",141.266530138666,0.523860474926511,0.235937283940492,0.673283019669435,3.31028675033161,0.000932004387507342,0.025256721462739,1.460393,2.330513,200.1,159.8,160.8,112.6,98.4,115.8,2.66,2.13,2.19,1.52,1.32,1.54,"ns"
"ENSG00000120885.24","CLU","protein_coding","chr8",15557.1107015971,-0.122187739464458,0.041033330006372,-0.135892334064991,-3.30960396774919,0.000934280607530026,0.0252778961173324,1312.526602,1197.84261466667,15460.3,14742.9,14273.2,16750.9,16184.4,15930.9,1238.26,1185.36,1169.91,1358.9,1305.7,1272.98,"ns"
"ENSG00000179542.18","SLITRK4","protein_coding","chrX",23.4659394485377,-0.0553128472831191,0.114700405285164,-1.73519624119266,-3.30770383564575,0.000940642294022931,0.0254093629264022,0.359210666666667,0.107566666666667,12.7,8.3,11.4,48.7,25.3,34.5,0.13,0.08,0.12,0.49,0.25,0.34,"ns"
"ENSG00000179195.18","ZNF664","protein_coding","chr12",2023.42906855534,0.213741570635703,0.0812525808926703,0.255195799746719,3.30582654036313,0.000946966910788605,0.0255394106242987,41.685993,49.9330616666667,2089.6,2052.5,2462.5,1809.2,1873,1853.8,46.93,46.28,56.59,41.16,42.36,41.53,"ns"
"ENSG00000135446.19","CDK4","protein_coding","chr12",2305.44179951773,-0.168538828323319,0.0607266331563824,-0.195692533351578,-3.30343676518748,0.000955075066228046,0.0257170690603762,233.982431666667,204.965647,2256.4,2163.4,2030.3,2456.1,2460.1,2466.3,213.28,205.24,196.37,235.16,234.23,232.55,"ns"
"ENSG00000111452.15","ADGRD1","protein_coding","chr12",50.3107554172672,-0.0529067997262056,0.112154349476847,-1.68850657177348,-3.30194032332652,0.000960184963180466,0.0258135575952014,2.25254633333333,0.697046,14.6,36.6,20.2,36.6,131.9,61.9,0.42,1.06,0.61,1.07,3.87,1.81,"ns"
"ENSG00000114861.26","FOXP1","protein_coding","chr3",52.3440879693306,-0.0404784166529699,0.101306297479217,-1.93673335668122,-3.29867816768216,0.000971412124631352,0.0260729987222193,2.30929133333333,0.711766333333333,52.6,12.4,8.9,127.2,63.6,49.3,1.52,0.35,0.27,3.69,1.84,1.4,"ns"
"ENSG00000152601.20","MBNL1","protein_coding","chr3",4262.15590292235,0.205593000237219,0.0778346904423074,0.244888614880109,3.29824295917575,0.00097291911257956,0.0260729987222193,68.7142293333333,81.653586,4380.9,4910.3,4578.7,4126.2,4134.7,3442.3,76.68,86.27,82.01,73.15,72.89,60.11,"ns"
"ENSG00000101224.20","CDC25B","protein_coding","chr20",5772.1988929707,-0.13515140349066,0.0465303079672718,-0.152469753977985,-3.29540837613532,0.000982787459356156,0.02628606631674,209.295226333333,188.928950333333,5318.2,5533.9,5550.6,5889.2,6354.4,5986.9,182.09,190.2,194.49,204.23,219.15,204.51,"ns"
"ENSG00000184221.13","OLIG1","protein_coding","chr21",154.339282878325,-0.504963122384208,0.228844371943194,-0.650827412191497,-3.29506798614886,0.00098397870955035,0.02628606631674,9.82024266666667,6.256625,129.4,106.5,123.8,205.8,162.7,197.8,6.69,5.53,6.55,10.78,8.48,10.2,"ns"
"ENSG00000167889.15","MGAT5B","protein_coding","chr17",1446.72553326743,-0.238193702181953,0.0937951611740443,-0.289282771763717,-3.29454332941678,0.000985817450009586,0.0262936483906342,41.448509,34.0246016666667,1416.4,1260.1,1230.1,1432.9,1643,1697.7,36.69,32.77,32.61,37.6,42.87,43.88,"ns"
"ENSG00000072840.15","EVC","protein_coding","chr4",552.06207338029,0.331807345452316,0.141012777708789,0.416486637851911,3.29125666355113,0.000997408657079534,0.0265609140019133,10.169784,13.6281643333333,719.8,634.8,541.2,472.1,504.6,439.9,15.39,13.64,11.85,10.24,10.88,9.39,"ns"
"ENSG00000181222.19","POLR2A","protein_coding","chr17",4155.91024960165,0.161849276317097,0.0580265748417075,0.186990437228692,3.29006608339994,0.00100163856015719,0.026631616434368,59.991636,68.5100696666667,4293.6,4416,4564.4,3812.6,4162.1,3686.8,65.87,68,71.66,59.24,64.31,56.43,"ns"
"ENSG00000025293.19","PHF20","protein_coding","chr20",1364.81694758225,0.212704886976756,0.0816858205497401,0.254918774678029,3.28715427904087,0.00101205371430744,0.0268470700144855,34.2028666666667,40.9640386666667,1389.8,1561.4,1504.7,1186.6,1323.6,1222.8,37.99,42.84,42.06,32.83,36.44,33.33,"ns"
"ENSG00000008086.14","CDKL5","protein_coding","chrX",164.816657015588,0.615352072666719,0.288203882330653,0.801495941722579,3.28691410442252,0.0010129172483289,0.0268470700144855,0.926918666666667,1.62228066666667,245.7,235.2,148.3,147.3,106.1,106.3,1.89,1.82,1.16,1.15,0.82,0.82,"ns"
"ENSG00000167552.18","TUBA1A","protein_coding","chr12",6740.53094366791,-0.12094185898013,0.0408164431944947,-0.134199666527391,-3.28381699406187,0.00102411400305297,0.0271013580463625,417.033250666667,381.178212,6568.7,6428.4,6285.2,6949.5,6955.9,7255.4,386.14,379.34,378.05,413.74,411.87,425.49,"ns"
"ENSG00000111775.5","COX6A1","protein_coding","chr12",2444.10374996556,-0.16130428167026,0.0580676180992344,-0.186596018082653,-3.2805105952117,0.00103619372804766,0.0273781811582593,707.839124666667,623.727054,2360.8,2182.2,2314.5,2529.8,2612.9,2664.4,638.4,592.31,640.47,692.95,711.75,718.82,"ns"
"ENSG00000102786.17","INTS6","protein_coding","chr13",906.522130074786,0.222899339150276,0.0870016300904149,0.26901286260527,3.27761303688316,0.00104688804599939,0.0276175926019496,23.6211626666667,28.541704,1047.8,955.5,969.2,804.1,816.3,846.2,29.93,27.38,28.32,23.27,23.48,24.12,"ns"
"ENSG00000100626.19","GALNT16","protein_coding","chr14",135.384839583674,0.656077751009666,0.31327589335853,0.85998601049684,3.27422797076546,0.00105951096888483,0.027907056828415,2.78624233333333,5.00603466666667,149.9,185.1,187,135.9,73.9,80.5,4.27,5.3,5.45,3.93,2.13,2.3,"ns"
"ENSG00000087116.19","ADAMTS2","protein_coding","chr5",24.8783681021695,-0.0551970539165862,0.114474367012039,-1.66143360261008,-3.27217085778313,0.00106725058408968,0.0280671965427005,1.030916,0.324036333333333,10,13.9,11.6,26,32.6,55.2,0.27,0.38,0.32,0.72,0.88,1.49,"ns"
"ENSG00000130203.12","APOE","protein_coding","chr19",506.478069303365,-0.270323989930633,0.11135790123382,-0.334529225846532,-3.26766002658142,0.00108440541951039,0.0284740615588832,61.9685166666667,49.3041613333333,451.5,438.5,453.8,568.1,544.6,582.4,49.28,48,50.63,62.71,59.84,63.36,"ns"
"ENSG00000176533.15","GNG7","protein_coding","chr19",194.460797384679,-0.42447836238888,0.192596298757864,-0.546784167800787,-3.26215705136063,0.00110567868463573,0.028987638073163,5.07902833333333,3.49305833333333,163.1,169.4,142.1,226.2,223.1,242.9,3.57,3.73,3.18,5.01,4.92,5.31,"ns"
"ENSG00000196262.17","PPIA","protein_coding","chr7",23141.4598872506,-0.103168974113009,0.0344187551663008,-0.11307246129113,-3.25879409490795,0.00111886841424455,0.0292872303576085,3563.87711433333,3305.479256,22535.4,22472.4,21699.2,23641.5,23744.3,24755.9,3320.56,3323.97,3271.9,3528.4,3524.09,3639.14,"ns"
"ENSG00000146950.14","SHROOM2","protein_coding","chrX",3116.46250027586,-0.178125711159296,0.0664115440184706,-0.209608667261392,-3.25817135179081,0.00112132675854638,0.0292872303576085,106.369403,92.2284803333333,2917,2907,2847.6,3485.9,3505.5,3035.9,92.24,92.28,92.16,111.66,111.68,95.77,"ns"
"ENSG00000140905.13","GCSH","protein_coding","chr16",411.768802698366,-0.371864867708393,0.165165534875994,-0.474826788277325,-3.25792467827098,0.00112230190844059,0.0292872303576085,48.8890073333333,35.310583,290,326.8,416.3,499.4,465.3,472.7,29.38,33.32,43.23,51.31,47.54,47.81,"ns"
"ENSG00000151892.18","GFRA1","protein_coding","chr10",1952.57956619082,0.217644213741095,0.0852915678399175,0.262621146151282,3.25748459510497,0.00112404359285232,0.0292874840602969,21.9677463333333,26.4362723333333,2312.6,1928.8,2148.9,1859.7,1820.5,1644.9,28.45,23.82,27.05,23.17,22.55,20.18,"ns"
"ENSG00000198959.14","TGM2","protein_coding","chr20",385.078885353669,-0.329652151703103,0.143144823371511,-0.417051826329244,-3.25626746987443,0.00112887353979944,0.0293680793200132,12.726069,9.56871466666667,328,345.9,316.3,464,464.2,392.1,9.42,9.98,9.31,13.5,13.44,11.23,"ns"
"ENSG00000136295.18","TTYH3","protein_coding","chr7",7156.98370146008,-0.106405934347356,0.0356325306623629,-0.116773168727248,-3.25371473026435,0.00113906601925584,0.029567919324549,163.781473333333,151.537491,6830.6,6895.7,6876.4,7370.3,7533.4,7435.5,149.37,151.37,153.87,163.22,165.92,162.2,"ns"
"ENSG00000100342.24","APOL1","protein_coding","chr22",432.416995266704,-0.293359174880063,0.124305970738439,-0.367233327369004,-3.25346884935843,0.00114005224125405,0.029567919324549,16.4928266666667,12.8341596666667,400.2,370.2,363.2,483.7,505.7,471.5,13.46,12.51,12.53,16.5,17.15,15.83,"ns"
"ENSG00000067082.17","KLF6","protein_coding","chr10",3921.62476774061,0.163662677694028,0.0598702150923617,0.190214459437418,3.25047085135878,0.00115214078602344,0.0297926947886616,101.157466666667,115.741797666667,4504.3,4075.6,3961,3769,3648,3571.8,123.65,112.31,111.27,104.79,100.86,97.82,"ns"
"ENSG00000243244.9","STON1","protein_coding","chr2",383.290615435034,0.326940197873738,0.142036740255523,0.413307839362953,3.25044572448405,0.00115224260152482,0.0297926947886616,5.350266,7.148986,449.6,419.1,444.5,313.2,367.8,305.5,7.27,6.81,7.37,5.14,5.99,4.93,"ns"
"ENSG00000175130.9","MARCKSL1","protein_coding","chr1",1792.53879546993,-0.168856885789285,0.0623288468809021,-0.197348699481168,-3.2499957543788,0.00115406731403929,0.0297943179853502,130.346748666667,114.078567333333,1611.5,1738.9,1660.8,1915.1,1896.3,1932.5,109.07,118.14,115.03,131.28,129.27,130.48,"ns"
"ENSG00000173548.10","SNX33","protein_coding","chr15",826.270102884099,0.219418112393029,0.0867147929231307,0.265679215212627,3.24650106952181,0.00116833009074122,0.0301165576744422,15.3846296666667,18.553473,932.4,900.4,874,755.5,752,743.3,19,18.42,18.23,15.6,15.44,15.12,"ns"
"ENSG00000105429.14","MEGF8","protein_coding","chr19",1146.45714624365,-0.246005662117789,0.100438686504192,-0.302639033047235,-3.24475212631664,0.00117552900961023,0.0302188701362126,13.3349026666667,10.8603103333333,926.6,1119.7,1036.1,1373.2,1207.7,1215.4,9.7,11.78,11.1,14.57,12.74,12.7,"ns"
"ENSG00000141756.22","FKBP10","protein_coding","chr17",4587.7721740366,-0.139716847225611,0.0486219911535039,-0.156499833840133,-3.2446687444662,0.00117587324362081,0.0302188701362126,225.341251333333,202.850455,4233.3,4384.8,4398.7,4647.9,4819.7,5042.2,196.11,203.92,208.52,218.11,224.89,233.02,"ns"
"ENSG00000241468.10","ATP5MF","protein_coding","chr7",1658.9018830486,-0.170584460519679,0.0635351809185348,-0.200326612450241,-3.24078747725789,0.00119200014545204,0.0305868322603855,798.065146,696.830677333333,1562.3,1543.8,1526,1739.7,1838.9,1742.7,698.78,693.21,698.49,788.05,828.56,777.58,"ns"
"ENSG00000172115.11","CYCS","protein_coding","chr7",2779.9924619212,-0.168059319208922,0.0622103456084944,-0.196407527377445,-3.24014159045946,0.00119470359310973,0.0306097541810386,281.112794666667,246.251930666667,2523.4,2772.2,2480.9,2857.7,3022.3,3023.5,237.68,262.03,239.05,272.6,286.7,284.04,"ns"
"ENSG00000151967.20","SCHIP1","protein_coding","chr3",946.880316521674,-0.270239939360406,0.11348247525074,-0.33650613072807,-3.23668603482466,0.00120926376575847,0.0309303675956344,62.1922576666667,49.3457316666667,886.1,832.9,792.1,1092.4,1162.8,915,51.78,48.89,47.37,64.69,68.49,53.39,"ns"
"ENSG00000161249.23","DMKN","protein_coding","chr19",51.7920882426176,-0.830429101616707,0.413553484707238,-1.10605543882012,-3.23630590783896,0.00121087541976996,0.0309303675956344,8.80575066666667,4.093907,32.9,29.3,36.1,90.7,65.5,56.2,4.05,3.67,4.56,11.33,8.17,6.91,"ns"
"ENSG00000121310.19","ECHDC2","protein_coding","chr1",328.779208593294,-0.367390412258941,0.166164278941877,-0.471909809860294,-3.23096556551605,0.00123372801941583,0.0314665773881171,29.598057,21.4299536666667,262.5,298.2,266.3,329.6,386.5,429.5,20.23,23.06,21,25.72,30,33.07,"ns"
"ENSG00000187957.10","DNER","protein_coding","chr2",116.522850140996,-0.546639300138016,0.26362459625119,-0.719904884436064,-3.23031724821982,0.00123652927319134,0.0314905271229903,4.62807633333333,2.82850133333333,100.6,88.1,76,133,142.9,158.5,3.19,2.83,2.47,4.27,4.58,5.03,"ns"
"ENSG00000049323.18","LTBP1","protein_coding","chr2",487.454627817821,-0.368185751752181,0.166830788414917,-0.47336480359094,-3.2294625332892,0.00124023130786433,0.0315373103999788,11.448986,8.262639,455.6,343.9,424.1,609.7,475.1,616.3,9.15,6.93,8.71,12.4,9.61,12.34,"ns"
"ENSG00000106603.22","COA1","protein_coding","chr7",2084.09613179759,0.167768577608232,0.0627034274910935,0.196550742449891,3.21761132265887,0.00129262853884637,0.0328203432310692,157.936071,181.543089,2291.8,2211,2174.7,1845.5,1959.9,2021.6,185.27,179.44,179.92,151.14,159.6,163.07,"ns"
"ENSG00000125869.12","LAMP5","protein_coding","chr20",8.22723022971439,-0.0259818098512964,0.0930517022581128,-3.3718851003674,-3.21664789959854,0.00129697664408058,0.0328813718911585,0.841552333333333,0.0846113333333333,2.1,2.4,0,11.9,19.9,13,0.12,0.13,0,0.67,1.12,0.73,"ns"
"ENSG00000116560.13","SFPQ","protein_coding","chr1",5503.91385816626,-0.127807332955088,0.0450087544480279,-0.144379200901373,-3.21466670604122,0.00130596058803616,0.0330595711731907,194.646959666667,176.655681666667,5411.2,5238.2,5039.5,5808.6,5879.9,5646.1,181.21,176.06,172.69,197.02,198.32,188.6,"ns"
"ENSG00000151693.13","ASAP2","protein_coding","chr2",1899.58700745252,-0.25453772807995,0.106908898515839,-0.316397282335764,-3.21136321075106,0.00132106847149812,0.0333378233949332,59.3549906666667,47.783068,1766.8,1721.9,1586.1,1810.7,2438,2074,49.48,48.4,45.47,51.36,68.77,57.93,"ns"
"ENSG00000105383.18","CD33","protein_coding","chr19",80.1266013449355,0.680515271188168,0.34290628709894,0.908890761364863,3.21124666482629,0.00132160440475323,0.0333378233949332,3.96665,7.37158233333333,105.4,95.7,110.7,74.9,45,49,7.38,6.77,7.97,5.28,3.2,3.42,"ns"
"ENSG00000136193.19","SCRN1","protein_coding","chr7",5893.8753835765,0.139954195422651,0.0502930126287586,0.160067992745155,3.21097228764523,0.00132286691295093,0.0333378233949332,91.2319666666667,102.244443333333,6054.9,6251.3,6355.1,5855.3,5579.4,5267.3,98.61,102.2,105.92,96.59,91.53,85.58,"ns"
"ENSG00000138756.21","BMP2K","protein_coding","chr4",664.467885954815,0.258444350344184,0.108906261005727,0.321499266540229,3.20894180336202,0.0013322445492295,0.0335241894754032,9.293808,11.6548546666667,705.2,709.2,799.4,589.2,559.5,624.3,11.03,11.14,12.8,9.33,8.81,9.74,"ns"
"ENSG00000083844.12","ZNF264","protein_coding","chr19",547.466824298013,0.339476800382467,0.153920327991972,0.43565443441453,3.20378999010878,0.00135631371995531,0.0340453546186194,7.73932633333333,10.5251496666667,682.7,683.5,524.7,421.4,519.8,452.7,11.31,11.37,8.9,7.07,8.67,7.48,"ns"
"ENSG00000204262.16","COL5A2","protein_coding","chr2",2364.04636966252,0.169517586189134,0.0639319811608557,0.199252674534153,3.20364811438885,0.00135698220064751,0.0340453546186194,33.9533113333333,39.0880193333333,2552.9,2437.4,2589.6,2346.9,2122.1,2135.4,39.13,37.51,40.62,36.44,32.77,32.66,"ns"
"ENSG00000183688.4","RFLNB","protein_coding","chr17",297.623079777889,0.381726399362118,0.17729425693639,0.494699176534945,3.20156032577493,0.00136685451331325,0.0342127786766865,6.14429166666667,8.68529233333333,346.9,352.8,345,261.2,278.4,201.4,8.58,8.76,8.72,6.54,6.94,4.96,"ns"
"ENSG00000188501.13","LCTL","protein_coding","chr15",384.901408530366,-0.347031395726979,0.158683047199786,-0.447240472884368,-3.20138177915442,0.00136770185602839,0.0342127786766865,29.739607,21.8959133333333,335.9,354.5,287.6,389.2,467.7,474.5,22.35,23.72,19.61,26.28,31.38,31.55,"ns"
"ENSG00000153976.4","HS3ST3A1","protein_coding","chr17",1749.16068314063,0.166378666412136,0.0626114677766236,0.19518348521085,3.19852943727847,0.00138130429998082,0.0345020025298017,53.8636983333333,61.848152,1923.2,1866.1,1812.9,1638.4,1592,1662.4,63.13,61.5,60.91,54.49,52.64,54.46,"ns"
"ENSG00000135842.19","NIBAN1","protein_coding","chr1",1245.31594601296,0.232789023450837,0.0960419784026224,0.286510471035378,3.19746524415158,0.00138641117538766,0.0345784852150522,14.5916593333333,17.832771,1327,1348.7,1428.9,1209.6,1170.3,987.3,17.13,17.49,18.88,15.82,15.23,12.72,"ns"
"ENSG00000164291.19","ARSK","protein_coding","chr5",306.118353813888,0.330073676503643,0.149171715500418,0.423007588865523,3.19684338518265,0.00138940342136685,0.0346020793156309,9.57494166666667,12.8791246666667,348.4,372.5,331.8,268,265.5,250.5,12.68,13.6,12.36,9.88,9.74,9.11,"ns"
"ENSG00000109189.15","USP46","protein_coding","chr4",498.421334841478,0.266418011676735,0.114097292210226,0.333546082742482,3.19542143097982,0.00139626793810976,0.0347218982844648,8.124189,10.269743,565,533.8,568,446.4,454.9,422.3,10.35,9.81,10.64,8.27,8.38,7.72,"ns"
"ENSG00000187955.15","COL14A1","protein_coding","chr8",504.840732485011,-0.311814240076674,0.139405943145945,-0.398037375023511,-3.19479774219557,0.00139928866550644,0.0347459197264521,7.151059,5.445738,487.3,411.7,408.9,590.6,620,510.5,6.04,5.12,5.18,7.41,7.74,6.31,"ns"
"ENSG00000137642.15","SORL1","protein_coding","chr11",1594.9033715073,-0.225004130331412,0.0922581258259212,-0.276114331987429,-3.19379937033982,0.00140413665074623,0.0348151770734879,16.1982373333333,13.4157006666667,1425.4,1502.2,1401.1,1971.6,1601.6,1667.5,13.14,13.89,13.21,18.4,14.87,15.33,"ns"
"ENSG00000141349.12","G6PC3","protein_coding","chr17",1901.42243461492,-0.160457786969894,0.0600257961987587,-0.187487857714502,-3.19239419435011,0.00141098627437944,0.0349337890186768,139.228162,122.697680666667,1760.9,1791.5,1782.1,1981.3,2100.4,1992.2,120.41,122.99,124.69,137.17,144.65,135.87,"ns"
"ENSG00000128872.12","TMOD2","protein_coding","chr15",270.67079231194,0.379107594731974,0.177549934787377,0.49271717302083,3.19144170978279,0.00141564672802812,0.0349628166609733,2.38379833333333,3.35791533333333,275.1,334,339.6,209.4,219.8,246.2,2.89,3.53,3.66,2.23,2.33,2.59,"ns"
"ENSG00000124783.16","SSR1","protein_coding","chr6",3460.15184688005,0.148258717966787,0.0543743342275862,0.171083503330566,3.19130967733998,0.00141629387420264,0.0349628166609733,92.976963,105.030297333333,3642.1,3870.9,3485.1,3275.5,3276.6,3210.8,103.44,110.37,101.28,94.22,93.73,90.97,"ns"
"ENSG00000076604.17","TRAF4","protein_coding","chr17",2287.45971251863,-0.183628142902428,0.0714092917504016,-0.219355776434432,-3.19016247210312,0.0014219282977084,0.0350436031318579,174.752654333333,150.628565666667,2159.5,2193.6,1990.3,2279.9,2574.3,2527.2,152.54,155.52,143.83,163.06,183.12,178.08,"ns"
"ENSG00000233589.1","DEPDC1-AS2","lncRNA","chr1",120.550858463264,-0.511107996295465,0.252483392622642,-0.678620251265676,-3.18980034689654,0.00142371113847347,0.0350436031318579,15.8995013333333,9.97331033333333,105.9,83.9,88.2,153.8,139.7,151.7,11.29,8.97,9.66,16.57,15,16.13,"ns"
"ENSG00000114948.15","ADAM23","protein_coding","chr2",561.059113465263,0.305885552212154,0.136668274236796,0.389756225351293,3.18663257440374,0.00143939503230995,0.0353781540644786,12.650341,16.5875533333333,710.2,589.6,608.7,465.2,547.2,445.6,18.35,15.31,16.1,12.18,14.27,11.5,"ns"
"ENSG00000115112.10","TFCP2L1","protein_coding","chr2",88.4359862651723,-0.705998883191145,0.369765249023472,-0.956504877090025,-3.18409772772087,0.00145205980021254,0.0356376360255357,1.41593933333333,0.720333666666667,52.4,64.3,62,111.5,159.6,80.9,0.63,0.77,0.76,1.35,1.93,0.97,"ns"
"ENSG00000113231.15","PDE8B","protein_coding","chr5",35.093227212727,-0.0784228665707919,0.148035707037669,-1.2868299313321,-3.18198249177431,0.00146270660496113,0.0357748168806356,1.01546166666667,0.415696333333333,19.5,17.5,23.9,60.8,40,48.8,0.4,0.36,0.5,1.24,0.82,0.99,"ns"
"ENSG00000198873.14","GRK5","protein_coding","chr10",494.97166281213,-0.265791980587702,0.114872947182653,-0.334041296960765,-3.18171768032266,0.00146404455919805,0.0357748168806356,20.3297616666667,16.1757303333333,439.1,417.8,456.2,554.3,535.1,567.3,16.07,15.37,17.09,20.54,19.73,20.72,"ns"
"ENSG00000166341.10","DCHS1","protein_coding","chr11",453.079676623906,-0.276725750388166,0.121021477416442,-0.349647281944169,-3.1814711605175,0.00146529110887727,0.0357748168806356,4.46827066666667,3.51854533333333,380.2,415.2,400.2,529,502.3,491.5,3.33,3.65,3.58,4.69,4.43,4.29,"ns"
"ENSG00000131051.26","RBM39","protein_coding","chr20",3679.96358627957,-0.174371733453026,0.067108755245255,-0.206863068366643,-3.18130899322411,0.00146611165572327,0.0357748168806356,251.755782,218.922783,3398,3128.2,3722,3868.1,3913.3,4050.1,215.67,199.33,241.77,248.65,250.17,256.44,"ns"
"ENSG00000214046.11","SMIM7","protein_coding","chr19",585.237126571353,-0.259234944770893,0.1114126226865,-0.324907824249354,-3.18002258673644,0.00147263573465839,0.035875111503861,66.4513196666667,53.255445,484.5,512.2,561.5,646.9,637.2,669.1,49.18,52.24,58.35,66.49,65.14,67.72,"ns"
"ENSG00000214357.11","NEURL1B","protein_coding","chr5",2190.16738871683,-0.156681534566591,0.0585696216613081,-0.182613177681149,-3.17966284570414,0.00147446496127637,0.035875111503861,36.9510383333333,32.6590436666667,2107.3,2049.4,1999.5,2346.7,2391.8,2246.3,33.24,32.45,32.28,37.5,38.01,35.35,"ns"
"ENSG00000173334.5","TRIB1","protein_coding","chr8",634.00764260437,0.253966246703756,0.108609719892183,0.317369949381568,3.17811995187747,0.00148233410558426,0.0360147553526291,14.701295,18.3800176666667,733.4,732.4,645.3,572.2,542.4,578.3,18.99,19.04,17.1,15.01,14.15,14.94,"ns"
"ENSG00000148426.14","PROSER2","protein_coding","chr10",32.5931273990188,-0.0723914398027143,0.137279347802704,-1.34145760967848,-3.17765079270623,0.0014847345961198,0.0360213228412995,2.61433866666667,1.04602666666667,24.2,14.2,17.4,41.9,54,43.8,1.35,0.8,0.99,2.37,3.04,2.44,"ns"
"ENSG00000157601.17","MX1","protein_coding","chr21",138.769281672904,-0.459042029120346,0.22535414413045,-0.607858146198901,-3.17660293462181,0.00149010898542316,0.0360999182571715,6.46788,4.24016466666667,108.4,114.1,107.5,169.8,159.5,173.4,4.14,4.37,4.21,6.6,6.17,6.64,"ns"
"ENSG00000138798.15","EGF","protein_coding","chr4",52.0211342494435,1.11591289522254,0.627697786712738,1.54423811467898,3.17495064987608,0.00149861986135699,0.036254165744702,0.677261333333333,2.000198,33.3,114.8,85.1,25.4,15.7,37.9,0.85,2.91,2.25,0.66,0.41,0.97,"up"
"ENSG00000075651.19","PLD1","protein_coding","chr3",1018.18914011042,-0.280417754371203,0.12293286531844,-0.353434135876946,-3.1741445724185,0.00150278817880418,0.036303068719398,24.893056,19.5953263333333,775.8,1050.7,859.5,1209.1,1070.3,1143.8,16.82,22.88,19.08,26.55,23.38,24.75,"ns"
"ENSG00000197172.13","MAGEA6","protein_coding","chrX",998.204145932649,-0.216673719907219,0.0888998376641099,-0.265404652214592,-3.17226518453226,0.00151254822166677,0.0364867195840015,62.0462193333333,51.798978,858.8,926.7,934.5,1120.2,1132.4,1016.7,48.6,52.66,54.14,64.2,64.54,57.39,"ns"
"ENSG00000179295.21","PTPN11","protein_coding","chr12",4006.06549092379,0.144031888297507,0.0528948331772265,0.165848786225269,3.17179413121393,0.00151500363213946,0.0364938909109378,53.0465313333333,59.682882,4227.5,4052.4,4426.1,3920.6,3710.7,3699.1,59.01,56.8,63.23,55.44,52.18,51.52,"ns"
"ENSG00000141644.21","MBD1","protein_coding","chr18",1365.99402587474,0.182069269098214,0.0712770150770635,0.217452477396448,3.16710451255011,0.00153964973980366,0.0370348180655475,45.8873743333333,53.559105,1412.6,1537.6,1457.4,1242.5,1254.7,1291.2,51.03,55.76,53.88,45.47,45.66,46.54,"ns"
"ENSG00000151458.14","ANKRD50","protein_coding","chr4",906.845422059866,0.243706439450491,0.103680859610166,0.303549397553975,3.16659644448857,0.00154234192494978,0.0370468777711658,7.534533,9.32313233333333,981,965.2,1058.9,875,837.3,723.7,9.04,8.93,9.99,8.17,7.78,6.66,"ns"
"ENSG00000141526.20","SLC16A3","protein_coding","chr17",3617.22562709585,0.132718728108303,0.048013877926833,0.15117429972095,3.16436363194412,0.00155422477139972,0.0372545033778821,207.565789666667,231.254492333333,3879.9,3883,3659.2,3444.3,3421.2,3415.7,233.62,234.68,225.46,210.05,207.49,205.16,"ns"
"ENSG00000158106.17","RHPN1","protein_coding","chr8",359.550658399075,-0.304729341214578,0.13822292967144,-0.390777531595462,-3.16414514851789,0.00155539203931312,0.0372545033778821,18.294449,13.997913,292.9,312.3,327.9,389.2,416,418.9,13.06,13.98,14.96,17.57,18.68,18.63,"ns"
"ENSG00000151239.16","TWF1","protein_coding","chr12",2544.03306573466,0.186044974612659,0.0733643944190524,0.222874279638841,3.16261685079999,0.00156357971158617,0.037354971282251,74.6666506666667,87.4134853333333,2702.5,2901.3,2618.3,2269.5,2556.1,2216.5,85.46,92.07,84.71,72.69,81.41,69.9,"ns"
"ENSG00000140564.15","FURIN","protein_coding","chr15",2515.80673672519,0.149099944036176,0.0554587660120104,0.172785200577663,3.16253772238182,0.00156400471128526,0.037354971282251,56.4089296666667,63.765589,2706.3,2646.5,2645.4,2455.7,2274.4,2366.5,64.15,62.98,64.17,58.96,54.3,55.96,"ns"
"ENSG00000167971.17","CASKIN1","protein_coding","chr16",163.313521357327,0.547325294539547,0.282896354343799,0.73710609356397,3.16139127997298,0.00157017421411274,0.0374494301278512,4.45834966666667,7.445647,189.1,240.7,182.3,88.9,146.1,132.8,6.85,8.74,6.75,3.26,5.33,4.79,"ns"
"ENSG00000082701.19","GSK3B","protein_coding","chr3",1318.99848784615,0.325148409046017,0.150456259152117,0.419988338944216,3.16040975939097,0.00157547399747177,0.0374868284498077,35.258483,47.2571253333333,1413.2,1721.9,1393.1,1033.5,1401.7,950.5,43.85,53.67,44.25,32.5,43.83,29.44,"ns"
"ENSG00000152409.12","JMY","protein_coding","chr5",564.063326402773,0.287409158481389,0.128521264380123,0.365907005209189,3.1602799888846,0.00157617593304632,0.0374868284498077,4.830162,6.23928,620,636.2,649.3,541.8,512.6,424.4,6.04,6.21,6.47,5.34,5.03,4.12,"ns"
"ENSG00000180891.15","CUEDC1","protein_coding","chr17",1171.27137022192,-0.199412590449056,0.0806604236228779,-0.24224148553697,-3.15711160360801,0.00159340348907271,0.0378131504937436,49.39693,41.8911463333333,1071.7,1055,1092.3,1179.8,1315.4,1313.4,41.46,40.98,43.23,46.23,51.27,50.69,"ns"
"ENSG00000116133.15","DHCR24","protein_coding","chr1",8548.08172576337,-0.119509931813502,0.0427678647865318,-0.135296393223846,-3.1569350052665,0.00159436879373384,0.0378131504937436,197.227882333333,180.135230666667,8106.4,8475.4,7865.3,9178.4,8935.5,8727.5,177.63,186.42,176.36,203.7,197.21,190.77,"ns"
"ENSG00000143344.18","RGL1","protein_coding","chr1",1563.30136404844,0.188881679122782,0.075162243561374,0.227248381893782,3.15494696020821,0.00160527285629378,0.0380184369746889,24.7706126666667,29.080542,1670.3,1746.7,1642.2,1550.5,1396.2,1373.9,28.55,29.97,28.72,26.84,24.04,23.43,"ns"
"ENSG00000101955.17","SRPX","protein_coding","chrX",2540.79645415627,-0.155151803898146,0.058665206621347,-0.18150008468351,-3.15348696705116,0.00161332432194308,0.038155684313367,143.130878666667,126.589625,2514.6,2310.1,2318.8,2665.6,2664.5,2771.1,132.52,122.21,125.05,142.27,141.43,145.69,"ns"
"ENSG00000307842.1","ENSG00000307842","lncRNA","chr19",207.811595838511,0.376534730022992,0.180997135987127,0.493841382221305,3.15306362824009,0.0016156658623187,0.0381576951561582,48.7175983333333,68.7901953333333,239.2,236.6,253.1,175,164.5,178.5,67.1,66.62,72.65,49.72,46.49,49.94,"ns"
"ENSG00000138119.19","MYOF","protein_coding","chr10",8476.17093177519,0.0980643496380041,0.0336110705201603,0.107044582379206,3.15156859886135,0.00162396010960744,0.0382669862647145,119.973759333333,129.614112,8844.6,8761.4,8765.9,8208.5,8174.5,8102.3,129.25,128.52,131.08,121.48,120.32,118.12,"ns"
"ENSG00000184939.17","ZFP90","protein_coding","chr16",714.078598974348,0.321869302479844,0.149653967149105,0.416391074383239,3.15110020675718,0.00162656674493824,0.0382669862647145,17.289935,23.168858,935.9,846.9,668.4,547.6,660.5,625.1,26.33,23.92,19.26,15.61,18.72,17.54,"ns"
"ENSG00000138031.17","ADCY3","protein_coding","chr2",1127.42283239197,0.235975131411846,0.100404640302731,0.293477182061802,3.15100763216245,0.00162708238464398,0.0382669862647145,32.387502,39.8320373333333,1394.5,1107,1224.4,991,1005.3,1042.3,44.34,35.32,39.84,31.9,32.2,33.06,"ns"
"ENSG00000146826.19","TRAPPC14","protein_coding","chr7",340.208154052099,-0.334838258237633,0.15725152870378,-0.43526217285952,-3.15034879813753,0.00163075643188488,0.0383001267544073,25.377727,18.8105043333333,297.9,274.5,294.8,341.6,426.8,405.7,19.21,17.77,19.45,22.31,27.72,26.1,"ns"
"ENSG00000072422.19","RHOBTB1","protein_coding","chr10",316.233667355849,0.38719984333969,0.18858101473718,0.510095274534345,3.14668707646933,0.00165131586243222,0.0387291972728556,6.27112366666667,8.969253,308.3,415.4,391.3,297.5,252.2,232.6,7.37,9.97,9.57,7.2,6.07,5.55,"ns"
"ENSG00000071655.20","MBD3","protein_coding","chr19",2089.37475013305,-0.155358285389334,0.0586361338773647,-0.180943085783579,-3.14555214552609,0.00165773640037989,0.0388259314825817,111.902057333333,99.00412,2019.2,1906.5,1949.4,2178.1,2283.5,2199.6,101.18,95.9,99.93,110.5,115.25,109.96,"ns"
"ENSG00000075624.19","ACTB","protein_coding","chr7",63873.183970874,-0.0879987540848676,0.029662322721288,-0.094446276490602,-3.14431042045429,0.00166478740220719,0.0388829089363334,3625.86736366667,3406.91306633333,61738.9,62475.6,61137,64289.2,66606,66992.4,3374.09,3427.47,3419.18,3558.63,3666.43,3652.55,"ns"
"ENSG00000151136.15","ABTB3","protein_coding","chr12",736.701892811829,0.247465806693317,0.107253711533281,0.310347513177776,3.14392205978826,0.00166699832437054,0.0388829089363334,11.250859,13.9888486666667,823.2,762,860.7,602.5,698.4,673.3,13.99,13,14.97,10.38,11.96,11.42,"ns"
"ENSG00000034152.22","MAP2K3","protein_coding","chr17",2658.8402734546,-0.139356123908639,0.051408681446472,-0.160190203998827,-3.1439099417482,0.0016670673553425,0.0388829089363334,133.497886,119.833624,2513.2,2465.7,2554.1,2765.9,2784,2870.2,118.85,117.05,123.61,132.48,132.61,135.41,"ns"
"ENSG00000108582.14","CPD","protein_coding","chr17",3959.12679210536,0.213438471403884,0.0886628646783476,0.262209918587361,3.14236521605786,0.00167588852289727,0.0390348139424144,40.0391633333333,48.1145963333333,4367.1,4458.3,4127.3,4155.4,3458.4,3188.2,48.25,49.44,46.66,46.5,38.48,35.13,"ns"
"ENSG00000276710.5","CSPG4P10","transcribed_unprocessed_pseudogene","chr15",10.7971781004841,-0.0220048421154455,0.0914484591360106,-3.31608265112863,-3.14117709470797,0.00168270249219724,0.0390958178349896,0.394716333333333,0.0388723333333333,0,0,5.6,9.6,27,22.5,0,0,0.12,0.2,0.53,0.45,"ns"
"ENSG00000241322.12","FBXW10B","protein_coding","chr17",14.6185914042845,-0.0330469679017021,0.09650890362549,-2.21392853392422,-3.14034869420692,0.00168746850400217,0.0390958178349896,0.590953333333333,0.138031,10,4.1,2.5,26.5,29.7,14.9,0.25,0.1,0.06,0.66,0.74,0.37,"ns"
"ENSG00000134057.17","CCNB1","protein_coding","chr5",3243.47259098515,-0.14223678466043,0.052641991315583,-0.163551173400281,-3.14033454146658,0.00168755003631817,0.0390958178349896,231.740810666667,207.542839666667,3212,2999.2,2969,3366.2,3434.3,3480.1,215.95,202.4,204.27,229.2,232.59,233.43,"ns"
"ENSG00000132383.14","RPA1","protein_coding","chr17",3434.76972832086,0.133724482114713,0.0489341687800968,0.152809294061807,3.14029886341573,0.0016877555895649,0.0390958178349896,107.366255,119.738795,3507,3659.6,3683.3,3333.4,3240.7,3184.7,115.05,120.51,123.66,110.77,107.09,104.25,"ns"
"ENSG00000062650.22","WAPL","protein_coding","chr10",1576.73599674426,0.212197125676863,0.0883243935212013,0.260733541326204,3.1345783150345,0.00172101308624451,0.0398116707091583,24.6532896666667,29.6416936666667,1624.8,1623.7,1907.5,1472.1,1487.2,1345.1,27.75,27.84,33.33,25.46,25.58,22.92,"ns"
"ENSG00000111700.15","SLCO1B3","protein_coding","chr12",777.425487938006,0.240301749942453,0.10400843157887,0.300919740036761,3.13387160297038,0.00172516325543734,0.0398531566249253,23.2788786666667,28.8298476666667,823,945.6,808.6,664.2,715.9,707.3,27.38,31.58,27.53,22.37,23.98,23.48,"ns"
"ENSG00000105393.18","BABAM1","protein_coding","chr19",1058.75814663318,-0.196967887840628,0.0802252992372549,-0.239297253347526,-3.13297221653243,0.00173045821481686,0.0398785840050074,94.2504226666667,80.0521946666667,981.7,932.8,998,1195.7,1119.8,1124.5,80.23,76.49,83.43,98.96,92.16,91.64,"ns"
"ENSG00000137936.20","BCAR3","protein_coding","chr1",417.540869826237,0.301518563758452,0.139489758163993,0.388963718255192,3.13288363580136,0.00173098052393113,0.0398785840050074,12.5076243333333,16.393856,471.2,493.9,454.7,397.8,364.5,323,16.2,17.02,15.97,13.82,12.63,11.07,"ns"
"ENSG00000291237.3","SOD2","protein_coding","chr6",959.104693503155,0.209775213425526,0.0871832819254094,0.257484746820172,3.13168109517438,0.00173808556510465,0.0399877917087341,31.2764863333333,37.53118,1123.4,996.8,1013.8,878.3,875,867.4,40.02,35.63,36.95,31.66,31.36,30.8,"ns"
"ENSG00000002586.22","CD99","protein_coding","chrX",12364.3367382374,0.095604382058714,0.0329301323558622,0.104268406432318,3.13078093562146,0.00174342156952684,0.0400028168330012,1112.673433,1199.85746566667,12829.4,12968.5,12636.5,11738.5,11909.2,12103.9,1190.84,1208.38,1200.35,1103.63,1113.48,1120.91,"ns"
"ENSG00000019549.14","SNAI2","protein_coding","chr8",305.410883509897,0.345340297477085,0.165798430753319,0.452356287685787,3.1307727941049,0.00174346989981797,0.0400028168330012,11.0371916666667,15.1583926666667,347.2,385.1,327.1,276.6,268.3,228.1,14.78,16.45,14.24,11.92,11.5,9.69,"ns"
"ENSG00000132640.16","BTBD3","protein_coding","chr20",950.589950656925,0.275474333651302,0.124456985546802,0.351673513595148,3.13008896295631,0.00174753371041664,0.0400417277007389,17.153687,21.958002,1179.8,913.7,1103.6,786.8,788.6,931.1,24.09,18.72,23.06,16.27,16.22,18.97,"ns"
"ENSG00000234883.8","MIR155HG","lncRNA","chr21",210.839724665204,-0.377142426439868,0.18535559769903,-0.499003666992254,-3.12824520801638,0.00175853404916423,0.0402392567948135,14.0347876666667,9.957993,168.3,172.3,183.4,244.8,265.3,230.9,9.51,9.77,10.6,14,15.09,13.01,"ns"
"ENSG00000136167.17","LCP1","protein_coding","chr13",83.7626156694014,0.649140445686717,0.35234783694375,0.889724993112664,3.12723357110344,0.00176459676090009,0.0403234205767844,1.66575233333333,3.07381833333333,120.3,89.8,115.5,77.1,50.1,49.7,3.38,2.53,3.32,2.19,1.42,1.39,"ns"
"ENSG00000169418.12","NPR1","protein_coding","chr1",41.9386254925292,-0.0725973719038159,0.137372209647468,-1.28331026999901,-3.12455957045425,0.00178071461447653,0.0406368206893363,1.33007433333333,0.554257,23,14.6,35.6,69.8,57.6,51,0.52,0.33,0.81,1.57,1.3,1.12,"ns"
"ENSG00000123064.15","DDX54","protein_coding","chr12",1508.95524529187,0.212442394333608,0.0892013751748214,0.26189277326062,3.12220653866478,0.0017950096128688,0.0408607916074925,51.9857956666667,62.5711266666667,1600.2,1787.3,1550.6,1254.4,1399.5,1461.7,60.3,67.61,59.8,47.88,53.12,54.95,"ns"
"ENSG00000101144.14","BMP7","protein_coding","chr20",11.9825795476599,-0.0293300540806994,0.0945126421015803,-2.56769260746639,-3.12211448583737,0.00179557098466289,0.0408607916074925,0.636621,0.151871333333333,8.5,1.8,3,21.7,14.8,22,0.3,0.05,0.11,0.71,0.49,0.71,"ns"
"ENSG00000092445.14","TYRO3","protein_coding","chr15",1917.97492383146,0.168356978910103,0.065968735850565,0.200068542129983,3.12175281049293,0.00179777817598903,0.0408607916074925,45.2452163333333,52.116028,2174.8,1942.1,2034.3,1807.4,1754.4,1794.9,54.79,49.12,52.44,46.12,44.51,45.11,"ns"
"ENSG00000122008.18","POLK","protein_coding","chr5",1277.13310983516,0.228957604608031,0.0983749089548404,0.285420901179392,3.12076227728027,0.00180383586316986,0.0409327034296643,24.160949,29.5296656666667,1562.6,1247.6,1399.3,1168.3,1192.9,1092.1,32.59,26.13,29.87,24.7,25.06,22.73,"ns"
"ENSG00000144891.21","AGTR1","protein_coding","chr3",4200.21073194826,-0.122032561510946,0.0441064810504753,-0.137753386096652,-3.12044447698441,0.0018057833683341,0.0409327034296643,162.199927,147.865604666667,4001,3979.8,4018.3,4530.4,4355.7,4316.1,146.58,146.37,150.65,168.11,160.73,157.75,"ns"
"ENSG00000251493.5","FOXD1","protein_coding","chr5",4581.99033834103,0.119998552176741,0.0432738722714172,0.135186905852661,3.11807527236899,0.00182036305416925,0.0412079507978608,225.704336666667,248.671102666667,4768.4,4814.5,4806.3,4341.7,4261.9,4499.1,244.99,248.32,252.7,225.94,220.56,230.61,"ns"
"ENSG00000008294.24","SPAG9","protein_coding","chr17",2754.82020813892,0.193077721467406,0.0789283170544926,0.234642596186564,3.11704076334404,0.00182676311349475,0.0412960124490582,44.760083,52.7864013333333,2973.7,2880.1,3078.7,2797.5,2530.2,2268.7,52.23,50.78,55.35,49.77,44.76,39.75,"ns"
"ENSG00000074410.16","CA12","protein_coding","chr15",5781.34172228993,-0.108573626257908,0.0383372351974849,-0.120325809884118,-3.11665783023988,0.00182913739351535,0.0412960124490582,135.070817666667,124.665848,5533,5602.1,5487.3,5958.8,6105.7,6001.1,123.39,125.4,125.21,134.58,137.13,133.5,"ns"
"ENSG00000077713.21","SLC25A43","protein_coding","chrX",150.946449140928,0.482341173256892,0.252865657933236,0.653192189707327,3.1138202261341,0.00184681979390766,0.0416396302866381,4.495305,7.09814333333333,182.1,207.1,165.1,117.6,137.6,96.2,6.94,7.92,6.44,4.54,5.28,3.67,"ns"
"ENSG00000275180.3","ENSG00000275180","lncRNA","chr12",13.7790457151144,1.48315537035805,0.865465237553757,2.07784936259636,3.11301291794136,0.00185187911854029,0.0416981037210604,0.389344666666667,1.63240366666667,18.2,16.3,32.2,6.3,6.5,3.1,1.32,1.19,2.39,0.46,0.48,0.23,"up"
"ENSG00000115310.21","RTN4","protein_coding","chr2",7532.4997630726,0.10636180935629,0.037566800423768,0.117825498108458,3.11143684729086,0.00186179291912393,0.0418394394574467,289.404784666667,315.018891333333,7692.5,7939.2,7888.6,7338.4,7262.8,7073.4,306.29,317.35,321.42,295.94,291.29,280.98,"ns"
"ENSG00000205572.12","SERF1B","protein_coding","chr5",64.7837984150881,0.836066829183865,0.483207572007754,1.16979563890492,3.11122890564987,0.00186310454828252,0.0418394394574467,4.06982133333333,9.030032,76.5,92,99,23.9,63.6,33.7,7.65,9.26,10.19,2.39,6.43,3.39,"ns"
"ENSG00000146648.23","EGFR","protein_coding","chr7",857.109923269218,0.233859742456744,0.101894135269539,0.293203092659866,3.10905649504069,0.00187685826720087,0.0420924049049956,9.53826833333333,11.7183653333333,1017.4,893.4,920.9,835.1,737.8,738,12.52,11.04,11.6,10.41,9.15,9.06,"ns"
"ENSG00000140367.14","UBE2Q2","protein_coding","chr15",735.678896929175,0.237192980190869,0.10401701790788,0.298229360943197,3.10628462618916,0.00189454262147995,0.0424327360652,19.7050483333333,24.3022373333333,854.4,824.8,755.7,700.6,621.7,656.9,25.37,24.58,22.96,21.07,18.59,19.46,"ns"
"ENSG00000223695.2","MYH9-DT","lncRNA","chr22",16.7242179406443,1.3055845735899,0.771174618621615,1.84144683074865,3.10536519411805,0.00190044225911386,0.0425085695788563,0.782538333333333,2.71210066666667,24.5,27.3,26.2,11.2,4.6,6.5,2.52,2.79,2.83,1.21,0.48,0.66,"up"
"ENSG00000169499.17","PLEKHA2","protein_coding","chr8",1490.00960166527,0.175896949661466,0.0703600589113357,0.210932122638582,3.10472610829338,0.00190455295900017,0.0425387358695762,24.5692763333333,28.53393,1555.6,1652.7,1588.8,1446.1,1370.7,1326.1,27.5,29.34,28.76,25.89,24.42,23.39,"ns"
"ENSG00000188315.9","C3orf62","protein_coding","chr3",96.4839413044085,-0.646506461827855,0.36709732934887,-0.901499648703139,-3.10437386926378,0.00190682210462086,0.0425387358695762,5.47237,2.98439733333333,66.4,90.8,46.9,129.7,139.9,105.3,2.89,3.97,2.09,5.71,6.14,4.57,"ns"
"ENSG00000149177.16","PTPRJ","protein_coding","chr11",747.500278086925,0.217832746759106,0.0932661300854204,0.270634242982403,3.10081835589369,0.00192986636225379,0.0429961003764316,8.81306666666667,10.6627176666667,852.4,778.4,821,688.4,678.1,666.7,11.02,10.1,10.86,9.01,8.83,8.6,"ns"
"ENSG00000188313.15","PLSCR1","protein_coding","chr3",602.243853524225,-0.26845177875291,0.123395069008213,-0.345307408269049,-3.09923183249947,0.00194023133498218,0.0431701472033534,43.5650363333333,34.4290803333333,493.8,494.9,602.5,696.3,648.5,677.4,31.72,31.96,39.6,45.32,41.96,43.42,"ns"
"ENSG00000158859.12","ADAMTS4","protein_coding","chr1",90.6370298304322,-0.567349369842876,0.311071405480952,-0.781302567273527,-3.09754636986579,0.00195129866491654,0.0433593435265949,2.10471566666667,1.22862066666667,65.6,65.2,69.3,121.5,129.7,92.5,1.2,1.19,1.29,2.25,2.39,1.68,"ns"
"ENSG00000152818.21","UTRN","protein_coding","chr6",2465.93648878401,0.233905376583773,0.102731024238716,0.293959102036691,3.09608955767954,0.0019609112631111,0.0435017925647942,25.9055646666667,31.8220523333333,2763,2827.4,2557.1,2594.9,1934.6,2118.6,32.1,32.97,30.4,30.53,22.63,24.55,"ns"
"ENSG00000106484.17","MEST","protein_coding","chr7",31.1630830705513,-0.0609655951862778,0.12068804696639,-1.39208674027633,-3.09529083721769,0.00196619995534613,0.0435017925647942,1.917296,0.724547666666667,19.9,12.2,19.1,55.3,31.4,49.1,0.84,0.51,0.82,2.36,1.33,2.06,"ns"
"ENSG00000115484.17","CCT4","protein_coding","chr2",4742.59846572222,0.130762296029712,0.0484431522790958,0.149327218381289,3.09522976919155,0.00196660485294014,0.0435017925647942,237.778635666667,264.561300333333,4988.2,5218.4,4759.9,4538,4434.8,4516.2,262.23,275.38,256.07,241.63,234.84,236.86,"ns"
"ENSG00000213949.11","ITGA1","protein_coding","chr5",315.783409727675,0.363438673542907,0.182297702308465,0.483925905496432,3.09501951418452,0.00196799948622517,0.0435017925647942,3.40320533333333,4.76478433333333,389,345.7,368.7,231.4,241.8,318.1,4.99,4.46,4.84,3.01,3.13,4.07,"ns"
"ENSG00000121966.8","CXCR4","protein_coding","chr2",2031.06915162679,0.146263621512619,0.0558475665293853,0.170378937401039,3.09364762881537,0.00197712158994526,0.043623728286823,109.882633333333,124.040768,2186.4,2145,2121.5,1920.1,1924.7,1888.7,124.97,123.07,124.09,111.16,110.8,107.69,"ns"
"ENSG00000163661.6","PTX3","protein_coding","chr3",99.9379922933168,0.529543326178961,0.287947302387807,0.72668418052505,3.09313528729821,0.0019805382545488,0.043623728286823,4.002252,6.635792,126.4,111.9,135.2,79.9,65,81.3,6.67,5.93,7.3,4.27,3.46,4.28,"ns"
"ENSG00000105483.20","CARD8","protein_coding","chr19",763.661313463064,0.226455484006009,0.0986569910691368,0.283524821179397,3.09302790033036,0.0019812550753566,0.043623728286823,27.3766016666667,33.4106593333333,830,816.8,867.9,636.5,717.9,712.9,32.77,32.38,35.08,25.46,28.59,28.09,"ns"
"ENSG00000177463.18","NR2C2","protein_coding","chr3",1123.99636605202,0.32694700206168,0.159817612454035,0.430761769896977,3.09205302146853,0.00198777341022038,0.0437103359776679,12.8237736666667,17.3710793333333,1008.9,1516.8,1349,1061.1,995.1,813,13.44,20.28,18.39,14.32,13.35,10.8,"ns"
"ENSG00000087494.18","PTHLH","protein_coding","chr12",456.525226534829,0.263081246529918,0.1203697787981,0.336977534529512,3.09117854268577,0.00199363718103326,0.0437754120292237,31.0920013333333,39.3818743333333,531.5,503.5,493.6,421.4,391.3,397.9,40.75,38.71,38.69,32.69,30.19,30.4,"ns"
"ENSG00000135114.15","OASL","protein_coding","chr12",94.5402558077664,-0.588977375996203,0.330586180182541,-0.818223936218906,-3.09084018598337,0.00199591027052226,0.0437754120292237,6.56990666666667,3.75347533333333,73.8,82.9,49.9,117.2,130,113.4,4,4.5,2.76,6.43,7.11,6.17,"ns"
"ENSG00000197930.15","ERO1A","protein_coding","chr14",2510.16765558954,0.20529166166809,0.0868246822673833,0.253202778645574,3.09037019935124,0.00199907160028353,0.0437879543533608,52.42061,62.6304166666667,2715.8,2603.9,2867.6,2593.7,2199.9,2080.1,61.75,59.42,66.72,59.71,50.37,47.18,"ns"
"ENSG00000166073.13","GPR176","protein_coding","chr15",416.8700133603,0.278178788045672,0.130304732373852,0.3597919742146,3.08237538492489,0.00205355691772685,0.0449232179544128,8.04752,10.3691556666667,467.4,503.9,435.3,366.6,359.3,368.7,10.25,11.09,9.77,8.14,7.93,8.07,"ns"
"ENSG00000101439.11","CST3","protein_coding","chr20",2236.18798919489,-0.152896994107819,0.0595624187385465,-0.179910044095029,-3.07798683514619,0.00208404121562374,0.0455311846979294,368.619453,326.532089333333,2014.1,2178,2099.3,2301.1,2391.5,2433.2,310.77,337.35,331.47,359.62,371.68,374.56,"ns"
"ENSG00000046604.17","DSG2","protein_coding","chr18",790.573465905974,0.216301264328928,0.0938539179761566,0.269869065959843,3.07588642411098,0.00209877773947713,0.0457939762252366,11.4467486666667,13.846158,870.5,886.1,837.1,754.1,719.7,675.9,13.81,14.13,13.6,12.12,11.51,10.71,"ns"
"ENSG00000104738.21","MCM4","protein_coding","chr8",4421.61778141741,0.195260091595744,0.0820152816917647,0.239556692288239,3.07494620545104,0.00210540524617278,0.0458793849391518,120.464524,142.635527666667,4904.3,5303.9,4160.8,4108.6,4180.6,3871.4,144.88,157.25,125.77,122.92,124.4,114.08,"ns"
"ENSG00000105443.18","CYTH2","protein_coding","chr19",1317.21456755415,-0.193705560264066,0.0812728687994129,-0.237606541664061,-3.07396730367703,0.00211232581607122,0.0459709518014984,71.67707,60.971773,1309.5,1154.6,1163.6,1417.9,1378.7,1479.1,65.45,57.93,59.53,71.83,69.43,73.77,"ns"
"ENSG00000162975.6","KCNF1","protein_coding","chr2",139.622057338925,0.438909474129575,0.234978192357847,0.598989067821743,3.0727335160096,0.00212107807590117,0.0461020954543557,5.40823933333333,8.224797,172.8,175.9,156.1,114.7,117.6,100.5,8.38,8.55,7.74,5.63,5.74,4.86,"ns"
"ENSG00000156475.21","PPP2R2B","protein_coding","chr5",259.737843213544,-0.329480488623135,0.164133886363772,-0.437741754683788,-3.0721232377979,0.00212541955740704,0.0461305591610356,12.8375076666667,9.51066566666667,224,219.8,218.3,289.3,320.2,286.9,9.57,9.42,9.55,12.51,13.77,12.23,"ns"
"ENSG00000122884.15","P4HA1","protein_coding","chr10",2424.33308812576,0.149053150391256,0.057837739252596,0.174818871794399,3.07178298219073,0.00212784365142565,0.0461305591610356,71.0739706666666,80.4671776666667,2577,2493.7,2640.9,2317.1,2180.6,2336.9,79.92,77.65,83.83,72.78,68.14,72.3,"ns"
"ENSG00000144040.15","SFXN5","protein_coding","chr2",559.951544334682,-0.243642949142358,0.110361788574495,-0.31036916852518,-3.07042633594113,0.00213753407677569,0.0462813076034276,25.3932536666667,20.5130046666667,506.8,468.6,523.6,630.6,599.8,630.3,20.62,19.12,21.8,25.99,24.59,25.6,"ns"
"ENSG00000188522.18","FAM83G","protein_coding","chr17",1252.47569985274,0.17994361923369,0.0739141765356708,0.217995202922049,3.06804593123287,0.00215463497878465,0.0465919149504456,22.108711,25.7797466666667,1403.5,1296.7,1340,1189.6,1129.1,1155.9,26.62,24.7,26.01,22.86,21.58,21.89,"ns"
"ENSG00000214960.13","CRPPA","protein_coding","chr7",20.5362108243815,-0.0473240584530538,0.106550265201302,-1.64881558941478,-3.0669700791049,0.00216240501383829,0.0467002155606712,0.858456,0.279963333333333,12.1,10.8,7,32.6,22.6,38.2,0.35,0.29,0.19,0.9,0.62,1.05,"ns"
"ENSG00000164086.11","DUSP7","protein_coding","chr3",1645.67787977629,0.157806286050333,0.0623778219046703,0.186962397801662,3.06600243049052,0.00216941551379834,0.0467918575744004,45.6213023333333,52.1048413333333,1746.3,1790.4,1720.5,1573.8,1527.1,1516,51.46,52.97,51.88,46.97,45.33,44.57,"ns"
"ENSG00000278233.1","RNA5-8SN2","rRNA","chr21",435.936238598987,0.284373123775473,0.135977721226593,0.370833286087167,3.06493600496085,0.00217716577070042,0.0468992015064255,1584.68721233333,2055.706125,508,522.7,445,404,378.9,357,2105.6,2174.25,1887.27,1696.03,1581.88,1476.14,"ns"
"ENSG00000180182.13","MED14","protein_coding","chrX",1543.16577579895,0.241443241678575,0.109556658246509,0.307463732325651,3.06357383633357,0.00218710225707014,0.0470533068283157,26.1459176666667,32.4186823333333,1776.4,1736.6,1607.6,1470.4,1514.3,1153.6,33.45,32.83,30.98,28.04,28.72,21.67,"ns"
"ENSG00000289514.3","ENSG00000289514","lncRNA","chr8",23.0949127681856,-0.044735306476565,0.104386042808028,-1.67655210193078,-3.06257326131933,0.00219442752214712,0.0471509141035677,3.16282133333333,0.985221333333333,9.9,15.8,7.2,22.4,33.6,49.7,0.88,1.41,0.66,2.04,3.02,4.43,"ns"
"ENSG00000095539.18","SEMA4G","protein_coding","chr10",162.783935937866,0.457951826631165,0.251881535526543,0.631021333982993,3.06130312108689,0.00220375867955613,0.0472913188722007,2.914954,4.542508,172.8,232.7,188.9,148.9,110.1,123.3,3.93,5.31,4.39,3.43,2.52,2.8,"ns"
"ENSG00000135750.17","KCNK1","protein_coding","chr1",734.49823040502,0.25194518264388,0.116251578172966,0.323267967424042,3.05999013433041,0.00221344282585598,0.0474132142219252,30.3521923333333,38.0955043333333,807,879.4,762.8,604.5,625.8,727.4,37.33,40.84,36.11,28.32,29.16,33.57,"ns"
"ENSG00000236609.6","ZNF853","protein_coding","chr7",380.509142273005,0.292205390650489,0.141399049372046,0.382950424941792,3.05977319141606,0.00221504667269786,0.0474132142219252,8.80524833333333,11.5094863333333,461.8,394.5,435.4,337,310.4,344,12.23,10.49,11.8,9.04,8.28,9.09,"ns"
"ENSG00000113719.19","ERGIC1","protein_coding","chr5",3574.75535729969,0.129252648290002,0.0486360248511162,0.148308555235742,3.05917929493283,0.00221944276644765,0.0474262230045021,128.039956666667,142.338539,3897.7,3688.7,3689,3379.6,3457.7,3335.8,146.3,139,141.71,128.49,130.71,124.92,"ns"
"ENSG00000186010.21","NDUFA13","protein_coding","chr19",1405.2790830826,-0.174176575263375,0.0712112336465078,-0.210256114087091,-3.05878428912638,0.00222237107322518,0.0474262230045021,449.660062666667,390.061924,1297.7,1311.9,1299.6,1438.7,1498.5,1585.3,384.99,390.69,394.51,432.31,447.55,469.12,"ns"
"ENSG00000255330.9","ENSG00000255330","protein_coding","chr6",848.922523837905,0.206343255400772,0.0890807917890082,0.256368683572423,3.05855556560154,0.00222406829346956,0.0474262230045021,18.572983,22.257127,952.8,899.9,919.2,774,738.7,808.9,22.75,21.57,22.45,18.71,17.75,19.25,"ns"
"ENSG00000147604.16","RPL7","protein_coding","chr8",9710.88870443904,0.0998445353603733,0.0356189670962775,0.110073901922916,3.05749859325423,0.00223192689014824,0.0475338585798574,1342.708198,1453.62206533333,10299.7,10042.9,9901.8,9331.2,9204.3,9485.5,1471.91,1440.76,1448.19,1350.68,1325.03,1352.42,"ns"
"ENSG00000059804.20","SLC2A3","protein_coding","chr12",2154.30819856457,0.163406008742303,0.0656763952976541,0.195245887636842,3.05477589717314,0.00225228749027963,0.0478844814495076,49.705246,57.07788,2419.9,2216.3,2262.9,1904,2038.9,2083.7,59.52,54.74,56.97,47.45,50.52,51.14,"ns"
"ENSG00000108854.18","SMURF2","protein_coding","chr17",954.71033807135,0.203585506986427,0.0877218978880962,0.252537872940966,3.05454078374421,0.00225405365072785,0.0478844814495076,20.6213196666667,24.659537,1063.3,1085.2,967.7,887.9,877,847.2,25.02,25.65,23.31,21.16,20.8,19.9,"ns"
"ENSG00000011426.13","ANLN","protein_coding","chr7",9345.37822371838,0.125600196713603,0.0468014892235239,0.142734104104798,3.05295539327215,0.00226599619096841,0.0480777861847877,170.366471,188.624047666667,9977.3,9684,9760.8,9042.6,9272.8,8334.7,190.18,185.3,190.39,174.58,178.03,158.49,"ns"
"ENSG00000108064.13","TFAM","protein_coding","chr10",824.84048947455,-0.292282850723401,0.143003256049619,-0.384978223001319,-3.0508201476572,0.00228217233726338,0.0483363132545269,43.0645763333333,33.0177746666667,718.1,633.3,792.7,1033.6,996.4,774.9,32.86,29.08,37.11,47.9,45.92,35.37,"ns"
"ENSG00000173786.18","CNP","protein_coding","chr17",3950.96982724741,-0.123526503680751,0.0461076865492741,-0.140667771371154,-3.05059318679165,0.00228389794739012,0.0483363132545269,173.649182333333,157.997566333333,3870.1,3699.6,3705.7,4129.4,4070,4231.2,161.23,154.76,158,174.26,170.81,175.88,"ns"
"ENSG00000171603.20","CLSTN1","protein_coding","chr1",5200.6904489262,-0.107808614891494,0.0391478031569958,-0.120304539814564,-3.04910813325768,0.00229521851242607,0.0485050370779082,116.946213,107.923013333333,5014,4976.6,4961.4,5488.3,5351.2,5412.7,107.6,107.2,108.96,119.29,115.67,115.87,"ns"
"ENSG00000265962.3","GACAT2","lncRNA","chr18",134.193366987618,-0.468256991059292,0.262591143033111,-0.65075056175324,-3.0487956616335,0.00229760701947986,0.0485050370779082,21.700208,13.924992,92,128.2,94.1,168.6,168,154.3,12.12,16.96,12.69,22.5,22.31,20.29,"ns"
"ENSG00000006453.16","BAIAP2L1","protein_coding","chr7",1061.67295144432,0.191155045136879,0.0810052374033868,0.234907374174951,3.047032711695,0.00231112557280897,0.0487295928132166,31.6631026666667,37.4014693333333,1158.7,1171.8,1114.1,955.4,941,1029.1,37.4,37.98,36.82,31.24,30.62,33.13,"ns"
"ENSG00000117245.15","KIF17","protein_coding","chr1",26.7506633074438,1.03912220955757,0.671193990628344,1.5110386994061,3.04036800571838,0.00236289237826249,0.0497590412408702,0.500647666666667,1.44922466666667,58.5,36,24.7,13.1,15.1,13,2.12,1.31,0.92,0.48,0.55,0.47,"up"
