"pathway","pval","padj","log2err","ES","NES","size","leadingEdge","ranking","main"
"REACTOME_INTERFERON_ALPHA_BETA_SIGNALING",6.03243867278738e-11,6.24357402633494e-08,0.839088935621274,-0.724588007077838,-2.60988971186129,61,"BST2;IFI27;IFI6;IFITM3;HLA-B;OAS1;IFITM1;RSAD2;HLA-C;IFIT1;IFIT3;HLA-A;OAS2;ISG15;STAT1;XAF1;OAS3;MX1;OASL;KPNB1;IRF9;IFITM2;HLA-F;ADAR;IRF1;HLA-E;IFIT2;PSMB8;UBB;IFI35","wald_stat",TRUE
"REACTOME_INTERFERON_SIGNALING",1.1513422088147e-08,4.58085317335673e-06,0.747739663149885,-0.460999135087245,-2.06060351725987,241,"BST2;IFI27;IFI6;IFITM3;HLA-B;OAS1;IFITM1;KPNA2;RSAD2;TUBB3;TUBA1C;HLA-C;SFN;IFIT1;TUBA1B;NUP210;IFIT3;HLA-A;OAS2;ISG15;STAT3;MT2A;STAT1;XAF1;IFI44;TUBB4A;UBA7;PML;OAS3;TUBA1A;MX1;ACTB;OASL;EIF4A1;RIGI;TP53;IFIH1;IFI44L;KPNB1;IRF9;IFITM2;TUBB4B;FANCA;ICAM1;HLA-F;ADAR;IRF1;GBP5;HLA-E;TPR;PPP2R1A;IFIT2;PSMB8;TRIM22;UBE2L6;UBB","wald_stat",TRUE
"REACTOME_DISEASES_OF_SIGNAL_TRANSDUCTION_BY_GROWTH_FACTOR_RECEPTORS_AND_SECOND_MESSENGERS",1.3277835285092e-08,4.58085317335673e-06,0.747739663149885,0.381147916965345,1.84020700253018,390,"PIK3AP1;YES1;MAPK1;HSP90AA1;JAG1;RPS27A;ALK;MSN;EREG;DKK1;BCR;PPP1CC;AKT3;MCL1;CBL;HDAC5;MIB1;EEF1G;FZD4;POLR2A;EGF;PTPN11;GSK3B;EGFR;DUSP7;TBL1X;ZFYVE9;MET;SPTBN1;PDGFB;HES1;NR4A1;CTBP2;FGF1;ACTG1;CAMK2G;LMO7;SQSTM1;JUNB;ADAM10;KDM7A;TGFB1;TRAK1;FOXO3;FGFR2;MAPK9;HDAC9;SPRED2;PTPN12;BCL2L11;AGO4;FXR1;RAP1B;PPP2R5D;RAC2;MARK3;IQGAP1;CLIP1;IRS1;HDAC11;NRG2;APC;TNKS2;CLTC;GRB2;SEL1L;MPRIP;HBEGF;QKI;PAPSS1;CALM1;RRBP1;TGFA;GAB2;BDNF;CDKN1B;RICTOR;FAM114A2;CNTRL;KDR;SNW1;PTEN;HDAC7;FGF2;PPP2CA;PSENEN;SMAD3;RAP1A;ERBB3;MAPK8;AGO1;STAT5B;PSMD7;SMAD2;TNKS;SOS1;AGO2;EML4;PDGFRA;SMAD4;RPS6KB2;PSMD14;BCL2A1;AGO3;DCTN1;TWIST1;SEC31A;MYC;ERBIN;PIM1;KSR1;ATG7;SKP1","wald_stat",TRUE
"REACTOME_AEROBIC_RESPIRATION_AND_RESPIRATORY_ELECTRON_TRANSPORT",2.68014462718937e-07,6.93487422285248e-05,0.674962860011025,-0.431402284618228,-1.92744801496049,242,"ACO2;COX6A1;ATP5MF;CYCS;NDUFA13;ACAD9;NDUFB1;ATP5PB;PDHB;COX8A;UQCR11;TTC19;NDUFA11;ATP5MC1;COX7B;CYC1;ATP5MK;NDUFV3;PC;NDUFS5;ATP5F1A;HAGH;UQCRQ;ETFB;NDUFS7;NNT;ATP5MC3;ATP5F1D;LDHA;MDH1;NDUFA3;NDUFS2;COX6B1;GSTZ1;NDUFV1;OXA1L;OGDH;UBB;UQCRFS1;UCP2;TMEM223;ISCA1;NDUFA7;ATP5F1E;FXN;NDUFS6;PET100;NDUFAF3;ATP5PD;NDUFAF6;ATP5F1B;NDUFA6;NDUFB5;D2HGDH;NDUFB7;IDH3A;SFXN4;COX5A;DMAC2L;HIGD2A;PDP1;UQCRB;UQCC2;COX5B;PDK1;NDUFB8;HCCS;NDUFC1;NDUFB11;UQCR10;MAEA;HSPA9;DLST;MT-CO2;COA3;LDHB;DLD;MT-ND6;SUCLG2;PDHA1;NDUFV2;RAB5IF;MT-CO1;NDUFB6;NDUFAF8;NDUFB9;NDUFA9;PDHX;GOT1;MT-CO3;PDPR;ATP5F1C;NDUFB2;IDH3G;ATP5MJ;HSCB;IDH3B;NDUFA1;DMAC1;COX18","wald_stat",TRUE
"REACTOME_SIGNALING_BY_RECEPTOR_TYROSINE_KINASES",9.23207821860635e-07,0.000191104019125152,0.659444398037935,0.349046287593407,1.69795386831643,431,"PLAT;YES1;CRKL;NRP2;MAPK1;CAV1;HSP90AA1;COL6A2;RPS27A;PAK1;COL6A1;ALK;GRB10;EREG;PTPRF;PAK3;THBS1;FER;PTN;ID1;ITPR3;NCKAP1;AKT3;EGR1;DOCK3;CBL;MEF2A;CD274;JUP;PTPRK;ROCK2;POLR2A;COL5A2;TRIB1;EGF;PTPN11;FURIN;EGFR;PTPRJ;DUSP7;PTK2;EPS15;FOSB;MET;PDGFB;ATP6V1E1;NEDD4;ITGA3;SPINT1;FGF1;ACTG1;ABI1;JUNB;AXL;LAMB1;RALA;MAPK14;ROCK1;ADAM10;PAG1;FGFR2;RPS6KA1;SPRED2;PGF;NCF2;PRKCA;PTPN12;ITGA2;LAMC3;RAP1B;PPP2R5D;CDH5;SPHK1;ITCH;IRS1;KIDINS220;NRG2;CYFIP2;CLTC;GRB2;LAMA4;HBEGF;SGK1;RANBP9;CALM1;TGFA;GAB2;BDNF;COL1A1;RICTOR;AHCYL1;JUND;WASF2;KDR;RALB;ATP6V1C2;FGF2;PPP2CA;ARHGEF7;PSENEN;RASA1;RAP1A;ERBB3;STAT5B;SPRY2;MST1R;JAK3;COL11A2;EGR3;SOS1","wald_stat",TRUE
"REACTOME_INTRACELLULAR_SIGNALING_BY_SECOND_MESSENGERS",2.70129239190888e-06,0.000422889131596209,0.627256739718528,0.390395425405557,1.79539450431819,256,"PIK3AP1;MAPK1;RPS27A;EREG;ITPR3;AKT3;EGR1;USP7;IRAK1;HDAC5;IER3;EGF;PTPN11;GSK3B;ADCY3;SNAI2;EGFR;MET;PDGFB;NEDD4;NR4A1;FGF1;CAMK2G;PIP4K2B;PHC3;FOXO3;FGFR2;MECOM;RCOR1;CAMKK2;PRKCA;AGO4;PPP2R5D;RAC2;IRS1;NRG2;TNRC6A;TNKS2;PHLPP1;GRB2;GATAD2A;HBEGF;TRAF6;SGK1;PHC1;CALM1;CSNK2A1;TGFA;GAB2;BDNF;NBEA;CDKN1B;RICTOR;AHCYL1;IL33;CHD3;ADCY9;PTEN;HDAC7;FGF2;PPP2CA;ERBB3;AGO1;RRAGD;PSMD7;TNKS;AGO2;INSR;PDGFRA;RPS6KB2;PSMD14;AGO3;ITPR2","wald_stat",TRUE
"REACTOME_EXTRA_NUCLEAR_ESTROGEN_SIGNALING",2.91731144406963e-06,0.000422889131596209,0.627256739718528,0.577705119805605,2.16837728436332,63,"MAPK1;CAV1;HSP90AA1;CCND1;EREG;CAV2;GNG2;AKT3;EGF;EGFR;PTK2;GNG11;GNB1;FOXO3;XPO1;SPHK1;MMP2;HBEGF;CALM1;TGFA;GNG12;CDKN1B","wald_stat",TRUE
"REACTOME_RAC2_GTPASE_CYCLE",3.26870826354558e-06,0.000422889131596209,0.627256739718528,0.54527446305828,2.12316144326808,79,"CAV1;DOCK4;PAK1;LMAN1;BCR;NCKAP1;DOCK3;SWAP70;DSG2;BAIAP2L1;TRIO;GIT1;VRK2;SLITRK5;ABI1;CDC42EP4;RACGAP1;NCF2;RAC2;IQGAP1;DIAPH3;EPHA2;ANKLE2;WASF2;PREX1","wald_stat",TRUE
"REACTOME_NEGATIVE_REGULATION_OF_THE_PI3K_AKT_NETWORK",3.83871920827785e-06,0.000441452708951953,0.610526878385931,0.543006234159728,2.12996835664744,82,"PIK3AP1;MAPK1;EREG;AKT3;IRAK1;IER3;EGF;PTPN11;EGFR;MET;PDGFB;FGF1;PIP4K2B;FGFR2;PPP2R5D;RAC2;IRS1;NRG2;PHLPP1;GRB2;HBEGF;TRAF6;TGFA;GAB2;BDNF;IL33;PTEN;FGF2;PPP2CA;ERBB3;INSR;PDGFRA","wald_stat",TRUE
"REACTOME_ESTROGEN_DEPENDENT_NUCLEAR_EVENTS_DOWNSTREAM_OF_ESR_MEMBRANE_SIGNALING",5.81101278166438e-06,0.000601439822902264,0.610526878385931,0.763499574646108,2.24948023300148,22,"MAPK1;CCND1;EREG;AKT3;EGF;EGFR;PTK2;FOXO3;XPO1;HBEGF;TGFA;CDKN1B","wald_stat",TRUE
"REACTOME_RESPIRATORY_ELECTRON_TRANSPORT",8.13611724398024e-06,0.000765534667956323,0.593325476396405,-0.457485304412737,-1.9314983814208,151,"COX6A1;CYCS;NDUFA13;ACAD9;NDUFB1;COX8A;UQCR11;TTC19;NDUFA11;COX7B;CYC1;NDUFV3;NDUFS5;UQCRQ;ETFB;NDUFS7;MDH1;NDUFA3;NDUFS2;COX6B1;NDUFV1;OXA1L;UQCRFS1;TMEM223;NDUFA7;FXN;NDUFS6;PET100;NDUFAF3;NDUFAF6;NDUFA6;NDUFB5;NDUFB7;SFXN4;COX5A;HIGD2A;UQCRB;UQCC2;COX5B;NDUFB8;HCCS;NDUFC1;NDUFB11;UQCR10;HSPA9;MT-CO2;COA3;MT-ND6;NDUFV2;RAB5IF;MT-CO1;NDUFB6;NDUFAF8;NDUFB9;NDUFA9;GOT1;MT-CO3;NDUFB2;HSCB;NDUFA1;DMAC1;COX18","wald_stat",FALSE
"REACTOME_RAC3_GTPASE_CYCLE",2.06883120643874e-05,0.00159640620978118,0.575610261071129,0.523833964877754,2.03967754269068,79,"CAV1;JAG1;PAK1;LMAN1;BCR;NCKAP1;FERMT2;SWAP70;DSG2;BAIAP2L1;TRIO;GIT1;VRK2;SLITRK5;ABI1;RACGAP1;NCF2;ABL2;DIAPH3;ARHGAP6;OCRL;EPHA2;WASF2;PREX1","wald_stat",TRUE
"REACTOME_SIGNALING_BY_TGFB_FAMILY_MEMBERS",2.10811281162429e-05,0.00159640620978118,0.575610261071129,0.436265036555502,1.86851095251659,138,"SERPINE1;MAPK1;RPS27A;BMP2;PPP1CC;ITGB5;CBL;SMAD5;FURIN;SMURF2;ZFYVE9;JUNB;TGFB1;BMPR2;FBN1;XPO1;CCNK;FSTL3;AGO4;SKIL;STRAP;TNRC6A;TGIF1;TGFB2;UBE2D3;ITGB8;ACVR2B;LTBP2;RBL1;SNW1;CCNT2;FGF2;CGN;PSENEN;SMAD3;TFDP1;USP9X;AGO1;PMEPA1;SMAD2;AGO2;SMAD4;AGO3;MYC;HELLS;RARA;RXRA","wald_stat",TRUE
"REACTOME_FLT3_SIGNALING",2.15939004221609e-05,0.00159640620978118,0.575610261071129,0.663933871777958,2.14862731688362,31,"RPS27A;GRB10;AKT3;CBL;PTPN11;PTPRJ;FOXO3;ABL2;BCL2L11;GRB2;GAB2;CDKN1B;STAT5B;SOS1","wald_stat",TRUE
"REACTOME_TRANSCRIPTIONAL_ACTIVITY_OF_SMAD2_SMAD3_SMAD4_HETEROTRIMER",3.50099916178821e-05,0.00241568942163387,0.557332238758646,0.57919450106746,2.06115334772738,48,"SERPINE1;MAPK1;RPS27A;FURIN;SMURF2;JUNB;CCNK;SKIL;TGIF1;UBE2D3;RBL1;SNW1;CCNT2;SMAD3;TFDP1;USP9X;SMAD2;SMAD4;MYC","wald_stat",FALSE
"REACTOME_SARS_COV_1_MODULATES_HOST_TRANSLATION_MACHINERY",4.1802882089094e-05,0.00267706289502583,0.557332238758646,0.636704887496612,2.14108298700958,35,"RPS27A;RPS3A;RPS15A;RPS7;RPS17;RPS23;RPS11;RPS13;EEF1A1;RPS10;RPS25;RPS21;RPS3;RPS18;RPS29;RPS20;RPS27;RPS27L;RPS12;RPS14;RPS2;RPS6;RPS4X;RPS8;RPS19","wald_stat",TRUE
"REACTOME_SIGNALING_BY_TGF_BETA_RECEPTOR_COMPLEX",4.3971081367574e-05,0.00267706289502583,0.557332238758646,0.489836973612422,1.95012789353873,89,"SERPINE1;MAPK1;RPS27A;PPP1CC;ITGB5;CBL;FURIN;SMURF2;ZFYVE9;JUNB;TGFB1;FBN1;XPO1;CCNK;SKIL;STRAP;TGIF1;TGFB2;UBE2D3;ITGB8;LTBP2;RBL1;SNW1;CCNT2;CGN;SMAD3;TFDP1;USP9X;PMEPA1;SMAD2;SMAD4","wald_stat",FALSE
"REACTOME_SMAD2_SMAD3_SMAD4_HETEROTRIMER_REGULATES_TRANSCRIPTION",5.02385708232802e-05,0.00286827919661436,0.557332238758646,0.629097953535903,2.09661253205981,34,"SERPINE1;MAPK1;RPS27A;FURIN;JUNB;CCNK;TGIF1;RBL1;CCNT2;SMAD3;TFDP1;SMAD2;SMAD4;MYC","wald_stat",TRUE
"REACTOME_PI3K_AKT_SIGNALING_IN_CANCER",5.26544007107951e-05,0.00286827919661436,0.557332238758646,0.512428176616496,1.99602037239203,76,"PIK3AP1;EREG;AKT3;EGF;PTPN11;GSK3B;EGFR;MET;PDGFB;NR4A1;FGF1;FOXO3;FGFR2;RAC2;IRS1;NRG2;GRB2;HBEGF;TGFA;GAB2;BDNF;CDKN1B;RICTOR;PTEN;FGF2;ERBB3;PDGFRA;RPS6KB2","wald_stat",FALSE
"REACTOME_TRANSCRIPTIONAL_REGULATION_BY_MECP2",7.02387812062169e-05,0.00363485692742173,0.538434096309916,0.560384606186903,2.02126197176886,51,"FOXG1;GPRIN1;IRAK1;HTT;SLC2A3;TBL1X;MET;CAMK2G;SOX2;AGO4;TNRC6A;SGK1;CALM1;HIPK2;BDNF;PTEN;AGO1;FKBP5;AGO2;PTPN4;AGO3","wald_stat",TRUE
"REACTOME_MITOCHONDRIAL_PROTEIN_DEGRADATION",8.25360502939167e-05,0.00406784819305732,0.538434096309916,-0.506752738154417,-1.97080058148742,97,"ACO2;NDUFA13;TFAM;ECH1;SLC25A6;SLC25A5;PMPCA;PDHB;MRPS2;NDUFV3;ATP5F1A;UQCRQ;BDH1;OMA1;ECI1;NDUFV1;OGDH;ACOT2;ATP5PD;ATP5F1B;IDH3A;CLPX;COX5A;MRPL32;COX5B;PDK1;TWNK;PRKACA;CLPP;HSPA9;ACAD8;MT-CO2;DLD;MT-ND6;SUCLG2;PDHA1;SHMT2;TIMM22;MT-CO1;NDUFB6","wald_stat",TRUE
"REACTOME_ACTIVATION_OF_THE_MRNA_UPON_BINDING_OF_THE_CAP_BINDING_COMPLEX_AND_EIFS_AND_SUBSEQUENT_BINDING_TO_43S",0.000114268443166879,0.00537581084898725,0.538434096309916,0.542517527923874,2.00284738896786,58,"RPS27A;RPS3A;EIF2S1;EIF3H;RPS15A;RPS7;RPS17;RPS23;RPS11;EIF3A;RPS13;RPS10;EIF3B;EIF3J;RPS25;RPS21;EIF3D;EIF4B;EIF4A2;EIF3F;RPS3;RPS18;RPS29;EIF4E;RPS20;EIF3I;RPS27;RPS27L;EIF3E;RPS12;EIF4H;RPS14;RPS2;RPS6;RPS4X;RPS8;RPS19","wald_stat",FALSE
"REACTOME_ESR_MEDIATED_SIGNALING",0.000140402060061833,0.00631809270278247,0.518848077743792,0.397119664749697,1.73307065051793,166,"MAPK1;CAV1;HSP90AA1;CCND1;EREG;CAV2;GNG2;AKT3;SMC3;POLR2A;EGF;EGFR;PTK2;H3C4;NRIP1;GNG11;FOSB;SMC1A;GNB1;STAG2;FOXO3;XPO1;AGO4;PTGES3;SPHK1;TNRC6A;MMP2;NCOA1;H2BC5;HBEGF;EBAG9;H2BC8;H2BC21;CALM1;TGFA;H2AC19;GNG12;CDKN1B;JUND;FKBP4;NCOA2;H2BC4;AGO1;FKBP5;AGO2;GNB5;MED1;AGO3","wald_stat",FALSE
"REACTOME_CONSTITUTIVE_SIGNALING_BY_ABERRANT_PI3K_IN_CANCER",0.000146814934190238,0.00633139403695403,0.518848077743792,0.556818485173102,1.98995438874109,49,"PIK3AP1;EREG;EGF;PTPN11;EGFR;MET;PDGFB;FGF1;FGFR2;RAC2;IRS1;NRG2;GRB2;HBEGF;TGFA;GAB2;BDNF;FGF2;ERBB3;PDGFRA","wald_stat",FALSE
"REACTOME_GAB1_SIGNALOSOME",0.00023059956290804,0.00954682190439286,0.518848077743792,0.749136943756791,2.00891202393355,15,"EREG;EGF;PTPN11;EGFR;PAG1;GRB2;HBEGF;TGFA","wald_stat",TRUE
"REACTOME_RAC1_GTPASE_CYCLE",0.000243861895478539,0.00970757930078029,0.518848077743792,0.390140175046554,1.69122528007199,157,"CAV1;DOCK4;JAG1;PAK1;PAK3;BCR;NCKAP1;CDC42BPA;DOCK3;FERMT2;SWAP70;BAIAP2L1;TRIO;GIT1;PAK6;VRK2;NGEF;ABI1;PKN1;CDC42EP4;RACGAP1;NCF2;ABL2;PKN2;IQGAP1;DIAPH3;CYFIP2;SYDE2;SOS2;GNA13;ARHGEF6;EPHA2","wald_stat",FALSE
"REACTOME_MODULATION_OF_HOST_RESPONSES_BY_IFN_STIMULATED_GENES",0.000257697213076463,0.0098783931679311,0.49849310876659,-0.752808019256341,-2.15891677961928,19,"IFI27;IFI6;ISG15;IFI44;UBA7;RIGI;IFIH1;IFI44L","wald_stat",TRUE
"REACTOME_PRE_NOTCH_PROCESSING_IN_GOLGI",0.000307047585492644,0.0106860901292873,0.49849310876659,0.709054800830804,2.01181845573837,18,"NOTCH3;NOTCH2;FURIN;ST3GAL4;SEL1L;RAB6A;ATP2A3;RFNG;LFNG;TMED2;ST3GAL6","wald_stat",TRUE
"REACTOME_RHO_GTPASE_CYCLE",0.000310690811218713,0.0106860901292873,0.49849310876659,0.319137075074001,1.54543245250891,401,"CAV1;HSP90AA1;DOCK4;JAG1;PAK1;LMAN1;PAK3;CCDC88A;TRIP10;ACTN1;BCR;NCKAP1;CDC42BPA;DOCK3;FERMT2;SWAP70;RND2;JUP;ROCK2;TWF1;RHOBTB1;CPD;DSG2;ANLN;BAIAP2L1;TRIO;GIT1;PAK6;SH3PXD2A;VRK2;SPTBN1;AKAP12;TOR1AIP1;ACTG1;NGEF;PICALM;COPS4;PHIP;SLITRK5;ABI1;PKN1;ROCK1;CDC42EP4;UACA;RACGAP1;ITSN2;ARHGAP18;MYO6;NCF2;ABL2;PKN2;RAC2;IQGAP1;DIAPH3;ACBD5;KIDINS220;ARHGAP11B;CYFIP2;SYDE2;CLTC;GRB2;SH3RF1;ARHGAP6;SOS2;OCRL;MOSPD2;GNA13;ARHGEF6;EPHA2;GOLGA3;ANKLE2;RASAL2;SLK;TJP2;WASF2;FAM169A;PREX1;PEAK1;FMNL2;ARHGEF28;ARHGEF7;DAAM1;FAM91A1;ARHGEF26;SEMA4F;ALDH3A2;USP9X;COPS2;BLTP3B;SOS1;PDE5A;SOWAHC;DBN1;MTR;RAC3;FAM13A;STARD13;ARHGAP11A;TMEM59;ERBIN;FMNL3;PLEKHG5;CDC42BPB;TAOK3;UBXN11;OBSCN;SCFD1","wald_stat",TRUE
"REACTOME_EUKARYOTIC_TRANSLATION_INITIATION",0.000314739800578055,0.0106860901292873,0.49849310876659,0.417384995807555,1.73523898889477,116,"RPS27A;RPS3A;RPL9;RPL7;EIF2S1;EIF3H;RPLP0;RPS15A;RPL23;RPS7;RPS17;RPS23;RPLP2;RPS11;EIF3A;RPS13;RPL5;RPL17;RPL39;RPL27A;RPS10;EIF3B;EIF3J;RPL22;RPL11;RPS25;RPS21;EIF3D;EIF4B;RPL26;EIF4A2;RPL27;EIF3F;RPS3;RPS18;RPS29;EIF4E;RPS20;RPL4;RPL30;RPL34;RPL18A;EIF3I;RPS27;RPS27L;EIF3E;RPS12;EIF4H;RPS14;RPS2;RPS6;RPS4X;RPS8;RPS19;RPL13;RPL21;EIF4EBP1;EIF2B3;RPL7A;RPL13A;RPLP1;RPS16;RPL31","wald_stat",TRUE
"REACTOME_EGFR_DOWNREGULATION",0.000320066467640489,0.0106860901292873,0.49849310876659,0.650244816481408,2.02146650417858,26,"RPS27A;EREG;CBL;PTPRK;EGF;EGFR;EPS15;PTPN12;GRB2;HBEGF;TGFA;ARHGEF7;SPRY2","wald_stat",TRUE
"REACTOME_CRISTAE_FORMATION",0.000356844184235433,0.0113282535849093,0.49849310876659,-0.669781139790554,-2.16623203366729,33,"ATP5MF;ATP5PB;ATP5MC1;ATP5MK;ATP5F1A;ATP5MC3;ATP5F1D;ATP5F1E;ATP5PD;ATP5F1B;DMAC2L;SAMM50;HSPA9;IMMT;MICOS10;ATP5F1C;MICOS13;ATP5MJ;ATP5ME;MT-ATP6;ATP5PF;DNAJC11;ATP5MC2;ATP5MG","wald_stat",TRUE
"REACTOME_EUKARYOTIC_TRANSLATION_ELONGATION",0.000361190694011599,0.0113282535849093,0.49849310876659,0.455016456710339,1.80998252435834,90,"RPS27A;RPS3A;RPL9;EEF1G;RPL7;RPLP0;RPS15A;RPL23;RPS7;RPS17;RPS23;RPLP2;RPS11;RPS13;RPL5;RPL17;RPL39;RPL27A;EEF1A1;RPS10;RPL22;RPL11;RPS25;RPS21;RPL26;RPL27;RPS3;RPS18;RPS29;RPS20;RPL4;RPL30;RPL34;RPL18A;RPS27;RPS27L;RPS12;RPS14;RPS2;RPS6;RPS4X;RPS8;RPS19;RPL13","wald_stat",FALSE
"REACTOME_SIGNALING_BY_ERBB2",0.000400756447764908,0.0121902985937927,0.49849310876659,0.553662531501271,1.96937554210361,45,"YES1;HSP90AA1;RPS27A;EREG;AKT3;EGF;EGFR;PRKCA;PTPN12;NRG2;GRB2;HBEGF;ERBB3;SOS1;CUL5;PTPN18;ERBIN","wald_stat",TRUE
"REACTOME_EXTRACELLULAR_MATRIX_ORGANIZATION",0.000412232319596855,0.0121902985937927,0.49849310876659,-0.368747263936727,-1.61897751288864,218,"TNC;FN1;A2M;SDC3;COL21A1;SNTB1;SERPINH1;ADAMTS14;ITGA7;DST;SPARC;HSPG2;ADAMTS9;LOXL3;AGRN;COL13A1;MMP15;COL9A3;LAMB2;LOXL1;CTSD;HTRA1;ADAMTS2;LTBP1;COL14A1;ACTB;BMP7;ADAMTS4;ITGB1;COL5A3;PPIB;DMD;COL4A5;ADAM19;LAMC1;BGN;ITGAV;ICAM1;PLOD3;DAG1;NTN4;PXDN;COL11A1;ITGA10;MMP17;NID1;DTNB;JAM2;COL5A1;NCSTN;LAMA1","wald_stat",TRUE
"REACTOME_ASSEMBLY_AND_CELL_SURFACE_PRESENTATION_OF_NMDA_RECEPTORS",0.000427014986760431,0.0122766808693624,0.49849310876659,-0.628476260806927,-1.96534376044162,30,"NEFL;TUBB3;TUBA1C;TUBA1B;TUBB4A;TUBA1A;DLG1;TUBB4B","wald_stat",TRUE
"REACTOME_DOWNREGULATION_OF_SMAD2_3_SMAD4_TRANSCRIPTIONAL_ACTIVITY",0.000444209967963916,0.0124258734281798,0.49849310876659,0.604109488065354,1.94325862956846,30,"SERPINE1;MAPK1;RPS27A;SMURF2;SKIL;TGIF1;UBE2D3;SNW1;SMAD3;USP9X;SMAD2;SMAD4","wald_stat",FALSE
"REACTOME_NFE2L2_REGULATING_ANTI_OXIDANT_DETOXIFICATION_ENZYMES",0.000488347410418487,0.0132229189272958,0.477270815362862,0.697655830256207,1.97947587890013,18,"SLC7A11;PRDX1;TXNRD1;SRXN1;GCLC;BACH1;CHD6;MAFK","wald_stat",TRUE
"REACTOME_SIGNALING_BY_VEGF",0.000498254916101,0.0132229189272958,0.477270815362862,0.445109812973036,1.78457420862759,94,"NRP2;CAV1;HSP90AA1;PAK1;PAK3;ITPR3;NCKAP1;AKT3;JUP;ROCK2;PTK2;ACTG1;ABI1;AXL;MAPK14;ROCK1;PGF;NCF2;PRKCA;CDH5;SPHK1;CYFIP2;CALM1;RICTOR;AHCYL1;WASF2;KDR","wald_stat",FALSE
"REACTOME_SIGNALING_BY_NUCLEAR_RECEPTORS",0.000572557318867089,0.0147557706019715,0.477270815362862,0.353290498645243,1.59832060426101,219,"MAPK1;CAV1;HSP90AA1;CCND1;EREG;CAV2;GNG2;AKT3;SMC3;POLR2A;EGF;EGFR;PTK2;H3C4;NRIP1;GNG11;TBL1X;FOSB;SMC1A;GNB1;STAG2;FOXO3;RDH10;XPO1;KDM1B;ALDH1A3;AGO4;KDM3A;PTGES3;SPHK1;TNRC6A;SDR16C5;MMP2;NCOA1;H2BC5;CYP26B1;HBEGF;EBAG9;H2BC8;H2BC21;CALM1;ALDH1A2;TGFA;H2AC19;GNG12;ABCA1;CDKN1B;JUND;DHRS3;FKBP4;NCOA2;H2BC4;SCD;AGO1;FKBP5;AGO2;GNB5;MED1;DHRS9;AGO3;EEPD1;MYC;RARA;RXRA","wald_stat",FALSE
"REACTOME_POST_CHAPERONIN_TUBULIN_FOLDING_PATHWAY",0.000584528110802736,0.0147557706019715,0.477270815362862,-0.744386927675805,-2.06861818263614,17,"TUBB3;TUBA1C;TUBA1B;TBCD;TUBB4A;TUBA1A;TBCB;TUBB4B","wald_stat",FALSE
"REACTOME_PARASITE_INFECTION",0.000599044726847262,0.014762173625879,0.477270815362862,0.52736932533211,1.88470916712798,49,"YES1;MAPK1;MYO5A;ARPC5;NCKAP1;PTK2;ACTG1;ABI1;ACTR2;CYFIP2;GRB2;ACTR3;WASF2","wald_stat",TRUE
"REACTOME_ANTIGEN_ACTIVATES_B_CELL_RECEPTOR_BCR_LEADING_TO_GENERATION_OF_SECOND_MESSENGERS",0.000754212559581696,0.0181537209108618,0.477270815362862,0.681690676037596,2.0115570871944,21,"PIK3AP1;ITPR3;CD22;TRPC1;GRB2;CALM1;AHCYL1;SOS1;ORAI1;ITPR2","wald_stat",TRUE
"REACTOME_MRNA_3_END_PROCESSING",0.000800173062295871,0.0185761660398684,0.477270815362862,-0.396708389797997,-1.67644831907837,150,"DDX5;RBM39;SRSF6;PTBP1;SRSF5;SRRM2;POLR2I;SRSF3;PPP1R10;ZC3H11A;POLR2L;RBM17;DDX39B;SRSF2;SRSF9;HNRNPL;POLR2F;UBB;U2AF2;RBM8A;SRRT;RBM25;RBM5;HNRNPA3;HNRNPC;SRSF10;FYTTD1;DNAJC8;RBM10;UPF3B;HNRNPA2B1;FUS;SNRPD3;PABPN1;PAPOLG;PUF60;PPP1CB;GTF2F1;CPSF1;PCBP1;HNRNPA1;CPSF6;TRA2B;THOC1;ALYREF;RBMX;SF3B4;U2AF1L4;DDX46;UBA52;PPP1CA;POLR2H;PHF5A;SLU7;SF3B5","wald_stat",TRUE
"REACTOME_DOWNREGULATION_OF_ERBB2_SIGNALING",0.000807659393037755,0.0185761660398684,0.477270815362862,0.641797783290865,1.96574363657226,25,"HSP90AA1;RPS27A;EREG;AKT3;EGF;EGFR;PTPN12;NRG2;HBEGF;ERBB3;CUL5;PTPN18;ERBIN","wald_stat",FALSE
"REACTOME_NONSENSE_MEDIATED_DECAY_NMD",0.000886937267812724,0.019724611878884,0.477270815362862,0.417851079088287,1.71709765732746,112,"RPS27A;RPS3A;RPL9;RPL7;GSPT1;ETF1;RPLP0;RPS15A;RPL23;SMG7;RPS7;RPS17;RPS23;RPLP2;UPF2;RPS11;RPS13;RPL5;SMG1;RPL17;RPL39;RPL27A;PPP2CA;RPS10;RPL22;RPL11;RPS25;RPS21;RPL26;RPL27;RPS3;RPS18;RPS29;RPS20;CASC3;RPL4;RPL30;RPL34;RPL18A;RPS27;RPS27L;RPS12;RPS14;RPS2;RPS6;RPS4X;SMG5;RPS8;RPS19","wald_stat",FALSE
"REACTOME_SARS_COV_2_MODULATES_HOST_TRANSLATION_MACHINERY",0.000895707012857536,0.019724611878884,0.477270815362862,0.518636315820926,1.85349919284292,49,"RPS27A;RPS3A;RPS15A;RPS7;RPS17;RPS23;RPS11;SNRPB;RPS13;RPS10;RPS25;RPS21;GEMIN5;RPS3;RPS18;RPS29;RPS20;RPS27;RPS27L;RPS12;RPS14;RPS2;RPS6;RPS4X;RPS8;RPS19","wald_stat",FALSE
"REACTOME_CLATHRIN_MEDIATED_ENDOCYTOSIS",0.00102185305560395,0.0213167782592934,0.45505986738723,0.403555894387382,1.69294929776385,122,"RPS27A;EREG;ARPC5;TRIP10;HSPA8;CBL;FZD4;STON1;EGF;EGFR;PACSIN3;EPS15;ACTG1;PICALM;COPS4;UBQLN1;AGFG1;ITSN2;SNX9;RAB5A;ACTR2;BIN1;WNT5A;CLTC;GRB2;CLTB;HBEGF;LDLR;OCRL;NECAP1;ACTR3;TGFA;SCARB2","wald_stat",TRUE
"REACTOME_SARS_COV_1_ACTIVATES_MODULATES_INNATE_IMMUNE_RESPONSES",0.00102328157219622,0.0213167782592934,0.45505986738723,-0.592970360474185,-1.92828403273021,35,"BST2;KPNA2;PPIA;RIGI;FKBP1A;IFIH1;PPIB;KPNB1;STING1;UBB;NPIPB3;NMI","wald_stat",FALSE
"REACTOME_MAPK_FAMILY_SIGNALING_CASCADES",0.00103838338671027,0.0213167782592934,0.45505986738723,0.329918195854726,1.50962698003375,250,"DUSP1;DUSP5;MAPK1;RPS27A;PAK1;EREG;PAK3;LYPLA1;PPP1CC;GFRA1;EGF;PTPN11;RGL1;EGFR;DUSP7;PTK2;MET;SPTBN1;PDGFB;FGF1;ACTG1;CAMK2G;MMP10;SPTBN2;FOXO3;FGFR2;XPO1;SPRED2;AGO4;RAP1B;PPP2R5D;MARK3;IQGAP1;IRS1;NRG2;TNRC6A;MMP2;NCAM1;GRB2;HBEGF;RANBP9;CALM1;MAPK6;TGFA;RASAL2;CDC14B;PAQR3;IL17RD;RAPGEF2;FGF2;PPP2CA;RASA1;ICMT;RAP1A;ARL2;ERBB3;AGO1;JAK3;PSMD7;RASA3;SOS1;RASA4;AGO2;PDGFRA;SEPTIN7;PSMD14;AGO3","wald_stat",FALSE
"REACTOME_FOXO_MEDIATED_TRANSCRIPTION",0.00105039197219707,0.0213167782592934,0.45505986738723,0.503606803172473,1.84786811058392,55,"CAV1;CITED2;TXNIP;NR3C1;FOXG1;AKT3;SOD2;YWHAZ;FOXO3;CAT;BCL2L11;CDKN1B;SMAD3;DDIT3;SMAD2;SMAD4;BCL6;PPARGC1A;SIN3A;YWHAG","wald_stat",TRUE
"REACTOME_DEATH_RECEPTOR_SIGNALING",0.00108790597120411,0.0216535130806971,0.45505986738723,0.381450149934482,1.6354348173692,140,"TNFAIP3;RPS27A;TNFRSF10D;TNFRSF10A;IRAK1;RTN4;TRIO;RIPK2;NGEF;SQSTM1;UBE2L3;BCL2L11;SOS2;UBE2D3;TRAF6;RTN4R;GNA13;ARHGEF6;USP21;RACK1;PREX1;CYLD;BIRC2;ARHGEF7;PSENEN;ARHGEF26;MAPK8;RELA;SOS1;OPTN","wald_stat",TRUE
"REACTOME_INFLUENZA_VIRAL_RNA_TRANSCRIPTION_AND_REPLICATION",0.00115707714592358,0.0223459810185196,0.45505986738723,0.384428638382234,1.63507327754633,133,"HSP90AA1;RPS27A;RPS3A;NUP58;RPL9;POLR2A;RPL7;NUP50;RPLP0;RPS15A;NUP133;IPO5;RPL23;RPS7;RPS17;RPS23;RPLP2;RPS11;RPS13;RPL5;RPL17;RPL39;RPL27A;POM121C;RPS10;RPL22;RPL11;RPS25;SEC13;RPS21;NDC1;RPL26;DNAJC3;RPL27;RPS3;RPS18;NUP188;RPS29;RPS20;NUP155;NUP43;RPL4;RPL30;RPL34;NUP160;RPL18A;RPS27;POLR2D;NUP153;RPS27L;RPS12;RPS14;RPS2;RPS6;RPS4X;RPS8;RPS19","wald_stat",FALSE
"REACTOME_SIGNALING_BY_EGFR_IN_CANCER",0.00116587727053146,0.0223459810185196,0.45505986738723,0.628367975131061,1.88798851744466,23,"HSP90AA1;RPS27A;EREG;CBL;EGF;EGFR;GRB2;HBEGF;TGFA","wald_stat",FALSE
"REACTOME_VEGFR2_MEDIATED_VASCULAR_PERMEABILITY",0.00121998203671753,0.0227936745940284,0.45505986738723,0.631106081354109,1.93299633579702,25,"CAV1;HSP90AA1;PAK1;PAK3;AKT3;JUP;CDH5;CALM1;RICTOR","wald_stat",TRUE
"REACTOME_REGULATION_OF_INSULIN_LIKE_GROWTH_FACTOR_IGF_TRANSPORT_AND_UPTAKE_BY_INSULIN_LIKE_GROWTH_FACTOR_BINDING_PROTEINS_IGFBPS",0.00123328094421796,0.0227936745940284,0.45505986738723,-0.477515055219002,-1.79544679827675,81,"IGFBP5;SCG2;TNC;FN1;TMEM132A;IGFBP7;CHGB;KTN1;LAMB2;APLP2;APOE;APOL1;LTBP1;CST3;IGFBP2;MGAT4A;C3;LAMC1;NUCB1;CHRDL1;PRKCSH;IGFBP4;SHISA5;C4A","wald_stat",TRUE
"REACTOME_RESPONSE_OF_EIF2AK4_GCN2_TO_AMINO_ACID_DEFICIENCY",0.0013278682657003,0.0241112921929792,0.45505986738723,0.422138489876961,1.70098360741492,98,"RPS27A;RPS3A;RPL9;RPL7;EIF2S1;RPLP0;EIF2AK4;RPS15A;RPL23;ATF3;RPS7;RPS17;RPS23;RPLP2;RPS11;RPS13;RPL5;RPL17;RPL39;RPL27A;RPS10;DDIT3;RPL22;RPL11;RPS25;RPS21;RPL26;RPL27;RPS3;RPS18;RPS29;RPS20;RPL4;RPL30;RPL34;RPL18A;RPS27;RPS27L;RPS12;RPS14;RPS2;RPS6;RPS4X;RPS8;RPS19","wald_stat",FALSE
"REACTOME_GASTRIN_CREB_SIGNALLING_PATHWAY_VIA_PKC_AND_MAPK",0.00135442450291968,0.0241694717331357,0.45505986738723,0.704447088675204,1.92741266885568,16,"MAPK1;EGFR;RPS6KA1;PRKCA;GRB2;HBEGF;SOS1;RPS6KA2;CREB1","wald_stat",TRUE
"REACTOME_ANTIMICROBIAL_MECHANISM_OF_IFN_STIMULATED_GENES",0.00145715490866031,0.0254438351226439,0.45505986738723,-0.385190138589001,-1.62898511217509,154,"OAS1;KPNA2;TUBB3;TUBA1C;SFN;IFIT1;TUBA1B;NUP210;OAS2;ISG15;STAT3;STAT1;TUBB4A;UBA7;OAS3;TUBA1A;MX1;ACTB;OASL;EIF4A1;RIGI;TP53;KPNB1;TUBB4B;FANCA;ADAR;GBP5;TPR;PPP2R1A;UBE2L6;UBB","wald_stat",FALSE
"REACTOME_FORMATION_OF_ATP_BY_CHEMIOSMOTIC_COUPLING",0.00147500493464602,0.0254438351226439,0.45505986738723,-0.706704910136951,-2.04598160885362,20,"ATP5MF;ATP5PB;ATP5MC1;ATP5MK;ATP5F1A;ATP5MC3;ATP5F1D;ATP5F1E;ATP5PD;ATP5F1B;DMAC2L;ATP5F1C;ATP5MJ;ATP5ME;MT-ATP6;ATP5PF;ATP5MC2;ATP5MG","wald_stat",TRUE
"REACTOME_GAP_JUNCTION_TRAFFICKING_AND_REGULATION",0.0015250550022887,0.0258759332355542,0.45505986738723,-0.590225759495318,-1.84572844833737,30,"TUBB3;TUBA1C;TUBA1B;AP2M1;DNM1;TUBB4A;TUBA1A;ACTB;DAB2;TUBB4B","wald_stat",FALSE
"REACTOME_SIGNALING_BY_EGFR",0.00156568146751361,0.0261367793367191,0.45505986738723,0.522525230671553,1.84897319451959,46,"RPS27A;EREG;CBL;PTPRK;EGF;PTPN11;EGFR;EPS15;ADAM10;PAG1;PTPN12;GRB2;HBEGF;TGFA;ARHGEF7;SPRY2;SOS1","wald_stat",FALSE
"REACTOME_CELL_JUNCTION_ORGANIZATION",0.00185511527000517,0.0304768937215134,0.45505986738723,0.327383370690967,1.4824994004526,223,"FLNC;CTSB;CDH2;MAPK1;RPS27A;NECTIN3;ITGA6;ANGPTL4;NECTIN1;ACTN1;FERMT2;JUP;FURIN;SNAI2;H3C4;EPS15;ANG;CTBP2;ACTG1;PRDM8;AGO4;STRAP;CDH5;TNRC6A;H2BC5;KLF9;H2BC8;H2BC21;ARHGEF6;CBLL1;CSNK2A1;H2AC19;RACK1;FOXQ1;CDH13;H2BC4;PLEC;AGO1;CANX;PSMD7;DAD1;AGO2;OSTC;PSMD14;PALS1;AGO3;TWIST1;ZEB1;COL17A1;MYC;CDH24","wald_stat",TRUE
"REACTOME_ANTIGEN_PROCESSING_CROSS_PRESENTATION",0.00193176140988647,0.0312104016610888,0.45505986738723,-0.464661448024452,-1.7471174992703,81,"HLA-B;CALR;HLA-C;HLA-A;TAPBP;HMGB1;MYD88;ITGAV;SEC22B;HLA-F;MRC2;PSMB4;PSMC3;HLA-E;PSMB8;PSME2;UBB;PSMD8;SEC61A1;PSMB7;TIRAP;PSMA5;B2M;PSMB3;PSMA6;PSMB9;PSMD6;PDIA3;PSMA2;PSMD13;PSMA7;ADRM1;PSMB1;UBA52;PSMC5;PSMD1;PSMA1;S100A8;PSMA3","wald_stat",TRUE
"REACTOME_MRNA_SPLICING",0.00196007353427128,0.0312104016610888,0.431707695803346,-0.351442820146438,-1.53668008337514,211,"DDX5;RBM39;ACIN1;SRSF6;PTBP1;SRSF5;SRRM2;LSM8;POLR2I;SRSF3;ZNF830;POLR2L;SF1;RBM17;BUD31;PRPF38A;DDX39B;SRSF2;BCAS2;SRSF9;CCDC12;HNRNPL;NSRP1;POLR2F;U2AF2;RBM8A;SRRT;RBM25;RBM5;HNRNPA3;HNRNPC;SRSF10;DNAJC8;RBM10;UPF3B;SNRNP27;HNRNPA2B1;YJU2;DHX35;FUS;FAM32A;SNRPD3;PUF60;PPWD1;GTF2F1;LSM4;SNRNP40;PCBP1;HNRNPA1;STEEP1;RBMX2;TRA2B;LSM7;ALYREF;MTREX;PRCC;PQBP1;LSM3;CWC15;RBMX;PPIG;SF3B4;SDE2;RBM7;U2AF1L4;DDX46;EFTUD2;POLR2H;PHF5A;SLU7;SF3B5","wald_stat",FALSE
"REACTOME_REGULATION_OF_SIGNALING_BY_CBL",0.0020785983032604,0.0325962006647654,0.431707695803346,0.654234327815227,1.85627499247457,18,"YES1;CRKL;RPS27A;CBL;GRB2","wald_stat",TRUE
"REACTOME_NOTCH3_ACTIVATION_AND_TRANSMISSION_OF_SIGNAL_TO_THE_NUCLEUS",0.00220021005064198,0.0339883194390216,0.431707695803346,0.619715511736081,1.88054736528129,24,"NOTCH3;JAG1;RPS27A;MIB1;EGF;EGFR;ADAM10","wald_stat",TRUE
"REACTOME_NON_INTEGRIN_MEMBRANE_ECM_INTERACTIONS",0.00228205361353602,0.0347341983824968,0.431707695803346,-0.468240670314234,-1.70924177982591,66,"TNC;FN1;SDC3;SNTB1;HSPG2;AGRN;LAMB2;ACTB;ITGB1;COL5A3;DMD;COL4A5;LAMC1;ITGAV;DAG1;NTN4;COL11A1;DTNB;COL5A1;LAMA1;COL4A2","wald_stat",FALSE
"REACTOME_G_ALPHA_Q_SIGNALLING_EVENTS",0.0023613254925916,0.035148993569776,0.431707695803346,0.393634482042902,1.62061255359801,113,"MAPK1;ANXA1;MGLL;RGS3;GNG2;ITPR3;EGFR;TRIO;LPAR1;GNG11;P2RY1;GNB1;DGKH;GRM1;RPS6KA1;F2R;F2RL1;RGS4;PRKCA;GRB2;HBEGF;GNG12;PLCB3;SOS1;GNB5;ITPR2;ADRA1B;RGS2;GNRH1;GRPR;NMB;RGS19;HRH1;RPS6KA2;PRKCE;CREB1;TBXA2R;GNG3","wald_stat",TRUE
"REACTOME_NOTCH_HLH_TRANSCRIPTION_PATHWAY",0.00240095821063409,0.035148993569776,0.431707695803346,0.590313616623205,1.88453780514097,28,"NOTCH3;NOTCH2;HDAC5;TBL1X;HDAC9;HDAC11;SNW1;HDAC7","wald_stat",TRUE
"REACTOME_INTRAFLAGELLAR_TRANSPORT",0.00241118699850638,0.035148993569776,0.431707695803346,-0.513269752842646,-1.77735973774267,49,"TUBB3;TUBA1C;TUBA1B;TUBB4A;TUBA1A;DYNLL1;TUBB4B;DYNLT2B;DYNC2I1;IFT122;TRAF3IP1;TRIP11;TUBB2A","wald_stat",FALSE
"REACTOME_MRNA_POLYADENYLATION",0.00256538078332986,0.0367243009529445,0.431707695803346,-0.397272488217741,-1.62288249869681,126,"DDX5;RBM39;SRSF6;PTBP1;SRSF5;SRRM2;POLR2I;SRSF3;PPP1R10;POLR2L;RBM17;SRSF2;SRSF9;HNRNPL;POLR2F;UBB;U2AF2;SRRT;RBM25;RBM5;HNRNPA3;HNRNPC;SRSF10;DNAJC8;RBM10;HNRNPA2B1;FUS;SNRPD3;PABPN1;PAPOLG;PUF60;PPP1CB;GTF2F1;CPSF1;PCBP1;HNRNPA1;CPSF6;TRA2B;RBMX;SF3B4;U2AF1L4;DDX46;UBA52;PPP1CA;POLR2H;PHF5A;SF3B5","wald_stat",FALSE
"REACTOME_PRE_NOTCH_EXPRESSION_AND_PROCESSING",0.00259021639571493,0.0367243009529445,0.431707695803346,0.446422486500829,1.73891370227372,76,"NOTCH3;CCND1;NOTCH2;FURIN;H3C4;E2F1;ST3GAL4;AGO4;TNRC6A;H2BC5;SEL1L;H2BC8;H2BC21;H2AC19;RAB6A;SNW1;NOTCH2NLA;H2BC4;ATP2A3;TFDP1;AGO1;AGO2;AGO3;NOTCH2NLR;RFNG;LFNG;TMED2;ST3GAL6;KAT2A;ST3GAL3;SIRT6;H2BC15;RBPJ","wald_stat",TRUE
"REACTOME_RHO_GTPASES_ACTIVATE_WASPS_AND_WAVES",0.0029441488304673,0.0411782978315359,0.431707695803346,0.541501514794708,1.80467740463435,34,"MAPK1;ARPC5;NCKAP1;PTK2;ACTG1;ABI1;ACTR2;CYFIP2;GRB2;ACTR3;WASF2","wald_stat",FALSE
"REACTOME_SRP_DEPENDENT_COTRANSLATIONAL_PROTEIN_TARGETING_TO_MEMBRANE",0.0031306311629696,0.0429951230662084,0.431707695803346,0.395425776948831,1.62687797524254,109,"RPS27A;RPS3A;SRP72;RPL9;SSR1;RPL7;RPLP0;RPS15A;RPL23;SRPRB;RPS7;RPS17;RPS23;RPLP2;RPS11;RPS13;RPL5;RPL17;RPL39;RPL27A;RPS10;RPL22;RPL11;RPS25;RPS21;RPL26;RPL27;RPS3;RPS18;RPS29;TRAM1;RPS20;SRP68;RPL4;RPL30;RPL34;RPL18A;RPS27;RPS27L;RPS12;RPS14;RPS2;RPS6;RPS4X;RPS8;RPS19;RPL13;RPN1;SRP54","wald_stat",FALSE
"REACTOME_HEMOSTASIS",0.0031571298096926,0.0429951230662084,0.431707695803346,0.287618886279386,1.39627495637591,420,"SERPINE1;PLAT;TIMP3;YES1;TAGLN2;MAPK1;SLC7A11;CAV1;DOCK4;MGLL;TNFRSF10D;TNFRSF10A;MMP1;CD9;THBS1;ITGA6;GNG2;ACTN1;ATP2B1;ITPR3;DOCK3;AK3;PHACTR2;EGF;PTPN11;SLC16A3;CD99;ITGA1;PTK2;H3C4;SDC1;GNG11;PROCR;GLG1;HABP4;P2RY1;PDGFB;PLAUR;ITGA3;YWHAZ;ITGA5;GNB1;GATA2;DGKH;RAD51B;MAPK14;TGFB1;LRP8;VTI1B;RACGAP1;GUCY1B1;RCOR1;PLAU;F2R;PRKCA;RAB5A;ITGA2;KIF11;RAP1B;PPP2R5D;RAC2;ANXA5;GRB2;TGFB2;TOR4A;PDE2A;GNA13;CALM1;PSG4;CABLES1;TMX3;SELPLG;COL1A1;GNG12;EHD2;CARMIL1;KIF1C;SLC16A1;TUBA8;KIFAP3;WDR1;PPP2CA;PDE11A;CALU;RAP1A;GATA4;ATP2A3;MAFK","wald_stat",TRUE
"REACTOME_THE_ROLE_OF_GTSE1_IN_G2_M_PROGRESSION_AFTER_G2_CHECKPOINT",0.00323402770473164,0.0434703723947695,0.431707695803346,-0.485338630658626,-1.7333101442424,58,"TUBB3;TUBA1C;TUBA1B;GTSE1;PLK1;TUBB4A;TUBA1A;CCNB1;TP53;TUBB4B;PSMB4;PSMC3;UBB;HSP90AB1;PSMD8;PSMB7;TUBB2A;PSMA5;PSMB3;PSMA6;PSMD6;PSMA2;PSMD13;PSMA7;ADRM1;TUBB6;PSMB1;UBA52;PSMC5;PSMD1;PSMA1;PSMA3","wald_stat",TRUE
"REACTOME_FCGAMMA_RECEPTOR_FCGR_DEPENDENT_PHAGOCYTOSIS",0.0035802067536385,0.0475065896155879,0.431707695803346,0.436088985849814,1.68691170452571,74,"YES1;MAPK1;HSP90AA1;PAK1;MYO5A;ARPC5;ITPR3;NCKAP1;PTK2;ACTG1;ABI1;ACTR2;CYFIP2;GRB2;ACTR3;AHCYL1;WASF2","wald_stat",FALSE
"REACTOME_INTERFERON_GAMMA_SIGNALING",0.00369194519648721,0.0483691554223324,0.431707695803346,-0.45860858127859,-1.69737068386162,75,"HLA-B;OAS1;HLA-C;HLA-A;OAS2;MT2A;STAT1;PML;OAS3;OASL;IRF9;ICAM1;HLA-F;IRF1;GBP5;HLA-E;TRIM22;IFI30;RAF1;TRIM34;PTPN2;B2M;IRF7;TRIM21;GBP1;CAMK2B;GBP4;TRIM38","wald_stat",FALSE
"REACTOME_P75_NTR_RECEPTOR_MEDIATED_SIGNALLING",0.00379545068157692,0.0491036431929014,0.431707695803346,0.410314211998151,1.63995076108013,86,"RPS27A;IRAK1;RTN4;TRIO;RIPK2;NGEF;SQSTM1;BCL2L11;SOS2;TRAF6;RTN4R;GNA13;ARHGEF6;PREX1;ARHGEF7;PSENEN;ARHGEF26;MAPK8;RELA;SOS1","wald_stat",FALSE
"REACTOME_MITOCHONDRIAL_PROTEIN_IMPORT",0.0039644696762863,0.0504408977714021,0.407017918923954,-0.457628725824254,-1.66496340178214,64,"ACO2;SLC25A6;PMPCA;TOMM40;ATP5MC1;CYC1;ATP5F1A;TOMM5;TAFAZZIN;FXN;TIMM10B;ATP5F1B;DNAJC19;NDUFB8;TIMM8B;SAMM50;TIMM8A;HSPA9","wald_stat",FALSE
"REACTOME_LEISHMANIA_INFECTION",0.00404097362892823,0.0504408977714021,0.407017918923954,0.37602949899614,1.58957590421604,125,"YES1;MAPK1;TXNIP;MYO5A;GNG2;ARPC5;ITPR3;NCKAP1;FURIN;ADCY3;PTK2;GNG11;ACTG1;SUGT1;GNB1;ABI1;MAPK14;ACTR2;WNT5A;CYFIP2;GRB2;CALM1;ACTR3;GNG12;AHCYL1;WASF2;ADCY9;MAPK8;RELA;GNB5;ITPR2;C3AR1","wald_stat",FALSE
"REACTOME_SEALING_OF_THE_NUCLEAR_ENVELOPE_NE_BY_ESCRT_III",0.00404501885509794,0.0504408977714021,0.407017918923954,-0.606520032776725,-1.83098004642053,23,"TUBB3;TUBA1C;TUBA1B;SPAST;TUBB4A;TUBA1A;TUBB4B;CHMP3;TUBB2A","wald_stat",FALSE
"REACTOME_CELL_CELL_COMMUNICATION",0.00438236372007122,0.0538840801254729,0.407017918923954,0.315749357772863,1.443810002994,248,"FLNC;CTSB;CDH2;MAPK1;RPS27A;SKAP2;NECTIN3;ITGA6;ANGPTL4;NECTIN1;ACTN1;FERMT2;JUP;PTPN11;FURIN;SNAI2;PTK2;H3C4;EPS15;SPTBN1;ANG;CTBP2;ACTG1;PRDM8;AGO4;STRAP;IQGAP1;CDH5;TNRC6A;GRB2;H2BC5;KLF9;H2BC8;H2BC21;ARHGEF6;CBLL1;CSNK2A1;H2AC19;RACK1;FOXQ1;CDH13;H2BC4;PLEC;AGO1;CANX;PSMD7;DAD1;AGO2;OSTC;PSMD14;PALS1;AGO3;TWIST1;ZEB1;COL17A1;MYC;CDH24","wald_stat",FALSE
"REACTOME_COPI_DEPENDENT_GOLGI_TO_ER_RETROGRADE_TRAFFIC",0.00442526261900019,0.0538840801254729,0.407017918923954,-0.433838962727767,-1.64542830719231,84,"TUBB3;TUBA1C;TUBA1B;TUBB4A;TUBA1A;TUBB4B;SURF4;KIF26B;SEC22B;KIF20B;STX18;TMED10;RAB1B;ARF3;KIF22;COPE;NAPA;KLC4;KIF2C;TUBB2A;ARFGAP2;GBF1;KIF23;KIF20A;KIFC1;KIF13B;KIF15;KLC1","wald_stat",FALSE
"REACTOME_GOLGI_TO_ER_RETROGRADE_TRANSPORT",0.00448903663752654,0.0540250339516275,0.407017918923954,-0.390656835722481,-1.57157994455239,117,"TUBB3;TUBA1C;TUBA1B;DYNC1I1;TUBB4A;TUBA1A;RAB6B;DYNLL1;TUBB4B;SURF4;KIF26B;SEC22B;KIF20B;STX18;TMED10;RAB1B;ARF3;KIF22;PLA2G6;COPE;NAPA;KLC4;KIF2C;TUBB2A;ARFGAP2;GBF1;KIF23;KIF20A;KIFC1;KIF13B;DCTN6;KIF15;KLC1","wald_stat",FALSE
"REACTOME_NEGATIVE_REGULATION_OF_MET_ACTIVITY",0.0047207924989075,0.0561611521421754,0.407017918923954,0.627967337575211,1.78174702132249,18,"RPS27A;CBL;PTPRJ;EPS15;MET;GRB2","wald_stat",FALSE
"REACTOME_RESPIRATORY_SYNCYTIAL_VIRUS_RSV_GENOME_REPLICATION_TRANSCRIPTION_AND_TRANSLATION",0.0050576067062329,0.0594703809897067,0.407017918923954,0.642217052311778,1.79046744554991,17,"HSP90AA1;HSPA8;PPP1CC;FURIN;XPO1;CSNK2A1","wald_stat",FALSE
"REACTOME_PROCESSING_OF_CAPPED_INTRON_CONTAINING_PRE_MRNA",0.00516163515564467,0.0594703809897067,0.407017918923954,-0.31953844143212,-1.46014840205545,290,"NUP210;METTL14;DDX5;RBM39;ACIN1;SRSF6;PTBP1;SRSF5;SRRM2;LSM8;POLR2I;SRSF3;PPP1R10;ZNF830;ZC3H11A;POLR2L;SF1;RBM17;BUD31;PRPF38A;DDX39B;SRSF2;BCAS2;SRSF9;CCDC12;TPR;HNRNPL;NSRP1;POLR2F;UBB;U2AF2;RBM8A;SRRT;RBM25;RBM5;HNRNPA3;HNRNPC;SRSF10;NXF1;AAAS;FYTTD1;DNAJC8;RBM10;UPF3B;SNRNP27;HNRNPA2B1;YJU2;DHX35;FUS;FAM32A;SNRPD3;PABPN1;PAPOLG;PUF60;PPWD1;PPP1CB;GTF2F1;NUP93;POM121;LSM4;SNRNP40;CPSF1;PCBP1;HNRNPA1;STEEP1;NUP85;RBMX2;CPSF6;TRA2B;RAE1;THOC1;LSM7;ALYREF;MTREX;PRCC;PQBP1;SLBP;LSM3;CWC15;RBMX;PPIG;RANBP2;SF3B4;SDE2;RBM7;U2AF1L4;DDX46;UBA52;EFTUD2;PPP1CA;POLR2H;PHF5A;SLU7;SF3B5","wald_stat",FALSE
"REACTOME_COMPLEX_I_BIOGENESIS",0.0051713374773658,0.0594703809897067,0.407017918923954,-0.450596885580885,-1.66297410722455,68,"NDUFA13;ACAD9;NDUFB1;NDUFA11;NDUFV3;NDUFS5;NDUFS7;NDUFA3;NDUFS2;NDUFV1;OXA1L;NDUFA7;NDUFS6;NDUFAF3;NDUFAF6;NDUFA6;NDUFB5;NDUFB7;SFXN4;NDUFB8;NDUFC1;NDUFB11;HSPA9;MT-ND6;NDUFV2;NDUFB6;NDUFAF8;NDUFB9;NDUFA9;NDUFB2;HSCB;NDUFA1;DMAC1","wald_stat",FALSE
"REACTOME_SMOOTH_MUSCLE_CONTRACTION",0.0053060296098516,0.0603487983098506,0.407017918923954,0.533594987362068,1.74207424549387,32,"MYLK;ANXA1;PAK1;ITGB5;ITGA1;GUCY1B1;CALM1;PDE5A;CALD1;GUCY1A1","wald_stat",FALSE
"REACTOME_FOXO_MEDIATED_TRANSCRIPTION_OF_CELL_CYCLE_GENES",0.00543776105214979,0.0609800237429719,0.407017918923954,0.65332138375144,1.78752944276477,16,"CAV1;FOXG1;FOXO3;CDKN1B;SMAD3;SMAD2;SMAD4","wald_stat",FALSE
"REACTOME_COPI_INDEPENDENT_GOLGI_TO_ER_RETROGRADE_TRAFFIC",0.00547936445226704,0.0609800237429719,0.407017918923954,-0.51440702351997,-1.76124457035053,44,"TUBB3;TUBA1C;TUBA1B;DYNC1I1;TUBB4A;TUBA1A;RAB6B;DYNLL1;TUBB4B","wald_stat",FALSE
"REACTOME_KINESINS",0.0055445949814607,0.0610495298490619,0.407017918923954,-0.509740262996843,-1.74476615983535,45,"TUBB3;TUBA1C;TUBA1B;TUBB4A;TUBA1A;TUBB4B;KIF26B;KIF20B;KIF22;KLC4;KIF2C;TUBB2A;KIF23;KIF20A;KIFC1;KIF13B;KIF15;KLC1;KIFC2;KIF21A","wald_stat",FALSE
"REACTOME_IMMUNOREGULATORY_INTERACTIONS_BETWEEN_A_LYMPHOID_AND_A_NON_LYMPHOID_CELL",0.00573421362173978,0.0624727484052702,0.407017918923954,-0.512633541456263,-1.75517246108199,44,"HLA-B;IFITM1;HLA-C;HLA-A;NPDC1;ITGB1;C3;CXADR;ICAM1;HLA-F;HLA-E;COLEC12","wald_stat",FALSE
"REACTOME_NERVOUS_SYSTEM_DEVELOPMENT",0.00580972114481536,0.0626360560925407,0.407017918923954,0.273100254705173,1.34154593607019,465,"YES1;NRP2;MAPK1;HSP90AA1;COL6A2;RPS27A;ST8SIA4;PAK1;ALCAM;COL6A1;MSN;GRB10;PAK3;RPS3A;PLXNA2;EZR;SDCBP;ARPC5;HSPA8;PRNP;RGMB;RPL9;ROCK2;GFRA1;COL5A2;PTPN11;GSK3B;EGFR;UTRN;ITGA1;CXCR4;RPL7;TRIO;GIT1;PTK2;ABLIM3;GSPT1;PAK6;NRCAM;MET;SPTBN1;ETF1;ACTG1;NGEF;ITGA5;DPYSL3;RPLP0;SPTBN2;LAMB1;ROCK1;ADAM10;RPS15A;RPS6KA1;ABL2;RPL23;PRKCA;ITGA2;ACTR2;SEMA3A;LHX9;TRPC1;MMP2;RPS7;NCAM1;CLTC;GRB2;CLTB;SOS2;ABLIM1;RANBP9;RPS17;RRAS;EPHA2;ACTR3;CSNK2A1;MBP;GAB2;RPS23;RPLP2;UPF2;RPS11;RPS13;RPL5;RPL17;PLXNA3;TUBA8;RPL39;ENAH;RPL27A;ARHGEF28;ARHGEF7;PSENEN;RASA1","wald_stat",FALSE
"REACTOME_NEGATIVE_REGULATION_OF_FGFR4_SIGNALING",0.00595273672687905,0.0635163145599981,0.407017918923954,0.605448557194196,1.7530147986958,20,"MAPK1;RPS27A;CBL;PTPN11;FGF1;GRB2;FGF2;PPP2CA;SPRY2","wald_stat",FALSE
"REACTOME_DISEASES_OF_METABOLISM",0.00612294536034147,0.0646658004893207,0.407017918923954,-0.337880777682786,-1.47002559382246,202,"SPON1;SDC3;THBS2;ADAMTS14;GPC1;HSPG2;ADAMTS9;MCCC2;AGRN;IDS;ADAMTS2;G6PC3;ADAMTS4;GAA;GNS;BGN;MAN1B1;CHSY1;DAG1;MUC1;GYS1;PC;ABCD4;BCKDK;APRT;THSD1;MPDU1;MMACHC;ASS1;ADAMTS16;CTSA;UBB;DPM2;ABCA3;ADAMTS13;SSPOP;CUBN;SDC2;ADA;NMRAL1;B3GALT6;TBXAS1;CPS1;GALM;DOLK;HGSNAT;ADAMTS19;MCCC1;POMT1;ALG6;MMAA;RPIA;MMAB;EXT1;HEXA;DLD;NOTCH1","wald_stat",FALSE
"REACTOME_CROSS_PRESENTATION_OF_SOLUBLE_EXOGENOUS_ANTIGENS_ENDOSOMES",0.00627074199325686,0.0655577572022309,0.407017918923954,-0.521247703820819,-1.713618719042,38,"MRC2;PSMB4;PSMC3;PSMB8;PSME2;PSMD8;PSMB7;PSMA5;PSMB3;PSMA6;PSMB9;PSMD6;PSMA2;PSMD13;PSMA7;ADRM1;PSMB1;PSMC5;PSMD1;PSMA1;PSMA3","wald_stat",FALSE
"REACTOME_RHO_GTPASES_ACTIVATE_FORMINS",0.00641701454200368,0.0664161005097381,0.407017918923954,-0.385777783782819,-1.58711550476841,130,"TUBB3;TUBA1C;TUBA1B;DYNC1I1;RCC2;PFN2;PLK1;PFN1;TUBB4A;TUBA1A;ACTB;ITGB1;CENPA;DYNLL1;CDCA8;TUBB4B;CLASP1;CENPF;MAD1L1;CENPL;PPP2R1A;SGO1;ZWINT;CENPT;PPP2R5C;EVL;CENPM;KIF2C;TUBB2A;SRGAP2;DIAPH2;BIRC5;PMF1;KNL1;INCENP;AURKB;DVL3;NUF2;SKA2;BUB3;SPC24;NUP85;CENPK;SPC25;MIS12","wald_stat",FALSE
"REACTOME_GAP_JUNCTION_ASSEMBLY",0.00648203326364283,0.0664247963155478,0.407017918923954,-0.664192482820791,-1.84576138517537,17,"TUBB3;TUBA1C;TUBA1B;TUBB4A;TUBA1A;TUBB4B","wald_stat",FALSE
"REACTOME_CA2_PATHWAY",0.00688051891509629,0.0698170301678888,0.407017918923954,0.447135884200999,1.61885561916768,52,"GNG2;FZD3;ITPR3;FZD4;GNG11;GNB1;NFATC1;PRKCA;AGO4;TNRC6A;WNT5A;CALM1;GNG12;AGO1;PLCB3;AGO2;GNB5;AGO3;ITPR2;MAP3K7;MYC;TCF7","wald_stat",FALSE
"REACTOME_RECYCLING_PATHWAY_OF_L1",0.00714863137192905,0.0716331568379349,0.407017918923954,-0.527035797366534,-1.74628139989769,39,"TUBB3;TUBA1C;TUBA1B;SHTN1;AP2M1;L1CAM;DNM1;TUBB4A;TUBA1A;ACTB;DPYSL2;TUBB4B;RPS6KA6;AP2S1","wald_stat",FALSE
"REACTOME_PLATELET_ACTIVATION_SIGNALING_AND_AGGREGATION",0.00722084565713331,0.0716331568379349,0.407017918923954,0.32713760132191,1.45125420730077,188,"SERPINE1;TIMP3;TAGLN2;MAPK1;MGLL;CD9;THBS1;GNG2;ACTN1;ITPR3;PHACTR2;EGF;PTPN11;PTK2;GNG11;HABP4;P2RY1;PDGFB;YWHAZ;GNB1;DGKH;MAPK14;TGFB1;VTI1B;F2R;PRKCA;RAP1B;RAC2;ANXA5;GRB2;TGFB2;TOR4A;GNA13;CALM1;TMX3;COL1A1;GNG12","wald_stat",FALSE
"REACTOME_NEGATIVE_REGULATION_OF_FGFR2_SIGNALING",0.00726713185312383,0.0716331568379349,0.407017918923954,0.599810116898514,1.76720596359587,22,"MAPK1;RPS27A;CBL;PTPN11;FGF1;FGFR2;GRB2;FGF2;PPP2CA;SPRY2","wald_stat",FALSE
"REACTOME_MHC_CLASS_II_ANTIGEN_PRESENTATION",0.00741636913533887,0.0724145476893936,0.407017918923954,-0.39064823587777,-1.5220218459,99,"CTSC;TUBB3;TUBA1C;TUBA1B;DYNC1I1;AP2M1;DNM1;TUBB4A;CTSD;TUBA1A;AP1S3;DYNLL1;TUBB4B;AP2S1;CTSF;KIF22;CTSA;KLC4;CTSH;IFI30;KIF2C;TUBB2A;ACTR1B;AP1B1;KIF23;KIF20A;DCTN6;KIF15;KLC1","wald_stat",FALSE
"REACTOME_DNA_DAMAGE_TELOMERE_STRESS_INDUCED_SENESCENCE",0.00756674311911386,0.0731923283017089,0.407017918923954,0.462960924042456,1.66949381557937,50,"H1-0;H1-2;HIRA;H2BC5;H2BC8;UBN1;NBN;H2BC21;H2AC19;CDKN1B;H1-4;HMGA1;H2BC4;POT1;CCNE2;CCNA1;ACD","wald_stat",FALSE
"REACTOME_GLYCOGEN_METABOLISM",0.00772355425083314,0.07368741635738,0.407017918923954,0.574248369097952,1.74257580627437,24,"GBE1;RPS27A;PYGB;PPP1R3C;PHKA1;PYGL;PYGM;CALM1","wald_stat",FALSE
"REACTOME_COMPLEX_III_ASSEMBLY",0.00776031727821683,0.07368741635738,0.407017918923954,-0.594593311709444,-1.83144388708372,25,"UQCR11;TTC19;CYC1;UQCRQ;UQCRFS1;FXN;UQCRB;UQCC2;UQCR10;HSPA9","wald_stat",FALSE
"REACTOME_SIGNALING_BY_ERBB2_IN_CANCER",0.0080281312390746,0.0755374166585656,0.380730400722792,0.572021060501163,1.71868910686841,23,"HSP90AA1;EREG;EGF;EGFR;PTPN12;NRG2;GRB2;HBEGF;ERBB3;SOS1;ERBIN","wald_stat",FALSE
"REACTOME_RHO_GTPASES_ACTIVATE_IQGAPS",0.00822255974222787,0.0760935386731667,0.380730400722792,-0.576359442872401,-1.73993039378124,23,"TUBB3;TUBA1C;TUBA1B;TUBB4A;TUBA1A;ACTB;TUBB4B;CTNNB1","wald_stat",FALSE
"REACTOME_PLATELET_CALCIUM_HOMEOSTASIS",0.00828008482343923,0.0760935386731667,0.380730400722792,0.626506138009095,1.74666624080532,17,"ATP2B1;ITPR3;CALM1;ATP2A3;ORAI1;ITPR2;ATP2B4","wald_stat",FALSE
"REACTOME_INTERLEUKIN_3_INTERLEUKIN_5_AND_GM_CSF_SIGNALING",0.00833851362185487,0.0760935386731667,0.380730400722792,0.524552871870301,1.72617546764792,33,"YES1;CRKL;RPS27A;CBL;PTPN11;YWHAZ;GRB2;GAB2;STAT5B;JAK3;SOS1","wald_stat",FALSE
"REACTOME_CARBOXYTERMINAL_POST_TRANSLATIONAL_MODIFICATIONS_OF_TUBULIN",0.00838131730313141,0.0760935386731667,0.380730400722792,-0.540579317203597,-1.70726827549491,31,"TUBB3;TUBA1C;TUBA1B;TUBB4A;TUBA1A;TUBB4B;TPGS2","wald_stat",FALSE
"REACTOME_TGF_BETA_RECEPTOR_SIGNALING_ACTIVATES_SMADS",0.00865629135628954,0.0779066222066058,0.380730400722792,0.476685080401807,1.69556703807192,45,"RPS27A;PPP1CC;ITGB5;CBL;FURIN;SMURF2;ZFYVE9;TGFB1;FBN1;XPO1;STRAP;TGFB2;ITGB8;LTBP2;SMAD3;PMEPA1;SMAD2;SMAD4","wald_stat",FALSE
"REACTOME_EPH_EPHRIN_SIGNALING",0.00895617573269064,0.0797464778079349,0.380730400722792,0.395128966453635,1.54955677843046,81,"YES1;PAK1;PAK3;SDCBP;ARPC5;ROCK2;GIT1;PTK2;ACTG1;NGEF;ROCK1;ADAM10;ACTR2;MMP2;CLTC;CLTB;EPHA2;ACTR3;ARHGEF28;ARHGEF7;PSENEN;RASA1","wald_stat",FALSE
"REACTOME_RHOC_GTPASE_CYCLE",0.00901481923046221,0.0797464778079349,0.380730400722792,0.4221674843973,1.62397659370531,72,"CAV1;LMAN1;BCR;JUP;ROCK2;ANLN;PKN1;ROCK1;RACGAP1;ARHGAP18;PKN2;IQGAP1;DIAPH3;ACBD5;SLK;TJP2;PREX1;FMNL2;ARHGEF28;DAAM1;STARD13;ERBIN;FMNL3","wald_stat",FALSE
"REACTOME_PLATELET_HOMEOSTASIS",0.00930055525580236,0.0809979379556784,0.380730400722792,0.424687029789178,1.58623417856415,60,"GNG2;ATP2B1;ITPR3;PTPN11;GNG11;GNB1;MAPK14;LRP8;GUCY1B1;PPP2R5D;PDE2A;CALM1;GNG12;PPP2CA;PDE11A;ATP2A3;PDE5A;GNB5;ORAI1;ITPR2;KCNMA1;GUCY1A1;ATP2B4;KCNMB4;PAFAH2;PPP2R5B;PPP2R5E;PLA2G4A;GNG3","wald_stat",FALSE
"REACTOME_CARGO_RECOGNITION_FOR_CLATHRIN_MEDIATED_ENDOCYTOSIS",0.00936117424388766,0.0809979379556784,0.380730400722792,0.394379439217208,1.55774733384473,84,"RPS27A;EREG;CBL;FZD4;STON1;EGF;EGFR;EPS15;PICALM;COPS4;UBQLN1;AGFG1;ITSN2;WNT5A;CLTC;GRB2;CLTB;HBEGF;LDLR;NECAP1;TGFA;SCARB2","wald_stat",FALSE
"REACTOME_INTRA_GOLGI_AND_RETROGRADE_GOLGI_TO_ER_TRAFFIC",0.00939106527022358,0.0809979379556784,0.380730400722792,-0.331515188611379,-1.437575627138,184,"TUBB3;TUBA1C;TUBA1B;RAB30;DYNC1I1;CUX1;TUBB4A;TUBA1A;CYTH2;GOLIM4;RAB6B;DYNLL1;TUBB4B;SURF4;KIF26B;SEC22B;KIF20B;STX18;VPS53;TMED10;RAB1B;ARF3;KIF22;PLA2G6;IGF2R;COPE;COG2;NAPA;COG3;KLC4;TRIP11;MAN1C1;VPS45;KIF2C;TUBB2A;USP6NL;ARFGAP2;GBF1;KIF23;KIF20A;GOLGA1;ARFRP1;KIFC1;M6PR;KIF13B;DCTN6;KIF15;KLC1","wald_stat",FALSE
"REACTOME_VEGFR2_MEDIATED_CELL_PROLIFERATION",0.00971532040752849,0.0828086870502646,0.380730400722792,0.59745282296828,1.70672453221951,19,"ITPR3;PRKCA;SPHK1;CALM1;AHCYL1;KDR;RASA1;ITPR2;SRC;VEGFA","wald_stat",FALSE
"REACTOME_FORMATION_OF_THE_DYSTROPHIN_GLYCOPROTEIN_COMPLEX_DGC",0.00976102398080413,0.0828086870502646,0.380730400722792,-0.572720144550952,-1.7571975844506,28,"SNTB1;HSPG2;AGRN;LAMB2;ACTB;DMD;LAMC1;DAG1;DTNB;LAMA1","wald_stat",FALSE
"REACTOME_L1CAM_INTERACTIONS",0.0100309747323614,0.0844069825040169,0.380730400722792,-0.409166020212987,-1.58490311966162,94,"CD24;TUBB3;TUBA1C;TUBA1B;CNTN1;SHTN1;AP2M1;L1CAM;DNM1;TUBB4A;TUBA1A;ACTB;ITGB1;EPHB2;DLG1;GAP43;DPYSL2;TUBB4B;LAMC1;RPS6KA6;SCN9A;ITGAV;FGFR1;AP2S1;ANK1;ITGA10;SPTBN5;SPTAN1;LAMA1","wald_stat",FALSE
"REACTOME_MITOTIC_G2_G2_M_PHASES",0.0101614298846011,0.0848151607303402,0.380730400722792,-0.324235096974664,-1.40817324135778,185,"TUBB3;TUBA1C;TUBA1B;TUBB;GTSE1;PLK1;TUBB4A;CDC25B;TUBA1A;CCNB1;PPME1;CEP192;TP53;DYNLL1;TUBB4B;MYBL2;CLASP1;RAB8A;CENPF;PSMB4;PSMC3;PPP2R1A;SGO1;AURKA;UBB;HSP90AB1;TICRR;PSMD8;PSMB7;HMMR;FZR1;TUBB2A;CEP43;CSNK1D;PSMA5;PRKACA;LIN9;ALMS1;CEP70;CDC25C;HAUS5","wald_stat",FALSE
"REACTOME_MITOTIC_METAPHASE_AND_ANAPHASE",0.0110687459397309,0.0916492163809718,0.380730400722792,-0.32803891032486,-1.43454584650361,213,"UBE2C;TUBB3;TUBA1C;TUBA1B;DYNC1I1;RCC2;PLK1;SPAST;TUBB4A;TUBA1A;CCNB1;CENPA;DYNLL1;KPNB1;CDCA8;TUBB4B;LMNB1;CLASP1;CENPF;MAD1L1;PSMB4;RCC1;PSMC3;CENPL;CDC27;PPP2R1A;SGO1;ZWINT;UBB;CENPT;PSMD8;PPP2R5C;PSMB7;CHMP3;BANF1;CENPM;FBXO5;KIF2C;TUBB2A;PSMA5;BIRC5;LMNA;PMF1;PSMB3;KNL1;PSMA6;INCENP;NUP93;AURKB;HDAC8;NUF2;PSMD6;POM121;CHMP4A;CDC23;LBR;TNPO1;SKA2;BUB3;SPC24;VRK1;PSMA2;NUP85;ANAPC7;CENPK;SPC25;PSMD13;MIS12;LEMD2;CENPE;RANBP2;PSMA7;CLASP2;ANAPC15;CC2D1B;ADRM1;TUBB6;UBE2S;PSMB1;UBA52;RAN","wald_stat",FALSE
"REACTOME_RHOBTB_GTPASE_CYCLE",0.0113681509640104,0.0929713159310527,0.380730400722792,0.503421969961383,1.69288509690748,35,"HSP90AA1;ACTN1;ROCK2;TWF1;RHOBTB1;ACTG1;COPS4;PHIP;ROCK1;MYO6","wald_stat",FALSE
"REACTOME_BMAL1_CLOCK_NPAS2_ACTIVATES_CIRCADIAN_EXPRESSION",0.011439048948984,0.0929713159310527,0.380730400722792,0.562091254499238,1.70568463702803,24,"SERPINE1;BMAL2;PPARA;TBL1X;NCOA1;BHLHE40;NCOA2;MED1;NCOA6;RXRA;NAMPT","wald_stat",FALSE
"REACTOME_CONSTITUTIVE_SIGNALING_BY_LIGAND_RESPONSIVE_EGFR_CANCER_VARIANTS",0.0114979018735988,0.0929713159310527,0.380730400722792,0.590802137529143,1.68772573004019,19,"HSP90AA1;RPS27A;CBL;EGF;EGFR;GRB2","wald_stat",FALSE
"REACTOME_SIGNALING_BY_NOTCH1_PEST_DOMAIN_MUTANTS_IN_CANCER",0.0116119972741962,0.0931660246418068,0.380730400722792,0.428142416216725,1.55991156014439,54,"JAG1;RPS27A;HDAC5;MIB1;TBL1X;HES1;ADAM10;HDAC9;HDAC11;SNW1;HDAC7;PSENEN","wald_stat",FALSE
"REACTOME_FORMATION_OF_FIBRIN_CLOT_CLOTTING_CASCADE",0.012257750432826,0.0970943598953375,0.380730400722792,-0.636855672486498,-1.74199834343236,16,"SERPINE2;A2M;SERPING1;THBD","wald_stat",FALSE
"REACTOME_ADHERENS_JUNCTIONS_INTERACTIONS",0.0122892378225017,0.0970943598953375,0.380730400722792,0.319421847702662,1.41216523374581,181,"CTSB;CDH2;MAPK1;RPS27A;NECTIN3;ANGPTL4;NECTIN1;JUP;FURIN;SNAI2;H3C4;EPS15;ANG;CTBP2;ACTG1;PRDM8;AGO4;STRAP;CDH5;TNRC6A;H2BC5;KLF9;H2BC8;H2BC21;CBLL1;CSNK2A1;H2AC19;RACK1;FOXQ1;CDH13;H2BC4;AGO1;CANX;PSMD7;DAD1;AGO2;OSTC;PSMD14;AGO3;TWIST1;ZEB1;MYC;CDH24","wald_stat",FALSE
"REACTOME_SELENOAMINO_ACID_METABOLISM",0.0126533568241108,0.0992138205526869,0.380730400722792,0.357926981338416,1.47084837615228,112,"RPS27A;RPS3A;TXNRD1;RPL9;RPL7;RPLP0;RPS15A;RPL23;RPS7;RPS17;PAPSS1;RPS23;RPLP2;RPS11;RPS13;RPL5;RPL17;RPL39;RPL27A;RPS10;RPL22;RPL11;DARS1;RPS25;RPS21;RPL26;RPL27;RPS3;RPS18;RPS29;RPS20;SCLY;RPL4;RPL30;RPL34;RPL18A;RPS27;PAPSS2;RPS27L;RPS12;RPS14;RPS2;RPS6;RPS4X;RPS8;RPS19;RPL13;LARS1;RPL21;CTH;EPRS1;RPL7A;RPL13A;SEPSECS;RPLP1;RPS16;RPL31","wald_stat",FALSE
"REACTOME_COLLAGEN_BIOSYNTHESIS_AND_MODIFYING_ENZYMES",0.0131946820072179,0.102680420131357,0.380730400722792,-0.446383343861218,-1.55479070215458,51,"COL21A1;SERPINH1;ADAMTS14;COL13A1;COL9A3;ADAMTS2;COL14A1;COL5A3;PPIB;COL4A5;PLOD3;COL11A1;COL5A1;COL4A2","wald_stat",FALSE
"REACTOME_INFLUENZA_INFECTION",0.013534796247057,0.103645820735537,0.380730400722792,0.33480166042655,1.44711534719039,154,"HSP90AA1;RPS27A;RPS3A;NUP58;RPL9;POLR2A;RPL7;NUP50;RPLP0;KPNA5;TGFB1;HSPA1A;RPS15A;NUP133;XPO1;IPO5;RPL23;RPS7;CLTC;MLKL;RPS17;KPNA1;KPNA3;RPS23;RPLP2;RPS11;RPS13;RPL5;RPL17;RPL39;RPL27A;POM121C;RPS10;CANX;RPL22;RPL11;RPS25;SEC13;RPS21;NDC1;RPL26;DNAJC3;RPL27;RPS3;RPS18;NUP188;RPS29;RPS20;NUP155;NUP43;RPL4;RPL30;RPL34;NUP160;CPSF4;RPL18A;RPS27;POLR2D;NUP153;RPS27L;RPS12;RPS14;RPS2;RPS6;RPS4X;RPS8;RPS19","wald_stat",FALSE
"REACTOME_CELLULAR_SENESCENCE",0.0135636550876691,0.103645820735537,0.380730400722792,0.334646278294163,1.43981016784473,151,"MAPK1;H1-0;RPS27A;H1-2;HIRA;ID1;H3C4;KDM6B;E2F1;MAPK14;PHC3;MAPK9;RPS6KA1;MDM4;AGO4;TNRC6A;ANAPC1;H2BC5;PHC1;H2BC8;UBN1;NBN;H2BC21;H2AC19;CDKN1B;ANAPC4;H1-4;HMGA1;H2BC4;POT1;TFDP1;MAPK8;AGO1;RELA;MINK1;CCNE2;MAP2K6;AGO3;ANAPC11;ETS1;MAP4K4;CXCL8;CCNA1;ACD;RBBP7;MAP2K4","wald_stat",FALSE
"REACTOME_SIGNALING_BY_INTERLEUKINS",0.0138099922116018,0.103645820735537,0.380730400722792,0.278180544084846,1.32143358988671,340,"YES1;CRKL;MAPK1;ANXA1;HSP90AA1;RPS27A;CCND1;MSN;MMP1;LIFR;TCP1;IL13RA2;HSPA8;IL11;MCL1;FBXW11;CBL;MEF2A;IRAK1;PTPN11;SOD2;LCP1;DUSP7;H3C4;RIPK2;SDC1;IL1R1;YWHAZ;RPLP0;SQSTM1;JUNB;RALA;SOX2;MAPK14;TGFB1;FOXO3;OSMR;MAPK9;RPS6KA1;PTGS2;NLRC5;PTPN12;RAP1B;PPP2R5D;IRS1;MMP2;GRB2;SOS2;TRAF6;GAB2;IL33;FGF2;PPP2CA;SMAD3;IL34;MAPK8;STAT5B;RELA;CANX;JAK3;TNIP2;PSMD7;SOS1;MAP2K6;PTPN4;PSMD14;MAP3K3;TWIST1;N4BP1;MAP3K7;BCL6;ZEB1;MYC;PTPN18;PIM1;SKP1;CSF1;SOCS1;IL15RA;CXCL8","wald_stat",FALSE
"REACTOME_PROTEASOME_ASSEMBLY",0.0140607643096741,0.103645820735537,0.380730400722792,-0.470695496187243,-1.63025480518067,50,"PSMB4;PSMC3;PSMG4;PSMB8;PSME2;PSMD5;PSMD8;PSMB7;PSMA5;PSMB3;PSMA6;PSMB9;PSMD6;PSMD10;PSMA2;PSMD13;PSME3;PSMA7;ADRM1;PSMB1;PSMC5;PSMD1;PSMA1;PSMA3;PSME4;PSMD9;PSMG2;PSMB2;PSMD4","wald_stat",FALSE
"REACTOME_NUCLEAR_EVENTS_KINASE_AND_TRANSCRIPTION_FACTOR_ACTIVATION",0.0141732317394253,0.103645820735537,0.380730400722792,0.424903359160321,1.56084640630675,56,"MAPK1;ID1;EGR1;MEF2A;TRIB1;DUSP7;FOSB;JUNB;MAPK14;RPS6KA1;PPP2R5D;SGK1;JUND;PPP2CA;EGR3;NAB2;LYL1","wald_stat",FALSE
"REACTOME_CELLULAR_RESPONSE_TO_HEAT_STRESS",0.0142014321209397,0.103645820735537,0.380730400722792,0.372631452311729,1.49891138825056,97,"HSPA1B;MAPK1;HSP90AA1;HSPA4;HSPA8;HSPH1;NUP58;HSPA4L;GSK3B;RPA1;NUP50;CAMK2G;HSPA1A;NUP133;BAG2;PTGES3;BAG5;FKBP4;DEDD2;EEF1A1;POM121C","wald_stat",FALSE
"REACTOME_SIGNALING_BY_FGFR4",0.0142311957423309,0.103645820735537,0.380730400722792,0.496282487014576,1.59640800988453,30,"MAPK1;RPS27A;CBL;PTPN11;FGF1;GRB2;FGF2;PPP2CA;SPRY2;SOS1","wald_stat",FALSE
"REACTOME_MAPK1_MAPK3_SIGNALING",0.0142311999673984,0.103645820735537,0.380730400722792,0.306146056514439,1.3835996109965,213,"DUSP1;DUSP5;MAPK1;RPS27A;EREG;LYPLA1;PPP1CC;GFRA1;EGF;PTPN11;RGL1;EGFR;DUSP7;PTK2;MET;SPTBN1;PDGFB;FGF1;ACTG1;CAMK2G;SPTBN2;FGFR2;SPRED2;RAP1B;PPP2R5D;MARK3;IQGAP1;IRS1;NRG2;NCAM1;GRB2;HBEGF;RANBP9;CALM1;TGFA;RASAL2;PAQR3;IL17RD;RAPGEF2;FGF2;PPP2CA;RASA1;ICMT;RAP1A;ARL2;ERBB3;JAK3;PSMD7;RASA3;SOS1;RASA4;PDGFRA;PSMD14","wald_stat",FALSE
"REACTOME_REGULATION_OF_HSF1_MEDIATED_HEAT_SHOCK_RESPONSE",0.0142312021989924,0.103645820735537,0.380730400722792,0.391481661318077,1.52330859786257,78,"HSPA1B;MAPK1;HSPA4;HSPA8;HSPH1;NUP58;HSPA4L;GSK3B;RPA1;NUP50;HSPA1A;NUP133;BAG2;BAG5;FKBP4;DEDD2;POM121C","wald_stat",FALSE
"REACTOME_DOWNREGULATION_OF_TGF_BETA_RECEPTOR_SIGNALING",0.0143201472127361,0.103645820735537,0.380730400722792,0.529040815983337,1.64467022534765,26,"RPS27A;PPP1CC;SMURF2;ZFYVE9;TGFB1;XPO1;STRAP;SMAD3;PMEPA1;SMAD2","wald_stat",FALSE
"REACTOME_ANTIGEN_PROCESSING_UB_ATP_INDEPENDENT_PROTEASOMAL_DEGRADATION",0.0144488718561426,0.103851266466025,0.380730400722792,-0.625316827154301,-1.79329517777362,19,"PSMB4;PSMB8;PSME2;PSMB7;PSMA5;PSMB3;PSMA6;PSMB9;PSMA2;PSMA7;PSMB1;PSMA1;PSMA3;PSMB2","wald_stat",FALSE
"REACTOME_DENGUE_VIRUS_HOST_INTERACTIONS",0.0145763407748911,0.104044915186291,0.380730400722792,-0.307816243295451,-1.37589679747292,241,"SDC3;GPC1;HSPG2;AGRN;DDX5;PML;CLU;SRSF6;IFIH1;PTBP1;SRSF5;SRRM2;POLR2I;SRSF3;PEX19;STING1;POLR2L;RBM17;BUD31;CTNNB1;SRSF2;H3C6;BCAS2;SRSF9;HNRNPL;POLR2F;MLST8;HSP90AB1;C4A;U2AF2;HNRNPA0;SRRT;RBM5;HNRNPA3;HNRNPC;PIK3R4;SDC2;DNAJC8;RBM10;HNRNPUL1;STAT2;PRR5;GBF1;HNRNPA2B1;FUS;NFKBIB;SNRPD3;PABPN1;PUF60;GTF2F1;CAMK2B;H2AC11;SNRNP40;GPC5;CPSF1;PCBP1;SKIC8;HNRNPA1;H3C10;CPSF6;ALYREF;PRCC;CAMK2D;RPTOR;PQBP1;CWC15;RBMX","wald_stat",FALSE
"REACTOME_METABOLISM_OF_VITAMINS_AND_COFACTORS",0.0148817498196983,0.105497336050601,0.380730400722792,-0.339852619411114,-1.43484203081699,158,"NNMT;SDC3;GPC1;HSPG2;MCCC2;PARP14;AGRN;PARP9;APOE;PARP10;AKR1C3;BCO1;MTHFD2;AKR1C1;COQ8A;PC;ABCD4;SLC46A1;PTS;MMACHC;VKORC1;MOCS1;CUBN;NAXE;SLC25A51;SDC2;LRAT;PRSS3;RDH11;PDSS2;DCAKD;NAPRT;SLC25A32;MCCC1;PDZD11;NT5E;MMAA;MMAB;NMNAT1;COQ4;SHMT2;GCHFR;GPC5;NMNAT2;LDLRAP1;COQ8B;SLC52A2","wald_stat",FALSE
"REACTOME_MITOCHONDRIAL_TRANSLATION_ELONGATION",0.014996005096625,0.105584117517053,0.380730400722792,-0.391867862610827,-1.50936640460062,90,"MRPL16;MRPL20;MRPS2;MRPL51;MRPL11;MT-RNR1;MRPS21;MRPS18A;OXA1L;MRPL35;MRPL43;MRPL23;MRPL32;MRPL44;MRPL30;MRPS22;MRPS9;MRPL55;MRPS18C;MRPS11;MRPL3;MRPL34;GFM1;MRPL27;MRPL15;TSFM;MRPL47;MRPS12;MRPL9;MRPL41;MRPL22;MRPS33;MRPL1;MRPL53;MRPL37;MRPL45;MRPL38;KGD4","wald_stat",FALSE
"REACTOME_SPRY_REGULATION_OF_FGF_SIGNALING",0.0154219591444135,0.107849511584243,0.380730400722792,0.613517113961466,1.67862239339073,16,"MAPK1;RPS27A;CBL;PTPN11;GRB2;PPP2CA;SPRY2","wald_stat",FALSE
"REACTOME_ER_TO_GOLGI_ANTEROGRADE_TRANSPORT",0.015648940315428,0.108621234395204,0.352487857583619,-0.337930846857566,-1.4025191985766,137,"CTSC;TUBB3;TUBA1C;TUBA1B;DYNC1I1;TUBB4A;TUBA1A;DYNLL1;TUBB4B;SEC22B;SEC16A;ANK1;LMAN2;TMED10;SPTBN5;RAB1B;ARF3;SPTAN1;COPE;TRAPPC2;COG2;NAPA;COG3;CNIH3;TUBB2A;TRAPPC4;ARFGAP2;TMEM115;CSNK1D;GBF1","wald_stat",FALSE
"REACTOME_ACTIVATION_OF_AMPK_DOWNSTREAM_OF_NMDARS",0.0157422078833628,0.108621234395204,0.352487857583619,-0.58258885729459,-1.68665318501436,20,"TUBB3;TUBA1C;TUBA1B;TUBB4A;TUBA1A;TUBB4B","wald_stat",FALSE
"REACTOME_METABOLISM_OF_NITRIC_OXIDE_NOS3_ACTIVATION_AND_REGULATION",0.0159447319496768,0.109290050118645,0.352487857583619,0.610787036325189,1.67115272489794,16,"CAV1;HSP90AA1;LYPLA1;DDAH1;CALM1","wald_stat",FALSE
"REACTOME_SIGNALING_BY_MET",0.0160655559683442,0.109393752810765,0.352487857583619,0.394152812232251,1.49855716361859,69,"CRKL;RPS27A;CBL;COL5A2;PTPN11;PTPRJ;PTK2;EPS15;MET;ITGA3;SPINT1;LAMB1;ITGA2;LAMC3;RAP1B;GRB2;LAMA4;RANBP9;COL1A1;RAP1A;COL11A2;SOS1","wald_stat",FALSE
"REACTOME_METABOLISM_OF_FAT_SOLUBLE_VITAMINS",0.0162201770900309,0.109724727373738,0.352487857583619,-0.503112562453016,-1.60665268845227,32,"SDC3;GPC1;HSPG2;AGRN;APOE;AKR1C3;BCO1;AKR1C1;VKORC1;SDC2;LRAT;RDH11","wald_stat",FALSE
"REACTOME_STIMULI_SENSING_CHANNELS",0.0163865246871333,0.110130214618071,0.352487857583619,0.409374529651278,1.52904097657241,60,"ANO1;RPS27A;ANO6;SLC9B2;CLCN4;ANO10;TRPC1;MLKL;SGK1;CALM1;ASIC1;SLC9B1;FKBP1B;TPCN1;MCOLN3;WNK3;WNK1;ANO8;WWP1;OSTM1;NEDD4L;CLCN7;CLCN3;TRPV3;CLCN6","wald_stat",FALSE
"REACTOME_SIGNALING_BY_NOTCH",0.0165471786312068,0.110308710324752,0.352487857583619,0.312430677012388,1.38121171264213,183,"NOTCH3;JAG1;RPS27A;CCND1;NOTCH2;HDAC5;MIB1;EGF;FURIN;EGFR;H3C4;E2F1;TBL1X;HES1;YWHAZ;ST3GAL4;ADAM10;HDAC9;AGO4;ITCH;HDAC11;TNRC6A;H2BC5;SEL1L;H2BC8;H2BC21;H2AC19;NBEA;RAB6A;SNW1;HDAC7;NOTCH2NLA;PSENEN;H2BC4;SMAD3;ATP2A3;TFDP1;AGO1;PSMD7;AGO2;PSMD14;AGO3;NOTCH2NLR;MYC;NUMB;SKP1;RFNG;LFNG;DLL1;TMED2;ST3GAL6","wald_stat",FALSE
"REACTOME_HS_GAG_DEGRADATION",0.0166262403967743,0.110308710324752,0.352487857583619,-0.604405726825944,-1.69417625944619,18,"SDC3;GPC1;HSPG2;AGRN;IDS","wald_stat",FALSE
"REACTOME_EFFECTS_OF_PIP2_HYDROLYSIS",0.0168829475850558,0.110668428676302,0.352487857583619,0.544906879203417,1.63722209235453,23,"MGLL;ITPR3;DGKH","wald_stat",FALSE
"REACTOME_COMPLEX_IV_ASSEMBLY",0.0168943108510683,0.110668428676302,0.352487857583619,-0.469294143615801,-1.60157355422766,43,"COX6A1;COX8A;COX7B;COX6B1;TMEM223;PET100;COX5A;HIGD2A;COX5B;MT-CO2;COA3;RAB5IF;MT-CO1;MT-CO3;COX18;COX4I1;SCO1;COX6C;COX7A2;SURF1;COX7A2L","wald_stat",FALSE
"REACTOME_COLLAGEN_FORMATION",0.0171492288152684,0.111285204542554,0.352487857583619,-0.408503441082498,-1.50925256836952,70,"COL21A1;SERPINH1;ADAMTS14;DST;LOXL3;COL13A1;COL9A3;LOXL1;ADAMTS2;COL14A1;COL5A3;PPIB;COL4A5;PLOD3;PXDN;COL11A1;COL5A1;COL4A2","wald_stat",FALSE
"REACTOME_G_PROTEIN_BETA_GAMMA_SIGNALLING",0.0172035098809746,0.111285204542554,0.352487857583619,0.544357826004911,1.6518719574987,24,"PAK1;GNG2;AKT3;GNG11;GNB1;ARHGEF6;GNG12;PLCB3;GNB5","wald_stat",FALSE
"REACTOME_COOPERATION_OF_PDCL_PHLP1_AND_TRIC_CCT_IN_G_PROTEIN_BETA_FOLDING",0.0176348567841294,0.113366936469404,0.352487857583619,0.48933937792781,1.574073885168,30,"TCP1;GNG2;CCT4;GNG11;GNB1;CCT6B;CSNK2A1;GNG12;CCT8;GNB5;CCT6A;RGS11;GNG3;CCT7","wald_stat",FALSE
"REACTOME_AGGREPHAGY",0.0179483896257641,0.114257927610938,0.352487857583619,-0.532522342143375,-1.72230432847846,33,"TUBB3;TUBA1C;TUBA1B;DYNC1I1;TUBB4A;TUBA1A;DYNLL1;TUBB4B;UBE2V1;UBB;TUBB2A;UBE2N;VCP","wald_stat",FALSE
"REACTOME_CIRCADIAN_CLOCK",0.018018256687314,0.114257927610938,0.352487857583619,0.355326707038569,1.46190063317827,109,"SERPINE1;RPS27A;NR1D1;BMAL2;PPARA;PPP1CC;FBXW11;NRIP1;TBL1X;PER3;RORB;NCOA1;RAI1;CSNK2A1;BHLHE40;NCOA2;PSMD7;MED1;PSMD14;PPARGC1A;NCOA6;CRTC2;RXRA;SKP1;CSNK1E;DBP;CRY2;NAMPT","wald_stat",FALSE
"REACTOME_RHOJ_GTPASE_CYCLE",0.0181046378050181,0.114257927610938,0.352487857583619,0.415514574302036,1.50437065604098,52,"CAV1;PAK1;PAK3;CDC42BPA;JUP;TRIO;GIT1;DIAPH3;OCRL;PREX1;ARHGEF7","wald_stat",FALSE
"REACTOME_SEPARATION_OF_SISTER_CHROMATIDS",0.0183670817232764,0.115211694446006,0.352487857583619,-0.328048948873546,-1.40505985734907,169,"UBE2C;TUBB3;TUBA1C;TUBA1B;DYNC1I1;RCC2;PLK1;TUBB4A;TUBA1A;CENPA;DYNLL1;CDCA8;TUBB4B;CLASP1;CENPF;MAD1L1;PSMB4;PSMC3;CENPL;CDC27;PPP2R1A;SGO1;ZWINT;UBB;CENPT;PSMD8;PPP2R5C;PSMB7;CENPM;KIF2C;TUBB2A;PSMA5;BIRC5;PMF1;PSMB3;KNL1;PSMA6;INCENP;AURKB;HDAC8;NUF2;PSMD6;CDC23;SKA2;BUB3;SPC24;PSMA2;NUP85;ANAPC7;CENPK;SPC25;PSMD13;MIS12;CENPE;RANBP2;PSMA7;CLASP2;ANAPC15;ADRM1;TUBB6;UBE2S;PSMB1;UBA52;PSMC5;PSMD1;PSMA1;PSMA3;NDC80","wald_stat",FALSE
"REACTOME_SHC1_EVENTS_IN_ERBB2_SIGNALING",0.0187961276158996,0.116490970553629,0.352487857583619,0.575733704071931,1.64468021405155,19,"EREG;EGF;EGFR;PRKCA;PTPN12;NRG2;GRB2;HBEGF;ERBB3;SOS1","wald_stat",FALSE
"REACTOME_THE_PHOTOTRANSDUCTION_CASCADE",0.0187961276158996,0.116490970553629,0.352487857583619,0.574532966088684,1.64125010393407,19,"GNB1;PRKCA;GRK4;SLC24A1;CALM1;METAP1;GNB5;FNTA;NMT2","wald_stat",FALSE
"REACTOME_SIGNALING_BY_NTRKS",0.0194581440753086,0.11987606617824,0.352487857583619,0.345026658577977,1.44451291396539,119,"CRKL;MAPK1;ID1;EGR1;DOCK3;MEF2A;TRIB1;PTPN11;FURIN;DUSP7;FOSB;JUNB;RALA;MAPK14;RPS6KA1;PPP2R5D;IRS1;KIDINS220;CLTC;GRB2;SGK1;BDNF;JUND;RALB;PPP2CA;RAP1A;EGR3;SOS1;DNAL4;NAB2;LYL1","wald_stat",FALSE
"REACTOME_NUCLEAR_ENVELOPE_NE_REASSEMBLY",0.0202006961114143,0.123714322339135,0.352487857583619,-0.405497861170645,-1.48641005890475,67,"TUBB3;TUBA1C;TUBA1B;SPAST;TUBB4A;TUBA1A;CCNB1;KPNB1;TUBB4B;LMNB1;RCC1;PPP2R1A;CHMP3;BANF1;TUBB2A;LMNA;NUP93;POM121;CHMP4A;LBR;TNPO1;VRK1;NUP85","wald_stat",FALSE
"REACTOME_ACTIVATION_OF_NMDA_RECEPTORS_AND_POSTSYNAPTIC_EVENTS",0.0203834992913002,0.124099539802916,0.352487857583619,-0.399985114020888,-1.46785391020109,71,"NEFL;KPNA2;TUBB3;TUBA1C;TUBA1B;TUBB4A;TUBA1A;DLG1;TUBB4B;RPS6KA6","wald_stat",FALSE
"REACTOME_MITOCHONDRIAL_UNFOLDED_PROTEIN_RESPONSE_UPRMT",0.0207782052902671,0.125762821493722,0.352487857583619,0.598725003731008,1.63815022576362,16,"HSPA1B;SOD2;FOXO3;HSPA1A;CAT;DNAJA1","wald_stat",FALSE
"REACTOME_MITOCHONDRIAL_TRANSLATION",0.0209557673421995,0.126100111623119,0.352487857583619,-0.353501387397943,-1.42072756372946,115,"MRPL16;MRPL20;MRPS2;MRPL51;MRPL11;MT-RNR1;MRPS21;MRPS18A;OXA1L;MRPL35;MRPL43;MALSU1;MRPL23;MRPL32;MRPL44;MRPL30;MRPS22;MRPS9;MTRFR;MRPL55;MRPS18C;MT-CO2;MRPS11;MT-ND6;MRPL3;MRPL34;MT-CO1;GFM1;MRPL27;MRPL15;TSFM;MRPL47;MRPS12;MT-CO3;MRPL9;MRPL41;MRPL22;MTFMT;MRPS33;MRPL1;MT-ATP6;GFM2;MRPL53;MRPL37;MRPL45;MRPL38;KGD4","wald_stat",FALSE
"REACTOME_CHOLESTEROL_BIOSYNTHESIS",0.0211163479348601,0.126331908165203,0.352487857583619,-0.534882392854737,-1.64315018304586,26,"DHCR7;DHCR24;SQLE;EBP;PMVK;LBR;SREBF1;LSS;HSD17B7;ARV1;TM7SF2;MSMO1;FDPS","wald_stat",FALSE
"REACTOME_PI_METABOLISM",0.0212954795949092,0.12667138724558,0.352487857583619,0.391692910767501,1.50517110429798,71,"INPP4B;PLEKHA2;PIP4K2B;PIKFYVE;PI4KA;MTMR6;MTMR3;RAB5A;TNFAIP8;OCRL;MTMR12;PLEKHA1;PTEN;GDPD1;VAC14;PI4K2B;PIK3C2B;GDE1;PIK3C3;INPP4A;RUFY1;GDPD3;MTMR2;PITPNB","wald_stat",FALSE
"REACTOME_KIDNEY_DEVELOPMENT",0.022583099802816,0.133562904548083,0.352487857583619,-0.529663034365325,-1.63924297733209,29,"PCDH19;ROBO2;ITGB1;ID4;GDNF;CTNNB1","wald_stat",FALSE
"REACTOME_HDMS_DEMETHYLATE_HISTONES",0.0237758475078403,0.13981819415122,0.352487857583619,0.500779013682606,1.59870441191002,28,"KDM5A;H3C4;KDM6B;KDM7A;KDM6A;KDM1B;KDM3A;ARID5B","wald_stat",FALSE
"REACTOME_DISEASES_OF_GLYCOSYLATION",0.0243868775359672,0.1426012330493,0.352487857583619,-0.355742698692989,-1.41537881269536,110,"SPON1;SDC3;THBS2;ADAMTS14;GPC1;HSPG2;ADAMTS9;AGRN;ADAMTS2;ADAMTS4;BGN;MAN1B1;CHSY1;DAG1;MUC1;THSD1;MPDU1;ADAMTS16;CTSA;DPM2;ADAMTS13;SSPOP;SDC2;B3GALT6;GALM;DOLK;ADAMTS19;POMT1;ALG6;EXT1;HEXA;NOTCH1","wald_stat",FALSE
"REACTOME_NEGATIVE_REGULATION_OF_FGFR3_SIGNALING",0.0259034712139593,0.150618498350831,0.352487857583619,0.575791550425992,1.69906618165653,21,"MAPK1;RPS27A;CBL;PTPN11;FGF1;GRB2;FGF2;PPP2CA;SPRY2","wald_stat",FALSE
"REACTOME_NUCLEOTIDE_BINDING_DOMAIN_LEUCINE_RICH_REPEAT_CONTAINING_RECEPTOR_NLR_SIGNALING_PATHWAYS",0.0267959691132261,0.154472895865574,0.352487857583619,0.43801353461573,1.55717505543035,47,"TNFAIP3;RPS27A;TXNIP;IRAK1;RIPK2;SUGT1;MAPK14;ITCH;PANX1;TRAF6;CYLD;BIRC2;RELA;MAP2K6;MAP3K7","wald_stat",FALSE
"REACTOME_SIGNALING_BY_FGFR3",0.0268648514548825,0.154472895865574,0.352487857583619,0.475408596345972,1.53852053677398,31,"MAPK1;RPS27A;CBL;PTPN11;FGF1;GRB2;FGF2;PPP2CA;SPRY2;SOS1","wald_stat",FALSE
"REACTOME_TRANSCRIPTIONAL_AND_POST_TRANSLATIONAL_REGULATION_OF_MITF_M_EXPRESSION_AND_ACTIVITY",0.027478659846152,0.157129353263908,0.352487857583619,0.436508688342154,1.55182520001658,47,"MAPK1;ID1;AKT3;GSK3B;SNAI2;YWHAZ;SOX2;RPS6KA1;XPO1;MARK3","wald_stat",FALSE
"REACTOME_NEUROTRANSMITTER_RECEPTORS_AND_POSTSYNAPTIC_SIGNAL_TRANSMISSION",0.0282051122141626,0.160397204075045,0.352487857583619,-0.33699304971489,-1.39238964044667,131,"NEFL;KPNA2;GRIK2;TUBB3;TUBA1C;TUBA1B;AP2M1;TUBB4A;TUBA1A;GNG7;DLG1;NCALD;TUBB4B;GNAI2;RPS6KA6;AP2S1;PRKCB;MDM2;CACNG4;GNB4;PRKAR1B;GABRA3;GABBR2;KCNJ12;TUBB2A","wald_stat",FALSE
"REACTOME_NCAM_SIGNALING_FOR_NEURITE_OUT_GROWTH",0.0284498892275979,0.160809378527561,0.352487857583619,0.433257292416635,1.53309557699049,46,"MAPK1;COL6A2;ST8SIA4;COL6A1;PRNP;GFRA1;COL5A2;PTK2;SPTBN1;SPTBN2;NCAM1;GRB2","wald_stat",FALSE
"REACTOME_DENGUE_VIRUS_GENOME_TRANSLATION_AND_REPLICATION",0.0287531710915252,0.160809378527561,0.352487857583619,0.370247988260525,1.43633862338684,77,"HSPA1B;RPS27A;HSPA8;P4HA1;KPNA5;UFD1;IPO7;XRN1;HSPA1A;XPO1;RTN3;BAG2;RRBP1;KPNA1;P4HA2;KPNA3;DNAJC10;SUN2;CANX;BTF3;DAD1;OSTC;EIF4G2;EIF4E3;DNAJC3;EIF4A2;HDLBP","wald_stat",FALSE
"REACTOME_MITF_M_REGULATED_MELANOCYTE_DEVELOPMENT",0.0287621641277132,0.160809378527561,0.352487857583619,0.328301875890453,1.3972358955341,135,"SERPINE1;CDH2;MAPK1;CCND1;MYO5A;ID1;AKT3;GSK3B;SNAI2;MET;ATP6V1E1;YWHAZ;SOX2;MAPK14;RPS6KA1;XPO1;TBX2;AGO4;ITGA2;MARK3;TNRC6A","wald_stat",FALSE
"REACTOME_RESOLUTION_OF_SISTER_CHROMATID_COHESION",0.028899076720895,0.160809378527561,0.352487857583619,-0.350000884871699,-1.4117130930641,118,"TUBB3;TUBA1C;TUBA1B;DYNC1I1;RCC2;PLK1;TUBB4A;TUBA1A;CCNB1;CENPA;DYNLL1;CDCA8;TUBB4B;CLASP1;CENPF;MAD1L1;CENPL;PPP2R1A;SGO1;ZWINT;CENPT;PPP2R5C;CENPM;KIF2C;TUBB2A;BIRC5;PMF1;KNL1;INCENP;AURKB;HDAC8;NUF2;SKA2;BUB3;SPC24;NUP85;CENPK;SPC25;MIS12","wald_stat",FALSE
"REACTOME_RIPK1_MEDIATED_REGULATED_NECROSIS",0.0291717024324601,0.161458353035274,0.352487857583619,0.49614784785245,1.59041261682349,29,"HSP90AA1;RPS27A;TNFRSF10A;SDCBP;UBE2L3;ITCH;MLKL;BIRC2","wald_stat",FALSE
"REACTOME_RIBOSOME_ASSOCIATED_QUALITY_CONTROL",0.0298741863065685,0.164466929932439,0.352487857583619,0.319520531871302,1.36938420240715,141,"RPS27A;RPS3A;RPL9;RPL7;RPLP0;UFD1;KLHDC10;ABCE1;RPS15A;RPL23;RPS7;UBE2D3;RPS17;LTN1;RPS23;RPLP2;RPS11;RPS13;RPL5;RPL17;ASCC2;RPL39;RPL27A;RPS10;PSMD7;CUL2;PSMD14;RPL22;RPL11;RPS25;RCHY1;RPS21;HBS1L;RPL26;RPL27;RPS3;RPS18;RPS29;TRIP4;RPS20;RPL4;RPL30;RPL34;RPL18A;RPS27;RPS27L;RPS12;PSMC4;RPS14;RPS2;RPS6;RPS4X;RPS8;RPS19;UBE2D1;RPL13","wald_stat",FALSE
"REACTOME_RHO_GTPASES_ACTIVATE_PAKS",0.0300757841194165,0.16470072255871,0.352487857583619,0.529816204557552,1.53402900402045,20,"MYLK;PAK1;PAK3","wald_stat",FALSE
"REACTOME_FLT3_SIGNALING_IN_DISEASE",0.0306770061721243,0.167108954674467,0.352487857583619,0.494961198834116,1.53872427576644,26,"RPS27A;CBL;PTPN11;SPTBN1;GRB2;GAB2;STAT5B;SOS1;PIM1;ZMYM2;GOLGB1","wald_stat",FALSE
"REACTOME_PTEN_REGULATION",0.0309716585399949,0.167490059723325,0.352487857583619,0.33094458479847,1.3933352204043,123,"MAPK1;RPS27A;AKT3;EGR1;USP7;HDAC5;SNAI2;NEDD4;PHC3;MECOM;RCOR1;AGO4;TNRC6A;TNKS2;GATAD2A;PHC1;CSNK2A1;CHD3;PTEN;HDAC7;AGO1;RRAGD;PSMD7;TNKS;AGO2;PSMD14;AGO3","wald_stat",FALSE
"REACTOME_ECM_PROTEOGLYCANS",0.0310706197747618,0.167490059723325,0.352487857583619,-0.442208048109795,-1.53158847101817,50,"TNC;FN1;ITGA7;SPARC;HSPG2;AGRN;COL9A3;LAMB2;ITGB1;COL5A3;COL4A5;LAMC1;BGN;ITGAV;DAG1;COL5A1;LAMA1;COL4A2","wald_stat",FALSE
"REACTOME_MAP3K8_TPL2_DEPENDENT_MAPK1_3_ACTIVATION",0.0314246876742458,0.16852099348624,0.321775918075361,0.572920961142765,1.56754870097657,16,"RPS27A;FBXW11;TNIP2;SKP1;MAP2K4;MAP2K1;BTRC","wald_stat",FALSE
"REACTOME_NICOTINATE_METABOLISM",0.0320315330962446,0.170889880178418,0.321775918075361,-0.53060541937203,-1.62117563553198,24,"NNMT;PARP14;PARP9;PARP10;NAXE;SLC25A51;NAPRT;NT5E;NMNAT1;NMNAT2","wald_stat",FALSE
"REACTOME_M_PHASE",0.0323053644663327,0.171090314004572,0.321775918075361,-0.265436234476336,-1.24477157460919,358,"UBE2C;TUBB3;TUBA1C;TUBA1B;NUP210;TUBB;DYNC1I1;RCC2;PLK1;SPAST;TUBB4A;TUBA1A;CCNB1;CEP192;CENPA;DYNLL1;KPNB1;CDCA8;TUBB4B;LMNB1;H2AX;NEK6;CLASP1;CENPF;H3-3A;PRKCB;H3-3B;RAB1B;MAD1L1;NUMA1;PSMB4;H3C6;RCC1;PSMC3;CENPL;CDC27;TPR;PPP2R1A;SGO1;ZWINT;UBB;CENPT;NCAPG2;SMC4;PSMD8;PPP2R5C;PSMB7;CHMP3;BANF1;CENPM;FBXO5;KIF2C;TUBB2A;AAAS;CEP43;CSNK1D;PSMA5;PRKACA;BIRC5;KIF23;KIF20A;NCAPH;ALMS1;CEP70;HAUS5;LMNA;GOLGA2;PMF1;PSMB3;KNL1;PSMA6;INCENP;NUP93;AURKB;HDAC8;NUF2;PSMD6;POM121;CHMP4A;CDC23;LBR;TNPO1;SKA2;BUB3;SPC24;LPIN1;VRK1;PSMA2;NUP85;ANAPC7;H3C10;CENPK;RAE1;SPC25;CDK5RAP2;PSMD13;MIS12;ENSA;LEMD2;MZT2A","wald_stat",FALSE
"REACTOME_DAP12_INTERACTIONS",0.0323997116375808,0.171090314004572,0.321775918075361,-0.525912507590556,-1.61989586529064,25,"HLA-B;HLA-C;SHC1;HLA-E;PIK3R2;B2M","wald_stat",FALSE
"REACTOME_REGULATION_OF_MECP2_EXPRESSION_AND_ACTIVITY",0.0326094676022874,0.171323852631307,0.321775918075361,0.467010515157136,1.51134260924422,31,"FOXG1;HTT;TBL1X;CAMK2G;AGO4;TNRC6A;CALM1;HIPK2;AGO1;AGO2;AGO3;SIN3A;CREB1;MECP2","wald_stat",FALSE
"REACTOME_PROTEIN_LOCALIZATION",0.032792074288801,0.171396195849588,0.321775918075361,-0.322518150956909,-1.36487480418183,155,"NOS2;ACO2;CRAT;ECH1;SLC25A6;PMPCA;PEX19;TOMM40;VAMP2;ATP5MC1;PXMP2;CYC1;UBE2J2;ATP5F1A;BAG6;TOMM5;UBB;TAFAZZIN;FXN;TIMM10B;ACOT2;ATP5F1B;SLC25A17;PIPOX;DNAJC19;NDUFB8;TIMM8B;GSTK1;PEX16;PEX3;SAMM50;TIMM8A;HSPA9;ACOT8;FIS1;GET4;SGTA;NUDT19;GET3;PXMP4;ACAA1;TIMM22","wald_stat",FALSE
"REACTOME_ANTIGEN_PRESENTATION_FOLDING_ASSEMBLY_AND_PEPTIDE_LOADING_OF_CLASS_I_MHC",0.0329544376561043,0.171396195849588,0.321775918075361,-0.5130924257323,-1.58795894943244,29,"HLA-B;CALR;HLA-C;HLA-A;TAPBP;HLA-F;HLA-E;PIK3R4;HSPA5;B2M","wald_stat",FALSE
"REACTOME_TGFBR3_EXPRESSION",0.0332050232470443,0.171835995303454,0.321775918075361,0.524274982352245,1.51798495797667,20,"AGO4;TNRC6A;SMAD3;AGO1;AGO2;SMAD4;AGO3;HELLS;RARA;RXRA","wald_stat",FALSE
"REACTOME_SARS_COV_1_TARGETS_HOST_INTRACELLULAR_SIGNALLING_AND_REGULATORY_PATHWAYS",0.0341721751036748,0.175448162585077,0.321775918075361,0.571346816935861,1.56324174089998,16,"SERPINE1;CAV1;YWHAZ","wald_stat",FALSE
"REACTOME_HEME_SIGNALING",0.0342420568523531,0.175448162585077,0.321775918075361,0.450565631200626,1.57222600203525,43,"NR1D1;PPARA;NRIP1;TBL1X;XPO1;NCOA1;RAI1;BACH1;NCOA2;MAFK;HBA1;MED1;PPARGC1A;NCOA6;CRTC2;RXRA;LY96;PGRMC2;CREB1;CLOCK;MEF2D","wald_stat",FALSE
"REACTOME_CELL_DEATH_SIGNALLING_VIA_NRAGE_NRIF_AND_NADE",0.0346887917461196,0.176861573680955,0.321775918075361,0.380209205755245,1.43110884226189,67,"RPS27A;TRIO;NGEF;SQSTM1;BCL2L11;SOS2;TRAF6;GNA13;ARHGEF6;PREX1;ARHGEF7;PSENEN;ARHGEF26;MAPK8;SOS1;PLEKHG5;OBSCN","wald_stat",FALSE
"REACTOME_G_ALPHA_12_13_SIGNALLING_EVENTS",0.0350445711226649,0.177602158268382,0.321775918075361,0.379850184990919,1.42975748679073,67,"GNG2;ROCK2;TRIO;GNG11;NGEF;GNB1;ROCK1;SOS2;GNA13;ARHGEF6;GNG12;PREX1;ARHGEF7;ARHGEF26;SOS1;GNB5;ADRA1B;PLEKHG5;OBSCN","wald_stat",FALSE
"REACTOME_REGULATION_OF_PTEN_GENE_TRANSCRIPTION",0.0351772390773123,0.177602158268382,0.321775918075361,0.38840557165285,1.43990460527675,59,"MAPK1;EGR1;HDAC5;SNAI2;PHC3;MECOM;RCOR1;GATAD2A;PHC1;CHD3;PTEN;HDAC7;RRAGD","wald_stat",FALSE
"REACTOME_INTEGRIN_CELL_SURFACE_INTERACTIONS",0.0353991680888844,0.177707851938363,0.321775918075361,-0.408592942299308,-1.45922505857849,58,"TNC;FN1;ITGA7;HSPG2;AGRN;COL13A1;COL9A3;ITGB1;COL5A3;COL4A5;ITGAV;ICAM1;ITGA10;JAM2;COL5A1;COL4A2","wald_stat",FALSE
"REACTOME_SIGNALLING_TO_ERKS",0.0356310239418973,0.177707851938363,0.321775918075361,0.463276269420639,1.49925781776354,31,"CRKL;MAPK1;RALA;MAPK14;KIDINS220;GRB2;RALB;RAP1A;SOS1;SHC3;MAP2K1;SRC;RIT1","wald_stat",FALSE
"REACTOME_ATTACHMENT_OF_BACTERIA_TO_EPITHELIAL_CELLS",0.0357132687953424,0.177707851938363,0.321775918075361,-0.543684580303616,-1.62954518216307,22,"FN1;LAMB2;COL5A3;COL4A5;LAMC1;COL5A1;LAMA1;COL4A2","wald_stat",FALSE
"REACTOME_RAF_INDEPENDENT_MAPK1_3_ACTIVATION",0.0359764286102341,0.178160782830585,0.321775918075361,0.564177244081756,1.66479427350107,21,"DUSP1;DUSP5;MAPK1;PTPN11;DUSP7","wald_stat",FALSE
"REACTOME_NUCLEAR_RECEPTOR_TRANSCRIPTION_PATHWAY",0.0363700373828409,0.179252327101144,0.321775918075361,0.461449111614185,1.55566044704105,36,"NR3C1;NR1D1;PPARA;NR2C2;NR1D2;NR4A1;AR;RORB;MED1;RARA;RXRA;RXRB","wald_stat",FALSE
"REACTOME_CONSTITUTIVE_SIGNALING_BY_EGFRVIII",0.0371120310609272,0.182042427241989,0.321775918075361,0.596145434923442,1.59864460324841,15,"HSP90AA1;CBL;EGF;EGFR;GRB2;SOS1","wald_stat",FALSE
"REACTOME_O_GLYCOSYLATION_OF_TSR_DOMAIN_CONTAINING_PROTEINS",0.0379142853612582,0.185100402589161,0.321775918075361,-0.508651264485748,-1.56062394833849,28,"SPON1;THBS2;ADAMTS14;ADAMTS9;ADAMTS2;ADAMTS4;THSD1;ADAMTS16;ADAMTS13;SSPOP","wald_stat",FALSE
"REACTOME_INSULIN_RECEPTOR_SIGNALLING_CASCADE",0.038269319179422,0.185956550942262,0.321775918075361,0.454551360089181,1.5285451751997,35,"MAPK1;GRB10;PTPN11;FGF1;FGFR2;IRS1;GRB2;GAB2;FGF2;SOS1;INSR;PIK3C3;FGF5","wald_stat",FALSE
"REACTOME_SEMAPHORIN_INTERACTIONS",0.0389997659237482,0.18846779306582,0.321775918075361,0.390653746284751,1.42332380946537,54,"HSP90AA1;PAK1;PAK3;PLXNA2;ROCK2;GSK3B;ITGA1;MET;DPYSL3;ROCK1;SEMA3A;RRAS","wald_stat",FALSE
"REACTOME_PHOSPHOLIPID_METABOLISM",0.0392485445761618,0.18846779306582,0.321775918075361,0.304673694624638,1.34543774122699,173,"MGLL;MBOAT2;INPP4B;ETNK1;PLEKHA2;PITPNM3;OSBPL8;CPNE3;PIP4K2B;PIKFYVE;PI4KA;MTMR6;AGPAT3;MTMR3;RAB5A;TNFAIP8;AGPAT5;STARD10;OCRL;MTMR12;LPCAT2;PLEKHA1;CSNK2A1;SLC44A1;ACHE;PTEN;CDIPT;GDPD1;LPIN2;ABHD3;CHPT1;VAC14;CDS1;PI4K2B;PITPNM2;PIK3C2B;GDE1;PIK3C3;DDHD2;CPNE7;INPP4A;PNPLA8;PLA2G4C;RUFY1;GDPD3;MTMR2;ETNK2;PITPNB;LCLAT1;GPD2;PLA2G4A;PCTP;LPGAT1;PISD","wald_stat",FALSE
"REACTOME_PROGRAMMED_CELL_DEATH",0.0393324089876494,0.18846779306582,0.321775918075361,0.295657504219138,1.30888960853684,178,"MAPK1;HSP90AA1;H1-0;RPS27A;TNFRSF10A;H1-2;SDCBP;AKT3;SATB1;PPP3CC;CARD8;DSG2;PTK2;E2F1;YWHAZ;ROCK1;UACA;BID;UBE2L3;BCL2L11;ITCH;APC;MLKL;APPL1;BMF;KPNA1;TJP2;H1-4;BIRC2;TJP1;PKP1;PLEC;TFDP1;MAPK8;PSMD7","wald_stat",FALSE
"REACTOME_INTERLEUKIN_2_FAMILY_SIGNALING",0.0397110790944371,0.188895581144594,0.321775918075361,-0.507385976852406,-1.558681631471,26,"PTK2B;SHC1;STAT3;STAT1","wald_stat",FALSE
"REACTOME_P75NTR_SIGNALS_VIA_NF_KB",0.0397867021154797,0.188895581144594,0.321775918075361,0.591469681730479,1.58610593873777,15,"RPS27A;IRAK1;RIPK2;SQSTM1;TRAF6;RELA","wald_stat",FALSE
"REACTOME_TURBULENT_OSCILLATORY_DISTURBED_FLOW_SHEAR_STRESS_ACTIVATES_SIGNALING_BY_PIEZO1_AND_INTEGRINS_IN_ENDOTHELIAL_CELLS",0.0418704636196123,0.197373892726261,0.321775918075361,-0.502866418809785,-1.55631069583293,29,"FN1;STAT1;ABL1;ITGB1;ITGAV;PPP2R1A;PDE4D;CAPNS1","wald_stat",FALSE
"REACTOME_INOSITOL_PHOSPHATE_METABOLISM",0.0419538709176593,0.197373892726261,0.321775918075361,0.433686476171518,1.48748753644352,39,"INPP4B;PLCE1;ITPKB;OCRL;CALM1;PTEN;PLCB3;IPMK;INPP5A;NUDT4;INPP4A;NUDT11;PPIP5K2;PLCD4;IMPA2;PLCD1","wald_stat",FALSE
"REACTOME_COPI_MEDIATED_ANTEROGRADE_TRANSPORT",0.0424150453249353,0.198640596883747,0.321775918075361,-0.372026718364674,-1.42965231480016,89,"TUBB3;TUBA1C;TUBA1B;DYNC1I1;TUBB4A;TUBA1A;DYNLL1;TUBB4B;ANK1;TMED10;SPTBN5;RAB1B;ARF3;SPTAN1;COPE;COG2;NAPA;COG3;TUBB2A;ARFGAP2;TMEM115;GBF1","wald_stat",FALSE
"REACTOME_GOLGI_ASSOCIATED_VESICLE_BIOGENESIS",0.0430692089993149,0.200054354966679,0.321775918075361,0.386404092655454,1.40784044792057,54,"TPD52L1;HSPA8;FTL;AP1S2;CPD;PICALM;SNX9;CLTC;AP1M1;OCRL;NECAP1","wald_stat",FALSE
"REACTOME_NGF_STIMULATED_TRANSCRIPTION",0.0431034987029657,0.200054354966679,0.321775918075361,0.442278722095503,1.4739947987383,34,"ID1;EGR1;TRIB1;FOSB;JUNB;SGK1;JUND;EGR3;NAB2;LYL1;CREB1;MEF2D;FOSL1;SRF;ARC;TCF12","wald_stat",FALSE
"REACTOME_RHOD_GTPASE_CYCLE",0.0433046623926699,0.200090739180417,0.321775918075361,0.392643230617846,1.41623239067996,51,"CAV1;LMAN1;ACTN1;PAK6;VRK2;AKAP12;TOR1AIP1;RACGAP1;DIAPH3;MOSPD2","wald_stat",FALSE
"REACTOME_FORMATION_OF_TUBULIN_FOLDING_INTERMEDIATES_BY_CCT_TRIC",0.0444996231364206,0.204698266427535,0.321775918075361,-0.529563267222473,-1.53313878242568,20,"TUBB3;TUBA1C;TUBA1B;TUBB4A;TUBA1A;TUBB4B","wald_stat",FALSE
"REACTOME_NEGATIVE_REGULATION_OF_FGFR1_SIGNALING",0.0455698834069552,0.208693935071675,0.321775918075361,0.552176359909672,1.62938163774481,21,"MAPK1;RPS27A;CBL;PTPN11;FGF1;GRB2;FGF2;PPP2CA;SPRY2","wald_stat",FALSE
"REACTOME_CELL_SURFACE_INTERACTIONS_AT_THE_VASCULAR_WALL",0.0457821756352208,0.208742518865434,0.321775918075361,0.361442550066267,1.41777597743132,82,"YES1;SLC7A11;CAV1;TNFRSF10D;TNFRSF10A;MMP1;ITGA6;PTPN11;SLC16A3;CD99;SDC1;PROCR;GLG1;ITGA3;ITGA5;TGFB1;GRB2;PSG4;SELPLG;COL1A1;SLC16A1","wald_stat",FALSE
"REACTOME_SARS_COV_INFECTIONS",0.0462717386066103,0.210049339727376,0.321775918075361,-0.264767405913667,-1.23887804730644,359,"BST2;SDC3;HLA-B;KPNA2;GPC1;HLA-C;FXYD6;SFN;NUP210;TUBB;HSPG2;HLA-A;PARP14;AP2M1;AGRN;ISG15;PARP9;STAT1;DDX5;IL17RC;PPIA;MBD3;ITGB1;RIGI;MGAT4A;PARP10;FKBP1A;GOLGA7;IFIH1;PPIB;KPNB1;TAB1;NOD2;STING1;CRBN;MAN1B1;HLA-F;GANAB;AP2S1;TMEM258;UBE2V1;VPS18;ST3GAL2;PRKCSH;HLA-E;KEAP1;TPR;ATP1B3;UBB;HSP90AB1;NPIPB3;CHMP3;VPS45;PIK3R4;NMI;ATP1B2;UBE2N;SDC2;VHL;AAAS;MTA3;RPS9;VCP;STAT2","wald_stat",FALSE
"REACTOME_FOXO_MEDIATED_TRANSCRIPTION_OF_OXIDATIVE_STRESS_METABOLIC_AND_NEURONAL_GENES",0.0469403807689031,0.212154122689147,0.321775918075361,0.550652712508328,1.62488560481332,21,"NR3C1;SOD2;FOXO3;CAT;SMAD3;SMAD2;SMAD4;PPARGC1A;SIN3A;PLXNA4;SIRT3","wald_stat",FALSE
"REACTOME_DEUBIQUITINATION",0.0473315506086439,0.212991977738898,0.321775918075361,0.274748071737955,1.25260662611763,234,"TNFAIP3;RPS27A;RNF128;USP7;SMURF2;RIPK2;FOXK1;AR;UFD1;TGFB1;FOXK2;SNX3;MDM4;TAF10;KDM1B;APC;TNKS2;UIMC1;H2BC5;TRAF6;H2BC8;H2BC21;TOMM20;USP21;USP12;H2AC19;USP47;IL33;BARD1;BECN1;YOD1;MBD5;CYLD;PTEN;BIRC2;ADRB2;H2BC4;SMAD3;MAT2B;USP3;USP9X;TNIP1;TNIP2;PSMD7;SMAD2;TNKS;SMAD4;PSMD14;MAP3K7;MYC;ASXL2;IDE;SUDS3;CCNA1;RNF135","wald_stat",FALSE
"REACTOME_SIGNALING_BY_WNT",0.0486684432296152,0.216839908313078,0.321775918075361,0.276310272614985,1.259209839708,246,"CAV1;RPS27A;GNG2;DKK1;FZD3;ITPR3;FZD4;GSK3B;SMURF2;H3C4;GNG11;CDC73;CTBP2;YWHAZ;GNB1;SOX2;NFATC1;WNT3;SNX3;XPO1;PRKCA;AGO4;PPP2R5D;RAC2;TNRC6A;APC;WNT5A;TNKS2;RUNX3;CLTC;H2BC5;CLTB;TMED5;H2BC8;H2BC21;VPS35;CALM1;CSNK2A1;H2AC19;GNG12;PPP2CA;H2BC4;DAAM1;AGO1;PLCB3;PSMD7;TNKS;AGO2;GNB5;PSMD14;AGO3;ITPR2;RAC3;MAP3K7;MYC;TCF7;SKP1;CSNK1E;BCL9;KLHL12","wald_stat",FALSE
"REACTOME_ATTENUATION_PHASE",0.0487134694989889,0.216839908313078,0.321775918075361,0.496804501488086,1.52164795960049,25,"HSPA1B;HSP90AA1;HSPA8;HSPH1;HSPA1A;PTGES3;FKBP4;DEDD2","wald_stat",FALSE
"REACTOME_SIGNALING_BY_GPCR",0.0488151677651663,0.216839908313078,0.321775918075361,0.261039728741927,1.24253014075103,346,"MAPK1;ANXA1;MGLL;RGS3;PAK1;GNG2;FZD3;ITPR3;AKT3;ROCK2;PPP3CC;FZD4;ADCY3;EGFR;CXCR4;PTHLH;GPR176;TRIO;LPAR1;HRH2;GNG11;CD55;P2RY1;NLN;NGEF;ITGA5;CAMK2G;GNB1;DGKH;ROCK1;GRM1;WNT3;RPS6KA1;SMO;F2R;RGS10;CAMKK2;F2RL1;RGS4;PRKCA;PPP2R5D;WNT5A;GRB2;HBEGF;SOS2;PDE2A;GNA13;CALM1;ARHGEF6;NPY2R;NBEA;GNG12;AHCYL1;ADCY9;PREX1;PPP2CA;PDE11A;ARHGEF7;ADRB2;ARHGEF26;PTCH1;PLCB3;RGS20;GPSM2;SOS1;TAS2R20;GNB5;ITPR2;ADRA1B;C3AR1;RGS2;PLEKHG5;PRKAR2A;ECE1;ADORA1;CXCL8;OBSCN;GNRH1;GRPR;NMB;RGS19;PPP3CA;PRKACB;OPN3;HRH1;PLPPR3;RPS6KA2;ARHGEF4;CCL28;PDE8A;RGS11;PRKCE;CREB1;TBXA2R;SRC;PLA2G4A;GNG3","wald_stat",FALSE
"REACTOME_SIGNALING_BY_FGFR1",0.0492125984251969,0.21767110841914,0.287857117255149,0.423873837984859,1.45662882651299,38,"MAPK1;RPS27A;CBL;PTPN11;FGF1;SPRED2;GRB2;FGF2;PPP2CA;SPRY2;SOS1","wald_stat",FALSE
"REACTOME_RAS_ACTIVATION_UPON_CA2_INFLUX_THROUGH_NMDA_RECEPTOR",0.0494876864708503,0.217738429083744,0.321775918075361,-0.600269215189001,-1.61335006975055,15,"NEFL;DLG1","wald_stat",FALSE
"REACTOME_ELASTIC_FIBRE_FORMATION",0.0496485693369696,0.217738429083744,0.321775918075361,0.45509065374857,1.49759226225506,33,"FBN2;MFAP5;LOX;BMP2;ITGB5;FURIN;ITGA5;TGFB1;FBN1;TGFB2;ITGB8;LTBP2","wald_stat",FALSE
"REACTOME_O_LINKED_GLYCOSYLATION",0.0500963391136802,0.217834201863903,0.282013350011725,-0.378101383124582,-1.41932551275842,79,"SPON1;THBS2;ADAMTS14;ADAMTS9;MGAT5B;ADAMTS2;ADAMTS4;CRPPA;B4GALT5;DAG1;MUC1;FKRP;POMK;ST3GAL2;THSD1;ADAMTS16;ADAMTS13;SSPOP;GALNT18","wald_stat",FALSE
"REACTOME_TP53_REGULATES_TRANSCRIPTION_OF_CELL_DEATH_GENES",0.0501002004008016,0.217834201863903,0.287857117255149,0.421398363026565,1.45484146776972,40,"IGFBP3;NDRG1;TNFRSF10D;TNFRSF10A;BID","wald_stat",FALSE
"REACTOME_OVARIAN_TUMOR_DOMAIN_PROTEASES",0.0503018108651912,0.217834201863903,0.287857117255149,0.432948881107694,1.45957903694707,36,"TNFAIP3;RPS27A;RNF128;RIPK2;APC;TRAF6;YOD1;PTEN;TNIP1;TNIP2","wald_stat",FALSE
"REACTOME_CO_STIMULATION_BY_CD28",0.0505986051595868,0.218206484750718,0.321775918075361,0.43215089394594,1.48507266340769,38,"YES1;PAK1;PAK3;AKT3;PPP2R5D;GRB2;RICTOR;PPP2CA","wald_stat",FALSE
"REACTOME_NEGATIVE_REGULATION_OF_MAPK_PATHWAY",0.0508465538212269,0.218365905414813,0.321775918075361,0.428776232975529,1.48031292681497,40,"DUSP1;DUSP5;MAPK1;RPS27A;DUSP7;PPP2R5D;MARK3;PAQR3;PPP2CA","wald_stat",FALSE
"REACTOME_EARLY_SARS_COV_2_INFECTION_EVENTS",0.0511811023622047,0.21889438406976,0.282013350011725,-0.468067774209201,-1.49473975395181,32,"SDC3;GPC1;HSPG2;AGRN;DDX5;CHMP3;PIK3R4;SDC2;VHL;VCP","wald_stat",FALSE
"REACTOME_CO_INHIBITION_BY_CTLA4",0.0516528925619835,0.219824738051037,0.287857117255149,0.550624671827888,1.53511269449417,17,"YES1;AKT3;PTPN11;PPP2R5D;PPP2CA;PPP2R5B;PPP2R5E;SRC","wald_stat",FALSE
"REACTOME_APC_C_CDH1_MEDIATED_DEGRADATION_OF_CDC20_AND_OTHER_APC_C_CDH1_TARGETED_PROTEINS_IN_LATE_MITOSIS_EARLY_G1",0.0518234165067179,0.219824738051037,0.276500599254472,-0.40234518592044,-1.4492049980036,61,"UBE2C;PLK1;PSMB4;PSMC3;CDC27;AURKA;UBB;PSMD8;PSMB7;FZR1;PSMA5;PSMB3;PSMA6;AURKB;PSMD6;CDC23;PSMA2;ANAPC7;PSMD13;PSMA7;ANAPC15;ADRM1;UBE2S;PSMB1;UBA52;PSMC5;PSMD1;PSMA1;PSMA3","wald_stat",FALSE
"REACTOME_APOPTOSIS",0.0526315789473684,0.221870236280488,0.287857117255149,0.294315228699241,1.26966861691269,152,"MAPK1;H1-0;RPS27A;TNFRSF10A;H1-2;AKT3;SATB1;PPP3CC;CARD8;DSG2;PTK2;E2F1;YWHAZ;ROCK1;UACA;BID;BCL2L11;APC;APPL1;BMF;KPNA1;TJP2;H1-4;BIRC2;TJP1;PKP1;PLEC;TFDP1;MAPK8;PSMD7;STK24;PSMD14","wald_stat",FALSE
"REACTOME_POLO_LIKE_KINASE_MEDIATED_EVENTS",0.052734375,0.221870236280488,0.276500599254472,-0.558534067041601,-1.52776439242226,16,"PLK1;CCNB1;MYBL2;CENPF;LIN9;CDC25C","wald_stat",FALSE
"REACTOME_PYROPTOSIS",0.0531037114192275,0.222517478909213,0.321775918075361,-0.527850795971473,-1.58208776308482,22,"HMGB1;CYCS;TP53;IRF1;IL18;CHMP3;CHMP4A;BAX","wald_stat",FALSE
"REACTOME_ATTACHMENT_AND_ENTRY",0.0533596837944664,0.222517478909213,0.276500599254472,-0.570120290147105,-1.5323184774442,15,"SDC3;GPC1;HSPG2;AGRN","wald_stat",FALSE
"REACTOME_CELLULAR_RESPONSE_TO_CHEMICAL_STRESS",0.0535331905781585,0.222517478909213,0.287857117255149,0.288599590667425,1.26860303706594,171,"SLC7A11;PRDX1;RPS27A;TXNIP;PPARA;TXNRD1;AKT3;EGF;GSK3B;SOD2;ERO1A;TBL1X;SQSTM1;SRXN1;UFD1;CAT;NCF2;NCOA1;FBXL17;GCLC;ABCF2;CSNK2A1;BACH1;CHD6;NCOA2;ATP7A;IDH1;MAFK;RELA;PSMD7;HBA1;MED1;PSMD14;MYC;NCOA6;RXRA;BLVRA;SKP1","wald_stat",FALSE
"REACTOME_DUAL_INCISION_IN_GG_NER",0.0537848605577689,0.222669322709163,0.276500599254472,0.411391419399636,1.43316069560232,41,"RPS27A;CUL4A;RPA1;POLK;RFC1;GTF2H2;POLD3;PARP2","wald_stat",FALSE
"REACTOME_HCMV_EARLY_EVENTS",0.0544747081712062,0.223828821195342,0.271288554688953,-0.356035875392015,-1.37063828550011,92,"TUBB3;TUBA1C;TUBA1B;NUP210;DYNC1I1;TRIM28;TUBB4A;PML;TUBA1A;ITGB1;DYNLL1;TUBB4B","wald_stat",FALSE
"REACTOME_WNT_LIGAND_BIOGENESIS_AND_TRAFFICKING",0.0544974521171267,0.223828821195342,0.321775918075361,0.574954245002906,1.54181756169398,15,"WNT3;SNX3;WNT5A;TMED5;VPS35","wald_stat",FALSE
"REACTOME_SEMA3A_PAK_DEPENDENT_AXON_REPULSION",0.0551661241732499,0.224877783813145,0.321775918075361,0.574326545286784,1.54013430001847,15,"HSP90AA1;PAK1;PAK3;PLXNA2;SEMA3A;PLXNA3","wald_stat",FALSE
"REACTOME_CLASS_A_1_RHODOPSIN_LIKE_RECEPTORS",0.0556621880998081,0.224877783813145,0.266350657088526,-0.346533224671653,-1.3555845921091,100,"OPRD1;CHRM3;CMKLR1;LTB4R;PLPPR5;AGTR1;APLNR;CX3CL1;CXCL12;C3;DRD2;PTGFR;NPY4R;CXCL16;LTB4R2;OXTR;PSAP","wald_stat",FALSE
"REACTOME_DEFECTS_IN_VITAMIN_AND_COFACTOR_METABOLISM",0.055984555984556,0.224877783813145,0.266350657088526,-0.509572049407382,-1.4752622014064,20,"MCCC2;PC;ABCD4;MMACHC;CUBN;MCCC1;MMAA;MMAB","wald_stat",FALSE
"REACTOME_TRANSMISSION_ACROSS_CHEMICAL_SYNAPSES",0.0562851782363977,0.224877783813145,0.261663521711573,-0.302861238168909,-1.29683978961664,173,"NEFL;KPNA2;GRIK2;TUBB3;TUBA1C;TUBA1B;AP2M1;TUBB4A;TUBA1A;GNG7;SYN3;DLG1;NCALD;CACNA1E;TUBB4B;GNAI2;RPS6KA6;VAMP2;SLC38A1;AP2S1;PRKCB;MDM2;CACNG4;SLC38A2;GNB4","wald_stat",FALSE
"REACTOME_ONCOGENIC_MAPK_SIGNALING",0.0566037735849057,0.224877783813145,0.276500599254472,0.353027985314476,1.36953541010688,77,"MAPK1;PPP1CC;DUSP7;ACTG1;CAMK2G;KDM7A;TRAK1;SPRED2;BCL2L11;FXR1;RAP1B;MARK3;IQGAP1;MPRIP;QKI;PAPSS1;CALM1;FAM114A2","wald_stat",FALSE
"REACTOME_PKR_MEDIATED_SIGNALING",0.056710775047259,0.224877783813145,0.261663521711573,-0.396657078180357,-1.4540029119782,67,"TUBB3;TUBA1C;TUBA1B;ISG15;STAT3;STAT1;TUBB4A;TUBA1A;TP53;TUBB4B;FANCA;ADAR;PPP2R1A;UBE2L6","wald_stat",FALSE
"REACTOME_SIGNAL_AMPLIFICATION",0.0569620253164557,0.224877783813145,0.276500599254472,0.487239546935466,1.47854463685033,24,"GNG2;GNG11;P2RY1;GNB1;MAPK14;GNA13;GNG12;GNB5;AAMP;TBXA2R;SRC;PLA2G4A;GNG3","wald_stat",FALSE
"REACTOME_THROMBIN_SIGNALLING_THROUGH_PROTEINASE_ACTIVATED_RECEPTORS_PARS",0.0569620253164557,0.224877783813145,0.276500599254472,0.490135716773087,1.48733316070427,24,"MAPK1;GNG2;GNG11;GNB1;F2R;GNA13;GNG12","wald_stat",FALSE
"REACTOME_COOPERATION_OF_PREFOLDIN_AND_TRIC_CCT_IN_ACTIN_AND_TUBULIN_FOLDING",0.0569948866101405,0.224877783813145,0.321775918075361,-0.494914097740808,-1.52324697014418,27,"TUBB3;TUBA1C;TUBA1B;TUBB4A;TUBA1A;ACTB;TUBB4B","wald_stat",FALSE
"REACTOME_EPHB_MEDIATED_FORWARD_SIGNALING",0.0570866141732283,0.224877783813145,0.266350657088526,0.416504385494348,1.43130393978649,38,"YES1;PAK1;ARPC5;ROCK2;PTK2;ACTG1;ROCK1;ACTR2;ACTR3;ARHGEF28;RASA1","wald_stat",FALSE
"REACTOME_RHO_GTPASES_ACTIVATE_NADPH_OXIDASES",0.0571428571428571,0.224877783813145,0.271288554688953,0.545707521538488,1.49309097505273,16,"MAPK1;MAPK14;NCF2;PRKCA;RAC2","wald_stat",FALSE
"REACTOME_TRANSLESION_SYNTHESIS_BY_POLK",0.0578512396694215,0.226803155522164,0.271288554688953,0.539044540870089,1.50282789697827,17,"RPS27A;RPA1;POLK;RFC1","wald_stat",FALSE
"REACTOME_METABOLISM_OF_POLYAMINES",0.0583657587548638,0.227725993562711,0.261663521711573,-0.416286398185219,-1.43523948705862,46,"SMS;OAZ3;PSMB4;PSMC3;AZIN1;PSMD8;PSMB7;PSMA5;AMD1;PSMB3;PSMA6;PSMD6;PSMA2;PSMD13;PSMA7;SMOX;ADRM1;PAOX;PSMB1;PSMC5;PSMD1;PSMA1;PSMA3","wald_stat",FALSE
"REACTOME_OXIDATIVE_STRESS_INDUCED_SENESCENCE",0.0585858585858586,0.227725993562711,0.266350657088526,0.341474000346223,1.35647716139494,85,"MAPK1;RPS27A;H3C4;KDM6B;E2F1;MAPK14;PHC3;MAPK9;MDM4;AGO4;TNRC6A;H2BC5;PHC1;H2BC8;H2BC21;H2AC19;H2BC4;TFDP1;MAPK8;AGO1;MINK1;MAP2K6;AGO3;MAP4K4;RBBP7;MAP2K4","wald_stat",FALSE
"REACTOME_SIGNALING_BY_SCF_KIT",0.0590631364562118,0.227725993562711,0.266350657088526,0.435897678827842,1.43443286644199,33,"YES1;GRB10;FER;CBL;PTPN11;PRKCA;GRB2;GAB2;STAT5B;SOS1;SOCS1;SH2B2","wald_stat",FALSE
"REACTOME_FCGR3A_MEDIATED_IL10_SYNTHESIS",0.0595482546201232,0.227725993562711,0.266350657088526,0.470802949905074,1.47302649443342,27,"YES1;ITPR3;ADCY3;CALM1;AHCYL1;ADCY9;ITPR2;PRKAR2A;PRKACB;CREB1;SRC;FCGR2A","wald_stat",FALSE
"REACTOME_MUSCLE_CONTRACTION",0.059574331718209,0.227725993562711,0.321775918075361,0.323395596246418,1.33984448234782,115,"MYLK;ANXA1;PAK1;ATP2B1;ITPR3;ITGB5;CACNG7;TMOD2;ITGA1;KCNK1;KCND3;CAMK2G;GUCY1B1;TRPC1;KCNIP2;CALM1;HIPK2;AHCYL1;GATA4;ATP2A3;PDE5A;FKBP1B;CALD1;ORAI1;ITPR2;TMOD1;GUCY1A1;ATP2B4;ATP1A3;KCNJ2","wald_stat",FALSE
"REACTOME_SIGNALING_BY_NOTCH3",0.0597609561752988,0.227725993562711,0.261663521711573,0.403902661409227,1.41021575151423,42,"NOTCH3;JAG1;RPS27A;MIB1;EGF;EGFR;HES1;ADAM10","wald_stat",FALSE
"REACTOME_REGULATION_OF_MITF_M_DEPENDENT_GENES_INVOLVED_IN_LYSOSOME_BIOGENESIS_AND_AUTOPHAGY",0.0598455598455598,0.227725993562711,0.257206466468838,-0.539573966381326,-1.4994520675135,17,"ATP6V0E2;ATP6V0C;ATP6V0D1;ATP6V1G1;ATP6V1H;ATP6V0B;ATP6V1F;ATP6V1C1;ATP6V0A1","wald_stat",FALSE
"REACTOME_CRMPS_IN_SEMA3A_SIGNALING",0.0598468311585095,0.227725993562711,0.321775918075361,0.569165914039226,1.52629536943214,15,"PLXNA2;GSK3B;DPYSL3;SEMA3A;PLXNA3","wald_stat",FALSE
"REACTOME_CITRIC_ACID_CYCLE_TCA_CYCLE",0.060665362035225,0.229995053869809,0.257206466468838,-0.454000419179401,-1.46834569219482,33,"ACO2;NNT;OGDH;ISCA1;FXN;IDH3A;DLST;DLD;SUCLG2;IDH3G;IDH3B;KGD4;SDHB;MDH2;IDH2","wald_stat",FALSE
"REACTOME_CELLULAR_RESPONSE_TO_STARVATION",0.0611706682823678,0.230578512396694,0.321775918075361,0.305671573467707,1.31514697173185,151,"RPS27A;RPS3A;RPL9;RPL7;EIF2S1;ATP6V1E1;RPLP0;EIF2AK4;RPS15A;RPL23;ATF3;RPS7;CASTOR2;RPS17;RPS23;RPLP2;RPS11;RPS13;RPL5;RPL17;ATP6V1C2;RPL39;RPL27A;RPS10;DDIT3;RRAGD;RPL22;RPL11;RPS25;SEC13;RPS21;RPL26;RPL27;RPS3;RPS18;ATP6V1G2;RPS29;FNIP1;SH3BP4;RPS20;WDR24;RPL4;RPL30;RPL34;RPL18A;ATP6V0D2;RPS27;RPS27L;RPS12;SESN1;RPS14;TCIRG1;RPS2;RPS6;RPS4X;RPS8;RPS19","wald_stat",FALSE
"REACTOME_FIBRONECTIN_MATRIX_FORMATION",0.0612648221343874,0.230578512396694,0.257206466468838,-0.557939012070241,-1.49957872445058,15,"FN1;ITGB1;COL5A3;COL4A5;COL5A1;COL4A2","wald_stat",FALSE
"REACTOME_GLYCOSAMINOGLYCAN_PROTEIN_LINKAGE_REGION_BIOSYNTHESIS",0.0616570327552987,0.23121387283237,0.252961123069611,-0.488544471260424,-1.47483204235102,23,"SDC3;GPC1;HSPG2;AGRN;BGN","wald_stat",FALSE
"REACTOME_DEGRADATION_OF_THE_EXTRACELLULAR_MATRIX",0.062992125984252,0.234580628180382,0.252961123069611,-0.356017556192792,-1.35680885895624,87,"FN1;A2M;HSPG2;ADAMTS9;COL13A1;MMP15;COL9A3;CTSD;HTRA1;COL14A1;ADAMTS4;COL5A3;COL4A5;LAMC1;COL11A1;MMP17;NID1;COL5A1;NCSTN;COL4A2;ADAMTS16","wald_stat",FALSE
"REACTOME_PEPTIDE_HORMONE_METABOLISM",0.0630081300813008,0.234580628180382,0.257206466468838,0.388440944809089,1.36889492414012,44,"ANPEP;MYO5A;EXOC4;GNB1;PAX6;KIF5C;ACHE;EXOC6;GATA4;KIF5A;SLC30A5;RAB27A;EXOC5;EXOC1","wald_stat",FALSE
"REACTOME_ASSOCIATION_OF_TRIC_CCT_WITH_TARGET_PROTEINS_DURING_BIOSYNTHESIS",0.0634920634920635,0.235189338962924,0.252961123069611,0.413244025588591,1.40652485559055,37,"TCP1;KIF13A;CCT4;KIFC3;SPHK1;SKIC2;LONP2;CCT6B;CCT8;CCNE2","wald_stat",FALSE
"REACTOME_KEAP1_NFE2L2_PATHWAY",0.0637817327071294,0.235189338962924,0.287805130535564,0.318243350652021,1.30548576679932,108,"SLC7A11;PRDX1;RPS27A;TXNRD1;AKT3;EGF;GSK3B;SQSTM1;SRXN1;UFD1;FBXL17;GCLC;ABCF2;CSNK2A1;BACH1;CHD6;IDH1;MAFK;RELA;PSMD7;PSMD14;MYC;SKP1","wald_stat",FALSE
"REACTOME_LISTERIA_MONOCYTOGENES_ENTRY_INTO_HOST_CELLS",0.0640495867768595,0.235189338962924,0.257206466468838,0.532942078660905,1.48581455252734,17,"RPS27A;CBL;EPS15;MET;GRB2;CBLL1","wald_stat",FALSE
"REACTOME_EGR2_AND_SOX10_MEDIATED_INITIATION_OF_SCHWANN_CELL_MYELINATION",0.0643939393939394,0.235189338962924,0.245041785430996,-0.478638468037364,-1.46239935417333,24,"POU3F2;SCD5;ADGRV1;LAMC1;DAG1;EGR2;PMP22","wald_stat",FALSE
"REACTOME_GAP_FILLING_DNA_REPAIR_SYNTHESIS_AND_LIGATION_IN_GG_NER",0.0645833333333333,0.235189338962924,0.257206466468838,0.483382989911974,1.48053960481833,25,"RPS27A;RPA1;POLK;RFC1;POLD3","wald_stat",FALSE
"REACTOME_RHOH_GTPASE_CYCLE",0.0647773279352227,0.235189338962924,0.252961123069611,0.440918245344174,1.43950437649302,32,"CAV1;PAK1;JUP;ROCK2;PAK6;ROCK1;UACA;FAM91A1;DBN1;MTR;TMEM59","wald_stat",FALSE
"REACTOME_RECRUITMENT_OF_NUMA_TO_MITOTIC_CENTROSOMES",0.0649606299212598,0.235189338962924,0.248911114434702,-0.354618324717546,-1.35147628580551,87,"TUBB3;TUBA1C;TUBA1B;TUBB;PLK1;TUBB4A;TUBA1A;CEP192;DYNLL1;TUBB4B;CLASP1;NUMA1;PPP2R1A;TUBB2A;CEP43;CSNK1D;PRKACA;ALMS1;CEP70;HAUS5","wald_stat",FALSE
"REACTOME_ESTROGEN_DEPENDENT_GENE_EXPRESSION",0.0649895178197065,0.235189338962924,0.257206466468838,0.311890616416412,1.27288136102702,106,"HSP90AA1;CCND1;SMC3;POLR2A;H3C4;NRIP1;FOSB;SMC1A;STAG2;AGO4;PTGES3;TNRC6A;NCOA1;H2BC5;EBAG9;H2BC8;H2BC21;TGFA;H2AC19;JUND;FKBP4;NCOA2;H2BC4;AGO1;AGO2;MED1;AGO3","wald_stat",FALSE
"REACTOME_NEUREXINS_AND_NEUROLIGINS",0.0657370517928287,0.237065674583894,0.248911114434702,0.402183618127355,1.40108355871014,41,"PDLIM5;LIN7A;GRM1;EPB41L2;NRXN3;EPB41L5;NLGN1;EPB41L1;DLGAP3;SYT1;HOMER2;NLGN4X;SHANK1;DLG2;SYT7;HOMER3;EPB41","wald_stat",FALSE
"REACTOME_SOMITOGENESIS",0.066,0.2371875,0.248911114434702,-0.41843664054967,-1.40934107384866,42,"CTNNB1;PSMB4;PSMC3;PSMD8;PSMB7;PSMA5;PSMB3;PSMA6;NOTCH1;PSMD6;PSMA2;LEF1;PSMD13;PSMA7;ADRM1;PSMB1;PSMC5;PSMD1;PSMA1;PSMA3","wald_stat",FALSE
"REACTOME_REGULATION_OF_LIPID_METABOLISM_BY_PPARALPHA",0.0668058455114822,0.239252768527281,0.252961123069611,0.314716189036903,1.27273559835996,101,"MED15;ANGPTL4;NR1D1;PPARA;TXNRD1;RGL1;MED14;TBL1X;MTF1;MED13;NCOA1;ABCA1;ACSL1;NCOA2;MED1;PPARGC1A;NCOA6;RXRA;SIN3A;NCOA3;RXRB","wald_stat",FALSE
"REACTOME_NOD1_2_SIGNALING_PATHWAY",0.0674603174603175,0.24076354679803,0.245041785430996,0.42783049442846,1.42584278199351,34,"TNFAIP3;RPS27A;IRAK1;RIPK2;MAPK14;ITCH;TRAF6;CYLD;BIRC2;MAP2K6;MAP3K7","wald_stat",FALSE
"REACTOME_PROTEIN_FOLDING",0.0682261208576998,0.242659914390788,0.241339976815091,-0.357496471332479,-1.34796787931447,82,"TUBB3;TUBA1C;TUBA1B;TBCD;STAT3;TUBB4A;TUBA1A;GNG7;ACTB;TP53;TBCB;TUBB4B;USP11;GNB4;PDCL;PFDN4","wald_stat",FALSE
"REACTOME_APC_C_MEDIATED_DEGRADATION_OF_CELL_CYCLE_PROTEINS",0.0690978886756238,0.244918886230379,0.237793834423688,-0.373428176121822,-1.38210679989883,75,"UBE2C;PLK1;CCNB1;PSMB4;PSMC3;CDC27;AURKA;UBB;PSMD8;PSMB7;FBXO5;FZR1;PSMA5;PSMB3;PSMA6;AURKB;PSMD6;CDC23;BUB3;PSMA2;ANAPC7;PSMD13;PSMA7;ANAPC15;ADRM1;UBE2S;PSMB1;UBA52;PSMC5;PSMD1;PSMA1;PSMA3","wald_stat",FALSE
"REACTOME_NEUTROPHIL_DEGRANULATION",0.0700757575757576,0.246614510940789,0.234392647294686,-0.259908123381526,-1.2089989913483,351,"CHI3L1;BST2;CTSC;HLA-B;HLA-C;TUBB;CD63;SLC44A2;HMGB1;CTSD;PPIA;PLD1;CST3;PTPRN2;GAA;GNS;TNFRSF1B;GOLGA7;ATP6V0C;C3;DYNLL1;KPNB1;DOK3;APEH;STOM;TUBB4B;ARSA;MGST1;SURF4;STING1;ITGAV;LAMP2;SERPINB6;NPC2;DPP7;ORMDL3;PSMC3;SPTAN1;APRT;IGF2R;GLA;NCSTN;GSTP1;TSPAN14;PSAP;CTSA;HSP90AB1;ABCA13;COTL1;CTSH;PSMB7;MAN2B1","wald_stat",FALSE
"REACTOME_MISCELLANEOUS_TRANSPORT_AND_BINDING_EVENTS",0.0703933747412008,0.246614510940789,0.245041785430996,0.481149499668826,1.44565726851295,23,"LRRC8A;ADD2;ANKH;LRRC8C;NIPA1;NIPAL2","wald_stat",FALSE
"REACTOME_RHOBTB1_GTPASE_CYCLE",0.0703933747412008,0.246614510940789,0.245041785430996,0.481554419815051,1.44687388778193,23,"ROCK2;RHOBTB1;COPS4;ROCK1;MYO6;COPS2;PDE5A;DBN1","wald_stat",FALSE
"REACTOME_SIGNALING_BY_BRAF_AND_RAF1_FUSIONS",0.0705394190871369,0.246614510940789,0.245041785430996,0.363714292426215,1.3584969669668,60,"MAPK1;ACTG1;CAMK2G;KDM7A;TRAK1;BCL2L11;FXR1;RAP1B;MARK3;IQGAP1;MPRIP;QKI;PAPSS1;CALM1;FAM114A2;RAP1A;KSR1;ATG7;ITGB3;AKAP9;MAP2K1;JAK2;SRC","wald_stat",FALSE
"REACTOME_DETOXIFICATION_OF_REACTIVE_OXYGEN_SPECIES",0.0708333333333333,0.246614510940789,0.245041785430996,0.472047238499208,1.46748986970729,26,"PRDX1;TXNRD1;SOD2;ERO1A;CAT;NCF2","wald_stat",FALSE
"REACTOME_HSF1_DEPENDENT_TRANSACTIVATION",0.0710059171597633,0.246614510940789,0.237793834423688,0.416523169909236,1.40066566206893,35,"HSPA1B;HSP90AA1;HSPA8;HSPH1;CAMK2G;HSPA1A;PTGES3;FKBP4;DEDD2","wald_stat",FALSE
"REACTOME_SYNTHESIS_OF_PIPS_AT_THE_EARLY_ENDOSOME_MEMBRANE",0.0714285714285714,0.247252747252747,0.241339976815091,0.534410182142497,1.46218072582855,16,"INPP4B;PIKFYVE;MTMR12;VAC14;PI4K2B;PIK3C3;INPP4A;MTMR2","wald_stat",FALSE
"REACTOME_SIGNALING_BY_WNT_IN_CANCER",0.0721442885771543,0.247295413818278,0.237793834423688,0.452612113667157,1.45085788282501,29,"DKK1;FZD4;GSK3B;CTBP2;PPP2R5D;APC;TNKS2;PPP2CA;TNKS;CSNK1A1;PORCN;PPP2R5B;PPP2R5E","wald_stat",FALSE
"REACTOME_MAPK_TARGETS_NUCLEAR_EVENTS_MEDIATED_BY_MAP_KINASES",0.072289156626506,0.247295413818278,0.237793834423688,0.427950983778658,1.3849378878226,31,"MAPK1;MEF2A;DUSP7;MAPK14;MAPK9;RPS6KA1;PPP2R5D;PPP2CA;MAPK8","wald_stat",FALSE
"REACTOME_EPHA_MEDIATED_GROWTH_CONE_COLLAPSE",0.072463768115942,0.247295413818278,0.241339976815091,0.480542379510256,1.44383312098562,23,"YES1;ROCK2;NGEF;ROCK1;EPHA2","wald_stat",FALSE
"REACTOME_ACTIVATION_OF_THE_PRE_REPLICATIVE_COMPLEX",0.0728744939271255,0.247295413818278,0.237793834423688,0.427605019497949,1.39603952314833,32,"RPA1;MCM4;MCM6;CDC45;MCM3","wald_stat",FALSE
"REACTOME_CHROMATIN_MODIFICATIONS_DURING_THE_MATERNAL_TO_ZYGOTIC_TRANSITION_MZT",0.0728744939271255,0.247295413818278,0.237793834423688,0.426348035503102,1.39193573751263,32,"KDM5A;H3C4;KDM6B;KDM6A;H2BC5;H2BC8;H2BC21;H2AC19;H2BC4","wald_stat",FALSE
"REACTOME_REGULATION_OF_ORNITHINE_DECARBOXYLASE_ODC",0.0728744939271255,0.247295413818278,0.237793834423688,-0.418768051876697,-1.3767135420885,38,"OAZ3;PSMB4;PSMC3;AZIN1;PSMD8;PSMB7;PSMA5;PSMB3;PSMA6;PSMD6;PSMA2;PSMD13;PSMA7;ADRM1;PSMB1;PSMC5;PSMD1;PSMA1;PSMA3","wald_stat",FALSE
"REACTOME_SARS_COV_2_ACTIVATES_MODULATES_INNATE_AND_ADAPTIVE_IMMUNE_RESPONSES",0.0735009671179884,0.248606212310843,0.231126709673834,-0.338404740393357,-1.32575501298309,102,"HLA-B;KPNA2;HLA-C;NUP210;HLA-A;ISG15;STAT1;IL17RC;RIGI;IFIH1;TAB1;NOD2;STING1;HLA-F;UBE2V1;HLA-E;TPR;UBB;HSP90AB1;PIK3R4;UBE2N;AAAS;STAT2;CREBBP;B2M;IRF7;TYK2;NUP93;SIKE1;POM121","wald_stat",FALSE
"REACTOME_HSF1_ACTIVATION",0.0741482965931864,0.249978784931426,0.234392647294686,0.458926146817352,1.46509185810805,28,"HSPA1B;HSP90AA1;HSPH1;RPA1;HSPA1A;PTGES3;FKBP4;DEDD2;EEF1A1","wald_stat",FALSE
"REACTOME_ERK_MAPK_TARGETS",0.0747863247863248,0.251311188811189,0.241339976815091,0.474182794360245,1.39707323771226,22,"MAPK1;MEF2A;DUSP7;MAPK14;RPS6KA1;PPP2R5D","wald_stat",FALSE
"REACTOME_DEFECTIVE_B4GALT7_CAUSES_EDS_PROGEROID_TYPE",0.0752895752895753,0.252106649111257,0.227987202850442,-0.529476675543774,-1.47139214511919,17,"SDC3;GPC1;HSPG2;AGRN;BGN","wald_stat",FALSE
"REACTOME_G_BETA_GAMMA_SIGNALLING_THROUGH_CDC42",0.0755102040816327,0.252106649111257,0.234392647294686,0.530750665641643,1.45216805265689,16,"PAK1;GNG2;GNG11;GNB1;ARHGEF6;GNG12;GNB5","wald_stat",FALSE
"REACTOME_SIGNALING_BY_PDGF",0.0758483033932136,0.252319180876862,0.231126709673834,0.372700792151231,1.34400472101389,50,"PLAT;CRKL;COL6A2;COL6A1;THBS1;COL5A2;PTPN11;FURIN;PDGFB;PTPN12;GRB2","wald_stat",FALSE
"REACTOME_TNFR2_NON_CANONICAL_NF_KB_PATHWAY",0.0761904761904762,0.252319180876862,0.224966093540314,-0.378640487618032,-1.38216985836807,66,"BIRC3;TNFRSF11B;TNFRSF1B;TNFRSF12A;PSMB4;TNFSF13;PSMC3;UBB;PSMD8;PSMB7;CD70;PSMA5;UBE2M;MAP3K14;PSMB3;PSMA6;PSMD6;PSMA2;TRAF2;PSMD13;TNFRSF11A;PSMA7;ADRM1;PSMB1;UBA52;PSMC5;PSMD1;PSMA1;PSMA3;EDA2R;TNFRSF25","wald_stat",FALSE
"REACTOME_DENGUE_VIRUS_ATTACHMENT_AND_ENTRY",0.0763052208835341,0.252319180876862,0.231126709673834,-0.414611124070519,-1.35978389962637,37,"SDC3;GPC1;HSPG2;AP2M1;AGRN;UBA7;AP2S1;UBA5","wald_stat",FALSE
"REACTOME_FACTORS_INVOLVED_IN_MEGAKARYOCYTE_DEVELOPMENT_AND_PLATELET_PRODUCTION",0.0766283524904215,0.252580716011421,0.224966093540314,-0.316589696673027,-1.27717796215556,119,"TUBB3;TUBA1C;TUBA1B;TUBB4A;ABL1;TUBA1A;ACTB;TP53;TUBB4B;ZFPM1;KIF26B;KIF20B;H3-3A;IRF1;H3-3B;H3C6;KIF22;KLC4;PRKAR1B;VPS45;KIF2C;TUBB2A;SH2B1;PRKACA;KIF23;KIF20A;DOCK9;KIFC1;KIF13B;KIF15;KLC1","wald_stat",FALSE
"REACTOME_ADP_SIGNALLING_THROUGH_P2Y_PURINOCEPTOR_1",0.0772442588726514,0.253802564867283,0.234392647294686,0.504151775346119,1.44019438835411,19,"GNG2;GNG11;P2RY1;GNB1;MAPK14;GNG12;GNB5;SRC;PLA2G4A;GNG3","wald_stat",FALSE
"REACTOME_G_ALPHA_S_SIGNALLING_EVENTS",0.0775193798449612,0.253900500441566,0.224966093540314,-0.369842537354444,-1.35723754606044,71,"FN1;CALCRL;SHC1;GNG7;PDE8B;GRK5;ITGB1;GNAI2;ARRB1;ADM2;GNB4;GRK2;PDE10A;PRKAR1B;PDE4D;GPER1;GNAS;ADORA2B;PRKACA;ADCY6;RAMP1","wald_stat",FALSE
"REACTOME_CELL_EXTRACELLULAR_MATRIX_INTERACTIONS",0.0785123966942149,0.254769230769231,0.231126709673834,0.519208218837595,1.44752527193775,17,"FLNC;ACTN1;FERMT2;ACTG1;ARHGEF6","wald_stat",FALSE
"REACTOME_TRIGLYCERIDE_METABOLISM",0.0785123966942149,0.254769230769231,0.231126709673834,0.480808496593028,1.41878680888933,21,"CAV1;MGLL;PPP1CC","wald_stat",FALSE
"REACTOME_TOLL_LIKE_RECEPTOR_TLR1_TLR2_CASCADE",0.0793319415448852,0.254769230769231,0.231126709673834,0.310865928165347,1.25716485797575,101,"MAPK1;RPS27A;FBXW11;MEF2A;IRAK1;DUSP7;RIPK2;TLR6;MAPK14;MAPK9;RPS6KA1;NLRC5;PPP2R5D;TRAF6;PPP2CA;MAPK8;RELA;TNIP2;ECSIT;MAP2K6;N4BP1;MAP3K7;SKP1;SOCS1;LY96;MAP2K4;PELI2;RPS6KA2;MAP2K1;ALPK1;TLR1;BTRC;CREB1","wald_stat",FALSE
"REACTOME_SENSORY_PROCESSING_OF_SOUND_BY_OUTER_HAIR_CELLS_OF_THE_COCHLEA",0.0793650793650794,0.254769230769231,0.224966093540314,0.408336439654076,1.3608743946209,34,"MSN;EZR;TWF1;SPTBN1;ACTG1;MPP1;CHRNA9;EPS8;RDX;EPB41L1;KCNMA1;RIPOR2","wald_stat",FALSE
"REACTOME_SYNTHESIS_OF_PIPS_AT_THE_PLASMA_MEMBRANE",0.0794112925266607,0.254769230769231,0.287805130535564,0.407776784715434,1.45046048949472,45,"INPP4B;PLEKHA2;PIP4K2B;MTMR6;MTMR3;RAB5A;OCRL;PLEKHA1;PTEN;PI4K2B;PIK3C2B;INPP4A;RUFY1;MTMR2","wald_stat",FALSE
"REACTOME_RECOGNITION_OF_DNA_DAMAGE_BY_PCNA_CONTAINING_REPLICATION_COMPLEX",0.0798403193612774,0.254769230769231,0.224966093540314,0.437174323087573,1.40627285740258,30,"RPS27A;CUL4A;RPA1;RFC1;POLD3;RAD18","wald_stat",FALSE
"REACTOME_SIGNALING_BY_THE_B_CELL_RECEPTOR_BCR",0.0798403193612774,0.254769230769231,0.224966093540314,0.325744749899356,1.30194210898479,86,"PIK3AP1;RPS27A;ITPR3;FBXW11;CD22;NFATC1;TRPC1;GRB2;CALM1;MALT1;AHCYL1;RELA;PSMD7;SOS1;PSMD14;ORAI1;ITPR2;MAP3K7;SKP1","wald_stat",FALSE
"REACTOME_RNA_POLYMERASE_II_TRANSCRIPTION_TERMINATION",0.08,0.254769230769231,0.219250346703755,-0.373872080672758,-1.36476350968716,66,"SRSF6;SRSF5;SRSF3;ZC3H11A;DDX39B;SRSF2;SRSF9;U2AF2;RBM8A;FYTTD1;UPF3B;SNRPD3;PABPN1;CPSF1;CPSF6;THOC1;ALYREF;SLBP;LSM10;U2AF1L4;SLU7;CSTF2T;POLDIP3;THOC7","wald_stat",FALSE
"REACTOME_VIF_MEDIATED_DEGRADATION_OF_APOBEC3G",0.08,0.254769230769231,0.224966093540314,-0.404837002817201,-1.35060546203272,41,"PSMB4;PSMC3;UBB;PSMD8;PSMB7;PSMA5;PSMB3;PSMA6;APOBEC3G;ELOC;PSMD6;PSMA2;PSMD13;RBX1;ELOB;PSMA7;ADRM1;PSMB1;UBA52;PSMC5;PSMD1;PSMA1;PSMA3","wald_stat",FALSE
"REACTOME_BASIGIN_INTERACTIONS",0.0805785123966942,0.255645730416373,0.227987202850442,0.48930146383619,1.41672268756144,20,"SLC7A11;CAV1;MMP1;ITGA6;SLC16A3;ITGA3","wald_stat",FALSE
"REACTOME_CYTOSOLIC_SENSORS_OF_PATHOGEN_ASSOCIATED_DNA",0.0807692307692308,0.255645730416373,0.219250346703755,-0.382592355052188,-1.36636807422814,58,"TRIM56;PRKDC;MYD88;STING1;POLR2L;CTNNB1;DHX36;POLR2F;UBB;IFI16;LRRFIP1;CREBBP;IRF7;NFKBIB;TRIM21","wald_stat",FALSE
"REACTOME_PLASMA_LIPOPROTEIN_CLEARANCE",0.0815109343936382,0.25720675944334,0.222056046145248,-0.45158629965986,-1.38553945148108,28,"LSR;AP2M1;SCARB1;APOE;AP2S1;NPC2;LIPA;UBB;CUBN;NR1H3;CES3","wald_stat",FALSE
"REACTOME_INTERLEUKIN_17_SIGNALING",0.0824524312896406,0.259386827917258,0.227987202850442,0.350253902231531,1.31835697014383,67,"MAPK1;RPS27A;FBXW11;MEF2A;IRAK1;DUSP7;RIPK2;MAPK14;MAPK9;RPS6KA1;PPP2R5D;TRAF6;PPP2CA;MAPK8;TNIP2;MAP2K6;MAP3K7;SKP1;MAP2K4;RPS6KA2;MAP2K1;BTRC;CREB1","wald_stat",FALSE
"REACTOME_SIGNALING_BY_FGFR2",0.0829875518672199,0.259519062587913,0.224966093540314,0.354547134029767,1.30890480972109,58,"MAPK1;RPS27A;CBL;POLR2A;PTPN11;FGF1;FGFR2;GRB2;FGF2;PPP2CA;SPRY2;SOS1","wald_stat",FALSE
"REACTOME_DNA_STRAND_ELONGATION",0.082995951417004,0.259519062587913,0.222056046145248,0.413926031515185,1.35138053415182,32,"RPA1;MCM4;MCM6;CDC45;RFC1;MCM3;POLD3","wald_stat",FALSE
"REACTOME_HCMV_INFECTION",0.0836501901140684,0.260776948096569,0.213927855492356,-0.317163410920286,-1.27468467215279,115,"TUBB3;TUBA1C;TUBA1B;NUP210;DYNC1I1;TRIM28;TUBB4A;PML;TUBA1A;ITGB1;VPS36;DYNLL1;TUBB4B;H3C6;VPS37B;TPR;CHMP3;TUBB2A;AAAS;TSG101","wald_stat",FALSE
"REACTOME_TRANSCRIPTIONAL_REGULATION_BY_RUNX2",0.0851926977687627,0.26281756014598,0.219250346703755,0.312487335228485,1.26141514423146,96,"YES1;MAPK1;RPS27A;CCND1;NR3C1;BMP2;AKT3;GSK3B;HES1;ITGA5;AR;GLI2","wald_stat",FALSE
"REACTOME_FORMATION_OF_PARAXIAL_MESODERM",0.0852713178294574,0.26281756014598,0.213927855492356,-0.384758844508908,-1.35811851315051,53,"FGFR1;CTNNB1;PSMB4;PSMC3;PSMD8;PSMB7;PSMA5;CREBBP;PSMB3;PSMA6;NOTCH1;PSMD6;PSMA2;LEF1;PSMD13;PSMA7;ADRM1;MAMLD1;PSMB1;PSMC5;PSMD1;PSMA1;PSMA3","wald_stat",FALSE
"REACTOME_LAMININ_INTERACTIONS",0.0858283433133733,0.26281756014598,0.216542836735348,-0.45412268984062,-1.42011281986578,30,"ITGA7;HSPG2;LAMB2;ITGB1;COL4A5;LAMC1;ITGAV;NID1;LAMA1;COL4A2","wald_stat",FALSE
"REACTOME_NRAGE_SIGNALS_DEATH_THROUGH_JNK",0.0858283433133733,0.26281756014598,0.216542836735348,0.365096905152344,1.31658417284287,50,"TRIO;NGEF;BCL2L11;SOS2;GNA13;ARHGEF6;PREX1;ARHGEF7;ARHGEF26;MAPK8;SOS1;PLEKHG5;OBSCN;ARHGEF4;ARHGEF3;AATF;ARHGEF37;ITSN1","wald_stat",FALSE
"REACTOME_SENSORY_PROCESSING_OF_SOUND",0.0858283433133733,0.26281756014598,0.216542836735348,0.365890602927986,1.31944634426828,50,"MSN;EZR;ATP2B1;TWF1;SPTBN1;CTBP2;ACTG1;MPP1;CHRNA9;EPS8;RDX;EPB41L1;KCNMA1;RIPOR2;DNAJC5;TPRN","wald_stat",FALSE
"REACTOME_SIGNALING_BY_PTK6",0.0858283433133733,0.26281756014598,0.216542836735348,0.36634652683524,1.32109046173912,50,"RPS27A;CCND1;EREG;NR3C1;CBL;EGF;EGFR;NRG2;HBEGF;CDKN1B;LRRK2;RASA1;ERBB3","wald_stat",FALSE
"REACTOME_FOXO_MEDIATED_TRANSCRIPTION_OF_CELL_DEATH_GENES",0.0887096774193548,0.270295268200589,0.213927855492356,0.535674068603274,1.43648245663865,15,"CITED2;FOXO3;BCL2L11;DDIT3;BCL6","wald_stat",FALSE
"REACTOME_RHOBTB2_GTPASE_CYCLE",0.0890269151138716,0.270295268200589,0.216542836735348,0.467262487056376,1.40393248082236,23,"HSP90AA1;ACTN1;TWF1;ACTG1;PHIP;MYO6","wald_stat",FALSE
"REACTOME_RHO_GTPASE_EFFECTORS",0.0890538033395176,0.270295268200589,0.204294756516886,-0.271582153133521,-1.22653546850583,260,"TUBB3;TUBA1C;SFN;TUBA1B;RHPN2;DYNC1I1;CFL1;RCC2;PFN2;PLK1;PFN1;KTN1;TUBB4A;ABL1;TUBA1A;RHPN1;ACTB;ITGB1;CENPA;DYNLL1;CDCA8;TUBB4B;MYH14;H2AX;ARPC4;CLASP1;CENPF;H3-3A;CTNNB1;PRKCB;H3-3B;MAD1L1;H3C6;CENPL;PPP2R1A;SGO1;ZWINT;CENPT;BRK1;KLC4;PPP2R5C;EVL;PIK3R4;LIMK1;CENPM;NOXA1;KIF2C;TUBB2A;SRGAP2;DIAPH2","wald_stat",FALSE
"REACTOME_DUAL_INCISION_IN_TC_NER",0.0909090909090909,0.274390243902439,0.216542836735348,0.349275154162543,1.31098078295273,63,"RPS27A;CUL4A;USP7;POLR2A;RPA1;POLK;TCEA1;RFC1;GTF2H2;POLD3","wald_stat",FALSE
"REACTOME_REGULATION_OF_MRNA_STABILITY_BY_PROTEINS_THAT_BIND_AU_RICH_ELEMENTS",0.0912863070539419,0.274390243902439,0.213927855492356,0.335166621242388,1.29651634112777,74,"ZFP36L1;RPS27A;HSPA8;DIS3;YWHAZ;MAPK14;XRN1;HSPA1A;XPO1;PRKCA","wald_stat",FALSE
"REACTOME_APOPTOTIC_EXECUTION_PHASE",0.0914634146341463,0.274390243902439,0.211400189384923,0.375277773021385,1.32250692285815,44,"H1-0;H1-2;SATB1;DSG2;PTK2;ROCK1;APC;KPNA1;TJP2;H1-4;BIRC2;TJP1;PKP1;PLEC;STK24","wald_stat",FALSE
"REACTOME_MEIOTIC_SYNAPSIS",0.0914634146341463,0.274390243902439,0.211400189384923,0.375175403928994,1.32214616652483,44,"SMC3;SMC1A;STAG2;H2BC5;H2BC8;H2BC21;H2AC19;SUN2;H2BC4;POT1","wald_stat",FALSE
"REACTOME_SIGNALING_BY_ALK_IN_CANCER",0.0920245398773006,0.274558981346388,0.211400189384923,0.331174238422579,1.29904705324141,82,"MAPK1;RPS27A;ALK;MSN;MCL1;EEF1G;LMO7;SQSTM1;JUNB;MAPK9;AGO4;IRS1;CLTC;GRB2;RRBP1;MAPK8;AGO1;AGO2;EML4;BCL2A1;AGO3;DCTN1;TWIST1;SEC31A","wald_stat",FALSE
"REACTOME_LATE_SARS_COV_2_INFECTION_EVENTS",0.0920502092050209,0.274558981346388,0.213927855492356,0.347537467036331,1.30895792312691,64,"ANO1;FUT8;RPS27A;ZDHHC8;ANO6;MGAT5;FURIN;GSK3B;ST3GAL4;ANO10;SRPK2;PARP6;ZDHHC20;CANX;DAD1;OSTC;MAN2A1;CSNK1A1;SRPK1;ANO8;PARP4;MAGT1;MGAT4B;MGAT1;ST3GAL3","wald_stat",FALSE
"REACTOME_ABC_FAMILY_PROTEINS_MEDIATED_TRANSPORT",0.0933333333333333,0.277526395173454,0.20207170902116,-0.353548663040302,-1.32026931739197,77,"ABCA2;PEX19;ABCA7;OS9;PSMB4;PSMC3;ABCF1;UBB;ERLIN2;ABCA3;PSMD8;PSMB7;ABCA6;VCP;PSMA5;DERL2;PEX3;PSMB3;PSMA6;ABCA5;PSMD6;PSMA2;ABCC5;PSMD13;PSMA7;ADRM1;PSMB1;UBA52;PSMC5;ABCG1;PSMD1;PSMA1;EIF2S2;PSMA3;KCNJ11;ABCA4","wald_stat",FALSE
"REACTOME_CLASS_B_2_SECRETIN_FAMILY_RECEPTORS",0.093812375249501,0.277526395173454,0.206587922696891,0.35860925386818,1.29318890742398,50,"GNG2;FZD3;FZD4;PTHLH;GNG11;CD55;GNB1;WNT3;SMO;WNT5A;GNG12","wald_stat",FALSE
"REACTOME_MITOTIC_SPINDLE_CHECKPOINT",0.0940499040307102,0.277526395173454,0.20207170902116,-0.320373028156035,-1.27465496235648,110,"UBE2C;DYNC1I1;RCC2;PLK1;CENPA;DYNLL1;CDCA8;CLASP1;CENPF;MAD1L1;CENPL;CDC27;PPP2R1A;SGO1;ZWINT;CENPT;PPP2R5C;CENPM;KIF2C;BIRC5;PMF1;KNL1;INCENP;AURKB;NUF2;CDC23;SKA2;BUB3;SPC24;NUP85;ANAPC7;CENPK;SPC25;MIS12;CENPE;RANBP2;CLASP2","wald_stat",FALSE
"REACTOME_DISEASES_ASSOCIATED_WITH_O_GLYCOSYLATION_OF_PROTEINS",0.0941176470588235,0.277526395173454,0.204294756516886,-0.390324951837229,-1.33640807894017,44,"SPON1;THBS2;ADAMTS14;ADAMTS9;ADAMTS2;ADAMTS4;DAG1;MUC1;THSD1;ADAMTS16;ADAMTS13;SSPOP","wald_stat",FALSE
"REACTOME_ACTIVATION_OF_APC_C_AND_APC_C_CDC20_MEDIATED_DEGRADATION_OF_MITOTIC_PROTEINS",0.0954198473282443,0.27980998411017,0.199915231309662,-0.369258092861391,-1.34344977867974,64,"UBE2C;PLK1;CCNB1;PSMB4;PSMC3;CDC27;UBB;PSMD8;PSMB7;PSMA5;PSMB3;PSMA6;PSMD6;CDC23;BUB3;PSMA2;ANAPC7;PSMD13;PSMA7;ANAPC15;ADRM1;UBE2S;PSMB1;UBA52;PSMC5;PSMD1;PSMA1;PSMA3","wald_stat",FALSE
"REACTOME_SENSORY_PERCEPTION",0.0955414012738854,0.27980998411017,0.211400189384923,0.284584510691862,1.21117703812438,135,"MSN;EZR;ATP2B1;ITPR3;TWF1;ADCY3;SDC1;SPTBN1;LRP10;CTBP2;ACTG1;GNB1;GRM1;MPP1;RDH10;LRP8;PRKCA;GRK4;GPC4;SLC24A1;LRP12;LDLR;CALM1;BCO2;CHRNA9;DHRS3;METAP1;EPS8;RDX;EPB41L1;TAS2R20;GNB5;DHRS9;KCNMA1;FNTA;RIPOR2;DNAJC5;NMT2;KCNJ2;CALHM3","wald_stat",FALSE
"REACTOME_NEGATIVE_REGULATION_OF_NMDA_RECEPTOR_MEDIATED_NEURONAL_TRANSMISSION",0.095703125,0.27980998411017,0.20207170902116,-0.525676495552673,-1.43788871481473,16,"NEFL;DLG1","wald_stat",FALSE
"REACTOME_TRANSLOCATION_OF_SLC2A4_GLUT4_TO_THE_PLASMA_MEMBRANE",0.0964083175803403,0.280311565628115,0.197822021315103,-0.370290989038528,-1.34538363462816,63,"TUBB3;TUBA1C;SFN;TUBA1B;TUBB4A;TUBA1A;ACTB;TUBB4B;VAMP2;RAB8A","wald_stat",FALSE
"REACTOME_NRIF_SIGNALS_CELL_DEATH_FROM_THE_NUCLEUS",0.0967741935483871,0.280311565628115,0.204294756516886,0.531449871856344,1.42515470180411,15,"RPS27A;SQSTM1;TRAF6;PSENEN;MAPK8","wald_stat",FALSE
"REACTOME_RESPONSE_TO_ELEVATED_PLATELET_CYTOSOLIC_CA2",0.0972762645914397,0.280311565628115,0.199915231309662,-0.329443994947704,-1.27620882888152,95,"FN1;A2M;LGALS3BP;PCDH7;SPARC;CD63;CFL1;PFN1;APLP2;CLU;PPIA;LAMP2;PRKCB;SERPING1;CHID1;PSAP;TMSB4X;VEGFC;PCYOX1L;VEGFB;ACTN4;ECM1;MANF;HSPA5","wald_stat",FALSE
"REACTOME_GENE_AND_PROTEIN_EXPRESSION_BY_JAK_STAT_SIGNALING_AFTER_INTERLEUKIN_12_STIMULATION",0.0977596741344195,0.280311565628115,0.204294756516886,0.40469742094528,1.33176043315773,33,"MSN;TCP1;SOD2;LCP1;RPLP0;RALA;RAP1B","wald_stat",FALSE
"REACTOME_SYNTHESIS_OF_ACTIVE_UBIQUITIN_ROLES_OF_E1_AND_E2_ENZYMES",0.0978043912175649,0.280311565628115,0.20207170902116,0.417586563850646,1.34326427547654,30,"RPS27A;USP7;UBE2Q2;UBA6;UBE2L3;UBE2H;USP9X;UBE2W","wald_stat",FALSE
"REACTOME_CYCLIN_A_B1_B2_ASSOCIATED_EVENTS_DURING_G2_M_TRANSITION",0.0984251968503937,0.280311565628115,0.199915231309662,-0.426327183597961,-1.36144427073795,32,"PLK1;CDC25B;CCNB1;PPME1;PPP2R1A;SGO1;TICRR;FZR1;CDC25C","wald_stat",FALSE
"REACTOME_MET_PROMOTES_CELL_MOTILITY",0.0985915492957746,0.280311565628115,0.20207170902116,0.396556132924422,1.33688997442012,36,"CRKL;COL5A2;PTK2;MET;ITGA3;LAMB1;ITGA2;LAMC3;RAP1B;GRB2;LAMA4;COL1A1;RAP1A;COL11A2","wald_stat",FALSE
"REACTOME_REGULATION_OF_HOMOTYPIC_CELL_CELL_ADHESION",0.0987124463519313,0.280311565628115,0.208955027549354,0.277097628485312,1.21310182857389,168,"CTSB;MAPK1;RPS27A;ANGPTL4;JUP;FURIN;SNAI2;H3C4;EPS15;CTBP2;ACTG1;PRDM8;AGO4;STRAP;TNRC6A;H2BC5;KLF9;H2BC8;H2BC21;CBLL1;CSNK2A1;H2AC19;RACK1;FOXQ1;H2BC4;AGO1;CANX;PSMD7;DAD1;AGO2;OSTC;PSMD14;AGO3;TWIST1;ZEB1;MYC;CDH24","wald_stat",FALSE
"REACTOME_PROTEIN_UBIQUITINATION",0.0987654320987654,0.280311565628115,0.204294756516886,0.330871613004099,1.27145112264195,71,"RPS27A;USP7;UBE2Q2;UBA6;CDC73;UBE2L3;SHPRH;H2BC5;UBE2H;UBE2D3;H2BC8;DERL1;H2BC4;RAD18;HLTF;USP9X;UBE2W;RNF40;BCL10;RNF144A","wald_stat",FALSE
"REACTOME_NUCLEAR_EVENTS_MEDIATED_BY_NFE2L2",0.100204498977505,0.280311565628115,0.20207170902116,0.326748433743467,1.2816866191871,82,"SLC7A11;PRDX1;RPS27A;TXNRD1;EGF;GSK3B;SQSTM1;SRXN1;GCLC;ABCF2;BACH1;CHD6;IDH1;MAFK;RELA;PSMD7;PSMD14;MYC;SKP1","wald_stat",FALSE
"REACTOME_TRANSLESION_SYNTHESIS_BY_POLH",0.100208768267223,0.280311565628115,0.204294756516886,0.481485728561511,1.37544501131789,19,"RPS27A;RPA1;UFD1;RFC1","wald_stat",FALSE
"REACTOME_TRANSCRIPTION_COUPLED_NUCLEOTIDE_EXCISION_REPAIR_TC_NER",0.100409836065574,0.280311565628115,0.20207170902116,0.327121672439442,1.27421081087183,76,"RPS27A;CUL4A;USP7;POLR2A;RPA1;POLK;COPS4;TCEA1;RFC1;GTF2H2;POLD3;ERCC8;ERCC6;COPS2","wald_stat",FALSE
"REACTOME_EXPRESSION_OF_BMAL_ARNTL_CLOCK_AND_NPAS2",0.100591715976331,0.280311565628115,0.197822021315103,0.395735909177838,1.33076318264315,35,"NR1D1;PPARA;NRIP1;TBL1X;RORB;NCOA1;RAI1;NCOA2;MED1;PPARGC1A;NCOA6;CRTC2;RXRA","wald_stat",FALSE
"REACTOME_INTRINSIC_PATHWAY_FOR_APOPTOSIS",0.10082304526749,0.280311565628115,0.20207170902116,0.349598294238276,1.26757363293081,53,"MAPK1;AKT3;PPP3CC;CARD8;E2F1;YWHAZ;UACA;BID;BCL2L11;BMF;TFDP1;MAPK8","wald_stat",FALSE
"REACTOME_FORMATION_OF_THE_CORNIFIED_ENVELOPE",0.101190476190476,0.280311565628115,0.197822021315103,0.399329807553711,1.33085773723529,34,"KRT16;KRT15;CAPN1;JUP;FURIN;DSG2;TGM5;DSC2;PKP1;KRT9;KRT7;KRT81;KRT14;SPINK5;PKP4;DSP;KRT17","wald_stat",FALSE
"REACTOME_KERATINIZATION",0.101190476190476,0.280311565628115,0.197822021315103,0.399329807553711,1.33085773723529,34,"KRT16;KRT15;CAPN1;JUP;FURIN;DSG2;TGM5;DSC2;PKP1;KRT9;KRT7;KRT81;KRT14;SPINK5;PKP4;DSP;KRT17","wald_stat",FALSE
"REACTOME_EPHRIN_SIGNALING",0.101239669421488,0.280311565628115,0.20207170902116,0.501144139414346,1.39716356630454,17,"PAK1;PAK3;SDCBP;GIT1","wald_stat",FALSE
"REACTOME_SYNTHESIS_OF_IP3_AND_IP4_IN_THE_CYTOSOL",0.101239669421488,0.280311565628115,0.20207170902116,0.470737978084461,1.38907036477515,21,"PLCE1;ITPKB;OCRL;CALM1;PTEN;PLCB3","wald_stat",FALSE
"REACTOME_DENGUE_VIRUS_INFECTION",0.101503759398496,0.280311565628115,0.191892240384838,-0.254558513016488,-1.18292082970192,341,"SDC3;CALR;KPNA2;GPC1;HSPG2;AP2M1;AGRN;UBA7;DDX5;PML;CLU;EIF4A1;SRSF6;IFIH1;KPNB1;PTBP1;SRSF5;SRRM2;POLR2I;SRSF3;PEX19;STING1;POLR2L;AP2S1;RBM17;BUD31;CTNNB1;TMEM258;SRSF2;H3C6;BCAS2;SRSF9;UBA5;HNRNPL;POLR2F;MLST8;UBB;HSP90AB1;C4A;DPM2;U2AF2;HNRNPA0;SRRT;RBM5;HNRNPA3;HNRNPC;NCL;ACOT2;PIK3R4;SDC2;DNAJC8;RBM10;TSG101;EIF4G1;VCP;HNRNPUL1;STAT2;PRR5;HSPA5;GBF1;HNRNPA2B1;RPN2;FUS;NFKBIB;SNRPD3;ATL2;PABPN1;PUF60;GTF2F1;OST4;CAMK2B;RNASEK;H2AC11;SNRNP40;GPC5;DDOST;CPSF1;PCBP1;PDIA3;SKIC8","wald_stat",FALSE
"REACTOME_MAPK6_MAPK4_SIGNALING",0.101659751037344,0.280311565628115,0.20207170902116,0.328709200118989,1.27153726660956,74,"RPS27A;PAK1;PAK3;MMP10;FOXO3;XPO1;AGO4;TNRC6A;MMP2;MAPK6;CDC14B;AGO1;PSMD7;AGO2;SEPTIN7;PSMD14;AGO3;MYC;NCOA3;IGF2BP1;PRKACB","wald_stat",FALSE
"REACTOME_NEUROTRANSMITTER_RELEASE_CYCLE",0.10183299389002,0.280311565628115,0.199915231309662,0.402208628814312,1.32357042572295,33,"SLC1A3;HSPA8;RIMS1;LIN7A","wald_stat",FALSE
"REACTOME_REPRODUCTION",0.10183299389002,0.280311565628115,0.199915231309662,0.313557024199125,1.25584922113399,91,"CD9;SMC3;RPA1;CXCR4;H3C4;SMC1A;STAG2;H2BC5;H2BC8;NBN;H2BC21;OVGP1;MLH3;H2AC19;SUN2;PSMC3IP;H2BC4;POT1","wald_stat",FALSE
"REACTOME_SIGNAL_TRANSDUCTION_BY_L1",0.103305785123967,0.283418066836134,0.199915231309662,0.472095644528204,1.3669049854426,20,"MAPK1;PAK1;EGFR;ITGA5;NCAM1;CSNK2A1","wald_stat",FALSE
"REACTOME_TP53_REGULATES_TRANSCRIPTION_OF_GENES_INVOLVED_IN_G2_CELL_CYCLE_ARREST",0.103718199608611,0.283418066836134,0.193813302725311,-0.494881356637255,-1.38717455584071,18,"SFN;CCNB1;TP53;AURKA;PRMT1;CDC25C;BAX","wald_stat",FALSE
"REACTOME_TRANSCRIPTIONAL_REGULATION_BY_TP53",0.103813559322034,0.283418066836134,0.20207170902116,0.241345657099602,1.14555551333193,343,"IGFBP3;NDRG1;PRDX1;RPS27A;TNFRSF10D;TNFRSF10A;TXNRD1;FANCI;AKT3;USP7;POLR2A;PHF20;JMY;RPA1;E2F1;YWHAZ;PIP4K2B;MAPK14;ZNF385A;TCEA1;BID;PRKAG2;TAF5;CNOT1;MDM4;TAF10;CDK12;CCNK;AGO4;RRM2B;TNRC6A;GTF2H2;E2F7;GATAD2A;SGK1;NBN;CSNK2A1;HIPK2;CDKN1B;RICTOR;RBL1;CNOT2;BARD1;DYRK2;CHD3;CCNT2;GPI;PTEN;PPP2CA;RAD17;TFDP1;AGO1;SSRP1;RRAGD","wald_stat",FALSE
"REACTOME_ANTI_INFLAMMATORY_RESPONSE_FAVOURING_LEISHMANIA_PARASITE_INFECTION",0.104294478527607,0.283418066836134,0.197822021315103,0.352179320717921,1.28314451645827,54,"YES1;GNG2;ITPR3;FURIN;ADCY3;GNG11;GNB1;MAPK14;CALM1;GNG12;AHCYL1;ADCY9;GNB5;ITPR2;PRKAR2A","wald_stat",FALSE
"REACTOME_PLASMA_LIPOPROTEIN_ASSEMBLY_REMODELING_AND_CLEARANCE",0.104330708661417,0.283418066836134,0.193813302725311,-0.377546541251723,-1.31502633340034,51,"A2M;LSR;LMF2;AP2M1;SCARB1;APOE;PCSK5;AP2S1;NPC2;LIPA;UBB;CUBN;NR1H3;CES3;PRKACA","wald_stat",FALSE
"REACTOME_THE_ROLE_OF_NEF_IN_HIV_1_REPLICATION_AND_DISEASE_PATHOGENESIS",0.106741573033708,0.289208188716983,0.186432558434075,-0.458899662193643,-1.37542568009987,22,"HLA-A;AP2M1;AP1S3;AP2S1;AP1B1;B2M;ATP6V1H;ELMO1;DOCK2","wald_stat",FALSE
"REACTOME_TCR_SIGNALING",0.107660455486542,0.290274278651899,0.195789002148949,0.326725335924822,1.27218617920174,79,"RPS27A;PAK1;PAK3;FBXW11;PTPRJ;RIPK2;PAG1;TRAF6;MALT1;PTEN;ENAH;RELA;PSMD7;PSMD14;MAP3K7;SKP1;VASP;BCL10","wald_stat",FALSE
"REACTOME_TRAF6_MEDIATED_NF_KB_ACTIVATION",0.107899807321773,0.290274278651899,0.188204146308491,-0.445091712489903,-1.34365560963451,23,"HMGB1;RIGI;IFIH1;S100B;AGER;NFKBIB;TRAF2;NKIRAS2","wald_stat",FALSE
"REACTOME_FBXL7_DOWN_REGULATES_AURKA_DURING_MITOTIC_ENTRY_AND_IN_EARLY_MITOSIS",0.108,0.290274278651899,0.191892240384838,-0.386577185597834,-1.30203489149553,42,"PSMB4;PSMC3;AURKA;UBB;PSMD8;PSMB7;PSMA5;PSMB3;PSMA6;PSMD6;PSMA2;PSMD13;RBX1;PSMA7;ADRM1;PSMB1;UBA52;PSMC5;PSMD1;PSMA1;PSMA3","wald_stat",FALSE
"REACTOME_NEURONAL_SYSTEM",0.108256880733945,0.290274278651899,0.183023938384487,-0.265832631248512,-1.20141031690145,259,"NEFL;SLITRK2;KPNA2;GRIK2;TUBB3;TUBA1C;KCNA2;TUBA1B;AP2M1;TUBB4A;SLITRK4;TUBA1A;GNG7;SYN3;DLG1;NCALD;KCNMB2;CACNA1E;TUBB4B;FLOT2;GNAI2;RPS6KA6;KCNH2;LRRTM2;VAMP2;EPB41L3;SLC38A1;AP2S1;PRKCB;MDM2;CACNG4;SLC38A2;KCNN1;GNB4","wald_stat",FALSE
"REACTOME_TOLL_LIKE_RECEPTOR_CASCADES",0.109014675052411,0.290730337078652,0.195789002148949,0.276982744149069,1.18822115924842,145,"CTSB;MAPK1;RPS27A;FBXW11;MEF2A;IRAK1;PTPN11;DUSP7;RIPK2;TLR6;MAPK14;MAPK9;RPS6KA1;NLRC5;PPP2R5D;UBE2D3;TRAF6;BIRC2;PPP2CA;MAPK8;SLC15A4;RELA;TNIP2;OPTN;ECSIT;MAP2K6;PTPN4;N4BP1;MAP3K7;SKP1;CTSL;SOCS1;LY96;PIK3C3;MAP2K4;PELI2;RPS6KA2;MAP2K1;ALPK1;TLR1;BTRC;CREB1","wald_stat",FALSE
"REACTOME_RHOV_GTPASE_CYCLE",0.109126984126984,0.290730337078652,0.190023305279108,0.385859242629746,1.31331751195937,37,"PAK1;GIT1;PAK6;SPTBN1;IQGAP1;CLTC;SH3RF1;EPHA2;PEAK1;ARHGEF7;USP9X","wald_stat",FALSE
"REACTOME_RESPIRATORY_SYNCYTIAL_VIRUS_RSV_ATTACHMENT_AND_ENTRY",0.11003861003861,0.290730337078652,0.186432558434075,-0.474548169093644,-1.37386455443277,20,"SDC3;GPC1;HSPG2;AGRN","wald_stat",FALSE
"REACTOME_BACTERIAL_INFECTION_PATHWAYS",0.11018711018711,0.290730337078652,0.193813302725311,0.312286171439154,1.24222432962126,90,"MAPK1;HSP90AA1;RPS27A;CD9;TXNRD1;CBL;COL5A2;FURIN;EPS15;ANTXR2;MET;LAMB1;RAB5A;LAMC3;GRB2;LAMA4;HBEGF;CALM1;CBLL1;KPNA1","wald_stat",FALSE
"REACTOME_SUMOYLATION_OF_DNA_DAMAGE_RESPONSE_AND_REPAIR_PROTEINS",0.11018711018711,0.290730337078652,0.193813302725311,0.323606292480733,1.25300342714803,75,"NUP58;SMC3;RPA1;NUP50;SMC1A;STAG2;PHC3;SP100;NUP133;RNF168;PHC1;HDAC7;POM121C;RAD52;SMC5;SEC13;NDC1;NUP188;NUP155;NUP43;NSMCE1;NUP160;NUP153;SMC6","wald_stat",FALSE
"REACTOME_MOLECULES_ASSOCIATED_WITH_ELASTIC_FIBRES",0.110416666666667,0.290730337078652,0.193813302725311,0.445008326589348,1.38343190669117,26,"FBN2;MFAP5;BMP2;ITGB5;TGFB1;FBN1;TGFB2;ITGB8;LTBP2","wald_stat",FALSE
"REACTOME_NOTCH1_INTRACELLULAR_DOMAIN_REGULATES_TRANSCRIPTION",0.110441767068273,0.290730337078652,0.190023305279108,0.3575021155852,1.27163368049256,45,"RPS27A;HDAC5;TBL1X;HES1;HDAC9;HDAC11;NBEA;SNW1;HDAC7;MYC;SKP1","wald_stat",FALSE
"REACTOME_TRANSPORT_TO_THE_GOLGI_AND_SUBSEQUENT_MODIFICATION",0.111320754716981,0.290730337078652,0.183023938384487,-0.289394472824631,-1.22616264724444,161,"CTSC;TUBB3;TUBA1C;TUBA1B;DYNC1I1;TUBB4A;TUBA1A;MGAT4A;DYNLL1;TUBB4B;B4GALT5;SEC22B;SEC16A;ANK1;LMAN2;TMED10;SPTBN5;RAB1B;ARF3;SPTAN1;COPE;TRAPPC2;COG2;NAPA;COG3;MAN1C1;CNIH3;TUBB2A;TRAPPC4;ARFGAP2;TMEM115;CSNK1D;GBF1","wald_stat",FALSE
"REACTOME_COLLAGEN_DEGRADATION",0.111553784860558,0.290730337078652,0.188204146308491,0.371876389586426,1.29839684735248,42,"CTSB;COL6A2;COL6A1;MMP1;COL5A2;FURIN;MMP10;ADAM10;MMP2;COL1A1;COL8A1","wald_stat",FALSE
"REACTOME_SIGNALING_BY_BMP",0.111801242236025,0.290730337078652,0.191892240384838,0.451888463172901,1.35773983303048,23,"BMP2;SMAD5;SMURF2;BMPR2;UBE2D3;ACVR2B","wald_stat",FALSE
"REACTOME_GPCR_LIGAND_BINDING",0.111954459203036,0.290730337078652,0.183023938384487,-0.291448308990721,-1.23208858129463,157,"OPRD1;CHRM3;CALCRL;CMKLR1;LTB4R;PLPPR5;GNG7;AGTR1;APLNR;CX3CL1;CXCL12;FZD1;C3;FZD8;DRD2;PTGFR;NPY4R;FZD7;CXCL16;ADM2;GNB4;LTB4R2;OXTR;PSAP;FZD2;GPER1;GABBR2","wald_stat",FALSE
"REACTOME_NEF_MEDIATES_DOWN_MODULATION_OF_CELL_SURFACE_RECEPTORS_BY_RECRUITING_THEM_TO_CLATHRIN_ADAPTERS",0.111969111969112,0.290730337078652,0.184706471207739,-0.502465441713549,-1.39632912700427,17,"HLA-A;AP2M1;AP1S3;AP2S1;AP1B1;B2M;ATP6V1H","wald_stat",FALSE
"REACTOME_ASPARAGINE_N_LINKED_GLYCOSYLATION",0.11214953271028,0.290730337078652,0.181383128498408,-0.261637355361945,-1.19049570630591,277,"CTSC;CALR;TUBB3;TUBA1C;ST8SIA5;TUBA1B;DYNC1I1;TUBB4A;TUBA1A;MGAT4A;DYNLL1;TUBB4B;MAN1B1;B4GALT5;SEC22B;GANAB;SEC16A;GMDS;ANK1;LMAN2;TMEM258;TMED10;SPTBN5;OS9;RAB1B;ST3GAL2;ARF3;SPTAN1;PRKCSH;COPE;MPDU1;ST8SIA1;TRAPPC2;COG2;CTSA;NAPA;UBB;DPM2;COG3;MAN1C1;CNIH3;TUBB2A;NPL;TRAPPC4;ARFGAP2;TMEM115;VCP;HK1;CSNK1D;GBF1;DOLK;DERL2;RPN2;DOLPP1;AMDHD2;DCTN6;GOLGA2;ST8SIA2;ALG6;ST6GALNAC4;OST4;NUDT14;ANK2;DDOST;ST6GALNAC6;PDIA3;UGGT2;PPP6C;SERPINA1;KDELR2;ALG11","wald_stat",FALSE
"REACTOME_ORGANELLE_BIOGENESIS_AND_MAINTENANCE",0.112359550561798,0.290730337078652,0.181383128498408,-0.262381289998511,-1.1935917603387,279,"TUBB3;TUBA1C;TUBA1B;TUBB;HELZ2;PLK1;TUBB4A;TUBA1A;ATP5MF;CYCS;TFAM;CEP192;DYNLL1;TUBB4B;ATP5PB;CHD9;PPARGC1B;CLASP1;DYNLT2B;RAB8A;ATP5MC1;DYNC2I1;MAPK12;ATP5MK;ATP5F1A;ATP5MC3;ATP5F1D;PPP2R1A;B9D1;TTC8;CRTC1;ATP5F1E;IFT122;TRAF3IP1;SEPTIN2;TRIP11;ATP5PD;ATP5F1B;TUBB2A;CEP43;DMAC2L;BBS2;TWNK;CSNK1D;GBF1;PRKACA;PKD2;CREBBP;SAMM50;NPHP4;ALMS1;CEP70;HAUS5;HSPA9;IMMT;MAPK11;AHI1;TTC21B","wald_stat",FALSE
"REACTOME_MET_ACTIVATES_PTK2_SIGNALING",0.113026819923372,0.291178038379531,0.183023938384487,-0.435238713687251,-1.33704638929492,26,"FN1;LAMB2;ITGB1;COL5A3;LAMC1;COL11A1;COL5A1;LAMA1","wald_stat",FALSE
"REACTOME_DISEASES_ASSOCIATED_WITH_GLYCOSAMINOGLYCAN_METABOLISM",0.113095238095238,0.291178038379531,0.186432558434075,-0.420528709064044,-1.32812207398876,31,"SDC3;GPC1;HSPG2;AGRN;BGN;CHSY1","wald_stat",FALSE
"REACTOME_HOST_INTERACTIONS_OF_HIV_FACTORS",0.114446529080675,0.293742017879949,0.179782316298324,-0.311375444911921,-1.25000693482192,112,"NUP210;HLA-A;AP2M1;PPIA;AP1S3;KPNB1;SLC25A6;SLC25A5;AP2S1;PSMB4;RCC1;PSMC3;TPR;UBB;PSMD8;PSMB7;BANF1;AAAS;PSMA5;AP1B1;B2M;ATP6V1H;PSMB3;PSMA6;ELMO1;APOBEC3G;NUP93;ELOC;PSMD6;POM121;DOCK2;PSMA2;NUP85;RAE1;PSMD13;RBX1;AP2A2;NPM1;RANBP2;ELOB;PSMA7;ADRM1;PSMB1;UBA52;RAN;PSMC5;PSMD1;PSMA1;PSMA3","wald_stat",FALSE
"REACTOME_REGULATION_OF_TP53_EXPRESSION_AND_DEGRADATION",0.114688128772636,0.293742017879949,0.186432558434075,0.385872295057458,1.30087208301256,36,"RPS27A;AKT3;USP7;PHF20;MDM4;SGK1;RICTOR;PPP2CA","wald_stat",FALSE
"REACTOME_SYNDECAN_INTERACTIONS",0.114942528735632,0.293742017879949,0.181383128498408,-0.430297667421548,-1.32538664177016,25,"TNC;FN1;SDC3;ITGB1;COL5A3;ITGAV","wald_stat",FALSE
"REACTOME_MITOPHAGY",0.116141732283465,0.294408972463923,0.183023938384487,0.376296244139116,1.29312995377928,38,"RPS27A;SQSTM1;UBE2L3;UBE2D3;TOMM20;CSNK2A1;ATG9A;OPTN;PGAM5;MAP1LC3A;SRC;MAP1LC3B;VDAC1;TBK1;ATG5;ULK1","wald_stat",FALSE
"REACTOME_AMYLOID_FIBER_FORMATION",0.116182572614108,0.294408972463923,0.188204146308491,0.342419074910901,1.26413086180382,58,"CALB1;RPS27A;FURIN;H3C4;GGA2;ADAM10;ITM2B;H2BC5;H2BC8;H2BC21;H2AC19;PSENEN;H2BC4;USP9X","wald_stat",FALSE
"REACTOME_ACTIVATED_PKN1_STIMULATES_TRANSCRIPTION_OF_AR_ANDROGEN_RECEPTOR_REGULATED_GENES_KLK2_AND_KLK3",0.11623246492986,0.294408972463923,0.184706471207739,0.411630160572849,1.31948934914019,29,"H3C4;AR;PKN1;H2BC5;H2BC8;H2BC21;H2AC19;NCOA2;H2BC4","wald_stat",FALSE
"REACTOME_BASE_EXCISION_REPAIR_AP_SITE_FORMATION",0.116700201207243,0.294408972463923,0.184706471207739,0.383934115305458,1.29433799397965,36,"SMUG1;H2BC5;H2BC8;H2BC21;H2AC19;H2BC4;POT1;ACD;TINF2;H2BC15;NEIL2;H2BC6;H4C14;H2AC18","wald_stat",FALSE
"REACTOME_DEVELOPMENTAL_CELL_LINEAGES_OF_THE_EXOCRINE_PANCREAS",0.116803278688525,0.294408972463923,0.186432558434075,0.35593195598309,1.25947725976764,46,"TFPI2;ANXA1;COL5A2;EGF;CXCR4;LAMB1;LAMC3;LAMA4;ANXA3;COL1A1;FGF2;BHLHA15;AQP1;GATA4;COL11A2;PROM1","wald_stat",FALSE
"REACTOME_RUNX2_REGULATES_OSTEOBLAST_DIFFERENTIATION",0.116910229645094,0.294408972463923,0.188204146308491,0.46394586072713,1.32533942712114,19,"YES1;MAPK1;HES1;AR;COL1A1","wald_stat",FALSE
"REACTOME_CREB1_PHOSPHORYLATION_THROUGH_NMDA_RECEPTOR_MEDIATED_ACTIVATION_OF_RAS_SIGNALING",0.119460500963391,0.300005997121382,0.178219874951973,-0.439455969267298,-1.32664226657955,23,"NEFL;DLG1;RPS6KA6","wald_stat",FALSE
"REACTOME_OPIOID_SIGNALLING",0.120331950207469,0.300005997121382,0.184706471207739,0.323262268753067,1.2504670433912,74,"MAPK1;GNG2;ITPR3;PPP3CC;ADCY3;GNG11;CAMK2G;GNB1;CAMKK2;PRKCA;PPP2R5D;CALM1;NBEA;GNG12;AHCYL1;ADCY9;PPP2CA;PLCB3;GNB5;ITPR2","wald_stat",FALSE
"REACTOME_SIGNALING_BY_ERBB2_ECD_MUTANTS",0.120408163265306,0.300005997121382,0.183023938384487,0.500145704382956,1.36843090474595,16,"HSP90AA1;EGF;EGFR;GRB2;SOS1;ERBIN","wald_stat",FALSE
"REACTOME_SLC_MEDIATED_TRANSPORT_OF_ORGANIC_ANIONS",0.120408163265306,0.300005997121382,0.183023938384487,0.500337913849392,1.36895680224292,16,"SLC25A1;SLC16A3;SLCO1B3;SLC17A5;SLC44A1;SLC16A1;SLC16A2","wald_stat",FALSE
"REACTOME_FC_EPSILON_RECEPTOR_FCERI_SIGNALING",0.120582120582121,0.300005997121382,0.184706471207739,0.295254986201282,1.21132305714107,107,"MAPK1;RPS27A;PAK1;ITPR3;FBXW11;NFATC1;MAPK9;GRB2;TRAF6;CALM1;GAB2;MALT1;AHCYL1;MAPK8;RELA;PSMD7;SOS1;PSMD14;ITPR2;MAP3K7;SKP1;BCL10;MAP2K4","wald_stat",FALSE
"REACTOME_S_PHASE",0.121794871794872,0.30229662423907,0.186432558434075,0.274665226786177,1.17992978147552,150,"RPS27A;CCND1;AKT3;SMC3;GSK3B;RPA1;WAPL;MCM4;E2F1;SMC1A;MCM6;STAG2;CDC45;PDS5A;RFC1;MCM3;ANAPC1;POLD3;CABLES1;CDKN1B;ANAPC4;TFDP1;PSMD7;CCNE2;PSMD14;MYC;ANAPC11;SKP1","wald_stat",FALSE
"REACTOME_SIGNALING_BY_NOTCH1",0.122661122661123,0.30371833003412,0.183023938384487,0.325468527314559,1.23742157357039,69,"JAG1;RPS27A;HDAC5;MIB1;TBL1X;HES1;ADAM10;HDAC9;ITCH;HDAC11;NBEA;SNW1;HDAC7;PSENEN;MYC;NUMB;SKP1","wald_stat",FALSE
"REACTOME_TRANSCRIPTIONAL_REGULATION_BY_E2F6",0.123015873015873,0.303869757927037,0.178219874951973,0.390215426915765,1.30048198325282,34,"E2F1;PHC3;RRM2;PHC1;TFDP1;RBBP7;APAF1;RAD51;CBX5;E2F6","wald_stat",FALSE
"REACTOME_HEDGEHOG_ON_STATE",0.123456790123457,0.304232804232804,0.181383128498408,0.318161731764273,1.22261044808453,71,"RPS27A;EVC;SMURF2;CDC73;SUFU;GLI2;KIF7;SMO;EVC2;GPR161;ITCH;PTCH1;PSMD7;PSMD14;HHIP;NUMB;CSNK1A1;CUL3;CDON","wald_stat",FALSE
"REACTOME_INTERLEUKIN_6_FAMILY_SIGNALING",0.12396694214876,0.304764335211323,0.181383128498408,0.456778909772495,1.32255693576041,20,"LIFR;IL11;CBL;PTPN11;OSMR","wald_stat",FALSE
"REACTOME_RHOQ_GTPASE_CYCLE",0.125256673511294,0.307031955968126,0.179782316298324,0.340693168426458,1.25806732022577,57,"CAV1;PAK1;TRIP10;CDC42BPA;JUP;GIT1;CDC42EP4;IQGAP1;DIAPH3","wald_stat",FALSE
"REACTOME_BRANCHED_CHAIN_AMINO_ACID_CATABOLISM",0.125482625482625,0.307031955968126,0.173747838999571,-0.452430784075394,-1.32557449431294,21,"MCCC2;BCAT2;BCKDK;ACAD8;MCCC1;DLD;ALDH6A1;SLC25A44;AUH;BCKDHA","wald_stat",FALSE
"REACTOME_RECOGNITION_AND_ASSOCIATION_OF_DNA_GLYCOSYLASE_WITH_SITE_CONTAINING_AN_AFFECTED_PURINE",0.12625250501002,0.308187128974931,0.176694268938498,0.405732583045039,1.30058453729928,29,"H2BC5;H2BC8;H2BC21;H2AC19;H2BC4;POT1;ACD;TINF2;H2BC15;H2BC6;H4C14;H2AC18","wald_stat",FALSE
"REACTOME_HH_MUTANTS_ABROGATE_LIGAND_SECRETION",0.126984126984127,0.309243697478992,0.175204047558551,-0.374472930372334,-1.28176591907176,45,"OS9;PSMB4;PSMC3;UBB;PSMD8;PSMB7;VCP;PSMA5;DERL2;PSMB3;PSMA6;PSMD6;PSMA2;PSMD13;PSMA7;ADRM1;PSMB1;UBA52;PSMC5;PSMD1;PSMA1;PSMA3","wald_stat",FALSE
"REACTOME_HEDGEHOG_LIGAND_BIOGENESIS",0.127952755905512,0.310871132305645,0.173747838999571,-0.364095729677339,-1.26817602623747,51,"OS9;PSMB4;PSMC3;UBB;PSMD8;PSMB7;VCP;PSMA5;DERL2;PSMB3;PSMA6;PSMD6;GPC5;PSMA2;PSMD13;P4HB;PSMA7;ADRM1;PSMB1;UBA52;PSMC5;PSMD1;PSMA1;PSMA3","wald_stat",FALSE
"REACTOME_SIGNALING_BY_TGFBR3",0.128256513026052,0.31087936998118,0.175204047558551,0.364217326014491,1.25742887409527,40,"TGFB1;AGO4;TNRC6A;TGFB2;FGF2;PSENEN;SMAD3;AGO1;AGO2;SMAD4;AGO3;HELLS;RARA;RXRA","wald_stat",FALSE
"REACTOME_PHOSPHORYLATION_OF_THE_APC_C",0.129343629343629,0.312781907408076,0.170932335370056,-0.460485763826365,-1.33315248049583,20,"UBE2C;PLK1;CCNB1;CDC27","wald_stat",FALSE
"REACTOME_CHAPERONE_MEDIATED_AUTOPHAGY",0.130165289256198,0.313729874776386,0.176694268938498,0.477875786151883,1.3322926182691,17,"HSP90AA1;RPS27A;HSPA8","wald_stat",FALSE
"REACTOME_BBSOME_MEDIATED_CARGO_TARGETING_TO_CILIUM",0.13034188034188,0.313729874776386,0.179782316298324,0.450367073705664,1.32690555900465,22,"TCP1;CCT4;BBS7;SMO","wald_stat",FALSE
"REACTOME_GLUCAGON_LIKE_PEPTIDE_1_GLP1_REGULATES_INSULIN_SECRETION",0.131578947368421,0.315972646232751,0.173747838999571,0.393407288726658,1.28439119915354,32,"GNG2;ITPR3;GNG11;GNB1;IQGAP1;GNG12;RAP1A;GNB5;ITPR2;PRKAR2A;AKAP5;PRKACB","wald_stat",FALSE
"REACTOME_TRANS_GOLGI_NETWORK_VESICLE_BUDDING",0.131914893617021,0.31604609929078,0.178219874951973,0.324255179087467,1.22307830084962,68,"TPD52L1;HSPA8;FTL;AP1S2;CPD;PICALM;SNX9;CLTC;CLTB;AP1M1;OCRL;NECAP1","wald_stat",FALSE
"REACTOME_SIGNALING_BY_NOTCH2",0.132382892057026,0.316434857457327,0.173747838999571,0.385890907300242,1.26987278707489,33,"JAG1;RPS27A;NOTCH2;MIB1;HES1;ADAM10","wald_stat",FALSE
"REACTOME_BINDING_AND_UPTAKE_OF_LIGANDS_BY_SCAVENGER_RECEPTORS",0.132947976878613,0.316581833823213,0.16823816568964,-0.43172836249607,-1.30331394593047,23,"CALR;SPARC;SCARB1;HMGB1;APOE;APOL1","wald_stat",FALSE
"REACTOME_GENE_SILENCING_BY_RNA",0.133056133056133,0.316581833823213,0.175204047558551,0.335424444002473,1.25429153472554,61,"HSP90AA1;POLR2A;H3C4;ANG;AGO4;TNRC6A;H2BC5;H2BC8;H2BC21;H2AC19;H2BC4;AGO1;AGO2;AGO3","wald_stat",FALSE
"REACTOME_MYD88_INDEPENDENT_TLR4_CASCADE",0.134969325153374,0.318140339080736,0.172324344900946,0.292876779341133,1.19872011592616,105,"MAPK1;RPS27A;FBXW11;MEF2A;IRAK1;PTPN11;DUSP7;RIPK2;MAPK14;MAPK9;RPS6KA1;NLRC5;PPP2R5D;UBE2D3;TRAF6;BIRC2;PPP2CA;MAPK8;RELA;TNIP2;OPTN;MAP2K6;N4BP1;MAP3K7;SKP1;LY96;MAP2K4;RPS6KA2;MAP2K1;ALPK1;BTRC;CREB1","wald_stat",FALSE
"REACTOME_SYNTHESIS_OF_GLYCOSYLPHOSPHATIDYLINOSITOL_GPI",0.135029354207436,0.318140339080736,0.16823816568964,-0.46888227407249,-1.3142979656735,18,"PIGB;PIGZ;DPM2;PIGL;PIGQ;PIGF","wald_stat",FALSE
"REACTOME_NCAM1_INTERACTIONS",0.135523613963039,0.318140339080736,0.172324344900946,0.41833343490578,1.3088623026848,27,"COL6A2;ST8SIA4;COL6A1;PRNP;GFRA1;COL5A2","wald_stat",FALSE
"REACTOME_ACTIVATION_OF_BH3_ONLY_PROTEINS",0.135728542914172,0.318140339080736,0.169570644405628,0.403600528692352,1.29827494150358,30,"AKT3;PPP3CC;E2F1;YWHAZ;BID;BCL2L11;BMF;TFDP1;MAPK8","wald_stat",FALSE
"REACTOME_IRS_MEDIATED_SIGNALLING",0.135728542914172,0.318140339080736,0.169570644405628,0.403227654622578,1.29707550536138,30,"PTPN11;FGF1;FGFR2;IRS1;GRB2;GAB2;FGF2;SOS1;PIK3C3;FGF5","wald_stat",FALSE
"REACTOME_MITOCHONDRIAL_FATTY_ACID_BETA_OXIDATION",0.135826771653543,0.318140339080736,0.16823816568964,-0.399712289900239,-1.27645157983032,32,"DBI;ACADVL;ECI1;HADHB;ACOT2;MCAT;MMAA;ACOT7;PCCA;ECHS1;ACAA2;ACOT11;ACBD7;ACADL","wald_stat",FALSE
"REACTOME_SCF_BETA_TRCP_MEDIATED_DEGRADATION_OF_EMI1",0.136,0.318140339080736,0.169570644405628,-0.374804521197665,-1.26238325041076,42,"PSMB4;PSMC3;UBB;PSMD8;PSMB7;FBXO5;FZR1;PSMA5;PSMB3;PSMA6;PSMD6;PSMA2;PSMD13;PSMA7;ADRM1;PSMB1;UBA52;PSMC5;PSMD1;PSMA1;PSMA3","wald_stat",FALSE
"REACTOME_EPIGENETIC_REGULATION_BY_WDR5_CONTAINING_HISTONE_MODIFYING_COMPLEXES",0.136170212765957,0.318140339080736,0.175204047558551,0.283457744316946,1.19340722524185,123,"MGLL;ANGPTL4;PHF20;MED14;H3C4;TBL1X;PSIP1;KDM6A;MED13;NCOA1;H2BC5;H2BC8;H2BC21;CXXC1;H2AC19;KAT14;ACSL1;TADA2A;NCOA2;H2BC4;SCD;MED1;PPARGC1A;NCOA6;RXRA","wald_stat",FALSE
"REACTOME_BUTYRATE_RESPONSE_FACTOR_1_BRF1_BINDS_AND_DESTABILIZES_MRNA",0.138429752066116,0.321682866184448,0.170932335370056,0.470509574597845,1.311756006952,17,"ZFP36L1;DIS3;XRN1","wald_stat",FALSE
"REACTOME_THROMBOXANE_SIGNALLING_THROUGH_TP_RECEPTOR",0.138492871690428,0.321682866184448,0.169570644405628,0.466535996956326,1.32371394685332,18,"GNG2;GNG11;GNB1;GNA13;GNG12;GNB5;AAMP;TBXA2R;GNG3","wald_stat",FALSE
"REACTOME_REGULATION_OF_TP53_ACTIVITY",0.138655462184874,0.321682866184448,0.172324344900946,0.269505016111768,1.1702004944685,156,"RPS27A;AKT3;USP7;PHF20;JMY;RPA1;PIP4K2B;MAPK14;ZNF385A;PRKAG2;TAF5;MDM4;TAF10;GATAD2A;SGK1;NBN;CSNK2A1;HIPK2;RICTOR;BARD1;DYRK2;CHD3;PPP2CA;RAD17;SSRP1;MAP2K6;KAT6A;TP53INP1;PPP1R13L;CCNA1;EXO1;RBBP7;PRKAB1;RAD9A;HUS1;RMI1;SETD9;TAF15;MRE11;RAD9B;POU4F1;PRKAB2;MEAF6;PRKAA1;ING2","wald_stat",FALSE
"REACTOME_GLYCOSPHINGOLIPID_METABOLISM",0.13921568627451,0.321682866184448,0.165656695205483,-0.366249806618124,-1.26985329865896,48,"ST8SIA5;SUMF2;UGT8;ARSA;B4GALT5;ST3GAL2;GLA;PSAP;CTSA;ARSD;SMPD4;FUT1;M6PR;HEXA;ST6GALNAC6;ARSB;GM2A;NEU2;NEU1","wald_stat",FALSE
"REACTOME_TRANSPORT_OF_SMALL_MOLECULES",0.139240506329114,0.321682866184448,0.172324344900946,0.226613360805491,1.11145093487776,484,"SLC1A3;CYB5R2;LRRC8A;SLC7A11;ANO1;RPS27A;ATP11C;ZDHHC8;ADD2;SLC14A1;ANGPTL4;GNG2;ANO6;ATP2B1;FTL;SLC25A1;SLC9B2;SLC16A3;FURIN;ADCY3;SLCO1B3;SLC2A3;EIF2S1;GNG11;ATP6V1E1;SLC12A6;CAMK2G;GNB1;YME1L1;SLC6A6;CYBRD1;NPC1;CLCN4;ANKH;ATP11B;SLC11A2;ANO10;SLC9A5;ATP9A;LRRC8C;TRPC1;CLTC;SLC24A1;SEL1L;NIPA1;NIPAL2;SLC25A22;LDLR;SOAT1;MLKL;SGK1;CALM1;ACO1;NCEH1;ABCC6;GNG12;ABCA1;SLC47A1;MYO5B;AHCYL2;SLC39A6;SLC17A5;SLC44A1;SLC16A1;ATP6V1C2;SLC16A2;SLC12A4;DERL1;ADCY9;SLC2A11;ASIC1;GLTP;ATP7A;AQP1;ATP2A3;ARL2;SLC15A4;SLC2A9;ATP11A;PSMD7;SLC9B1;SLC26A9;FKBP1B;SLC30A5;HBA1;GNB5;PSMD14;SLC20A1;TPCN1;NIPA2;ABCG4;MCOLN3;PRKAR2A;SKP1;RSC1A1;ATP2B4;SLC29A4;MCU","wald_stat",FALSE
"REACTOME_SPHINGOLIPID_DE_NOVO_BIOSYNTHESIS",0.139676113360324,0.321970550841727,0.16823816568964,0.387770236703495,1.26598742216416,32,"CERT1;DEGS1;PPM1L;SPHK1;PRKD3;KDSR;SGMS1;PRKD2;SAMD8","wald_stat",FALSE
"REACTOME_CDC42_GTPASE_CYCLE",0.140425531914894,0.322423998094226,0.172324344900946,0.276063513417419,1.1764907611573,136,"CAV1;PAK1;PAK3;BCR;CDC42BPA;JUP;TRIO;GIT1;PAK6;SH3PXD2A;NGEF;CDC42EP4;RACGAP1;IQGAP1;DIAPH3;ARHGAP11B;GNA13;ARHGEF6;PREX1;FMNL2;ARHGEF7;DAAM1;ARHGEF26","wald_stat",FALSE
"REACTOME_DIFFERENTIATION_OF_KERATINOCYTES_IN_INTERFOLLICULAR_EPIDERMIS_IN_MAMMALIAN_SKIN",0.140495867768595,0.322423998094226,0.169570644405628,0.448803455854069,1.32434519660469,21,"ITGA6;KRT15;EGF;CSPG4;GJB3;NUMB;DLL1;ABCG2;KRT14;SPINK5","wald_stat",FALSE
"REACTOME_REGULATION_OF_T_CELL_ACTIVATION_BY_CD28_FAMILY",0.141052631578947,0.322985561248253,0.170932335370056,0.259772869657055,1.15708553482916,196,"YES1;RPS27A;PAK1;CCND1;PAK3;AKT3;CD274;PTPN11;GSK3B;H3C4;FOSB;PRKAG2;PDCD1LG2;AGO4;PPP2R5D;ATF3;TNRC6A;GRB2;H2BC5;SEL1L;H2BC8;H2BC21;CSNK2A1;H2AC19;RICTOR;JUND;DERL1;PPP2CA;H2BC4;AGO1;RELA;PSMD7;DAD1;AGO2;OSTC;PSMD14;AGO3;MYC;TCF7;SKP1","wald_stat",FALSE
"REACTOME_G_BETA_GAMMA_SIGNALLING_THROUGH_PI3KGAMMA",0.142566191446029,0.325676526117055,0.166933848713193,0.464482743546555,1.31788820094588,18,"GNG2;AKT3;GNG11;GNB1;GNG12;GNB5","wald_stat",FALSE
"REACTOME_SARS_COV_1_INFECTION",0.142857142857143,0.325676526117055,0.159646701919906,-0.290024359797741,-1.19356829626189,129,"BST2;KPNA2;SFN;PARP14;PARP9;DDX5;PPIA;RIGI;PARP10;FKBP1A;IFIH1;PPIB;KPNB1;STING1;GANAB;ST3GAL2;PRKCSH;UBB;NPIPB3;CHMP3;PIK3R4;NMI;VHL;RPS9;VCP","wald_stat",FALSE
"REACTOME_FCERI_MEDIATED_MAPK_ACTIVATION",0.14375,0.326274671052632,0.16823816568964,0.425283848944903,1.30258944727692,25,"MAPK1;PAK1;MAPK9;GRB2;MAPK8;SOS1","wald_stat",FALSE
"REACTOME_RORA_B_C_AND_NR1D1_REV_ERBA_REGULATE_GENE_EXPRESSION",0.14375,0.326274671052632,0.16823816568964,0.426106468197274,1.30510902369611,25,"NR1D1;PPARA;NRIP1;TBL1X;NCOA1;NCOA2;MED1;PPARGC1A;NCOA6;RXRA","wald_stat",FALSE
"REACTOME_G1_S_SPECIFIC_TRANSCRIPTION",0.144288577154309,0.326721734097964,0.16440575583821,0.397973919224221,1.27571397324518,29,"E2F1;CDC45;RRM2;RBL1;TFDP1;CCNA1;DHFR;POLA1;LIN54;ORC1;E2F5;TYMS;E2F6","wald_stat",FALSE
"REACTOME_ONCOGENE_INDUCED_SENESCENCE",0.144578313253012,0.326721734097964,0.16440575583821,0.397961726201637,1.28788644824098,31,"MAPK1;RPS27A;ID1;E2F1;MDM4;AGO4;TNRC6A;TFDP1;AGO1;AGO3;ETS1","wald_stat",FALSE
"REACTOME_COLLAGEN_CHAIN_TRIMERIZATION",0.145708582834331,0.328558569136237,0.163180127180689,-0.40687882454224,-1.2723738491621,30,"COL21A1;COL13A1;COL9A3;COL14A1;COL5A3;COL4A5;COL11A1;COL5A1;COL4A2","wald_stat",FALSE
"REACTOME_CONDENSATION_OF_PROPHASE_CHROMOSOMES",0.146586345381526,0.329602621498131,0.163180127180689,-0.385611450620376,-1.26467480398807,37,"PLK1;CCNB1;H2AX;H3-3A;H3-3B;H3C6;NCAPG2;SMC4","wald_stat",FALSE
"REACTOME_SIGNALING_BY_FGFR",0.146808510638298,0.329602621498131,0.16823816568964,0.318824731671243,1.20259485809512,68,"MAPK1;RPS27A;CBL;POLR2A;PTPN11;FGF1;FGFR2;SPRED2;GRB2;FGF2;PPP2CA;SPRY2;SOS1","wald_stat",FALSE
"REACTOME_SIGNALING_BY_CSF1_M_CSF_IN_MYELOID_CELLS",0.148296593186373,0.331264199935086,0.161978948883402,0.402139409839433,1.28380389582512,28,"YES1;RPS27A;CBL;PTPN11;GRB2;GAB2;IL34;SOS1;GAB3;CSF1","wald_stat",FALSE
"REACTOME_TRANSCRIPTIONAL_REGULATION_BY_NPAS4",0.148296593186373,0.331264199935086,0.161978948883402,0.398925414296912,1.2735434242133,28,"MAPK1;NR3C1;XPO1;AGO4;TNRC6A;BDNF;AGO1;AGO2;AGO3;NAMPT","wald_stat",FALSE
"REACTOME_MITOTIC_PROMETAPHASE",0.149338374291115,0.331264199935086,0.156312403073186,-0.270213374682367,-1.17351651955254,195,"TUBB3;TUBA1C;TUBA1B;TUBB;DYNC1I1;RCC2;PLK1;TUBB4A;TUBA1A;CCNB1;CEP192;CENPA;DYNLL1;CDCA8;TUBB4B;NEK6;CLASP1;CENPF;MAD1L1;NUMA1;CENPL;PPP2R1A;SGO1;ZWINT;CENPT;SMC4;PPP2R5C;CENPM;KIF2C;TUBB2A;CEP43;CSNK1D;PRKACA;BIRC5;NCAPH;ALMS1;CEP70;HAUS5;PMF1;KNL1;INCENP;AURKB;HDAC8;NUF2;SKA2;BUB3;SPC24;NUP85;CENPK;SPC25;CDK5RAP2;MIS12;MZT2A","wald_stat",FALSE
"REACTOME_SARS_COV_2_INFECTION",0.149446494464945,0.331264199935086,0.154190966581424,-0.255206112712636,-1.15251755935541,263,"SDC3;HLA-B;KPNA2;GPC1;HLA-C;SFN;NUP210;HSPG2;HLA-A;PARP14;AGRN;ISG15;PARP9;STAT1;DDX5;IL17RC;RIGI;MGAT4A;PARP10;GOLGA7;IFIH1;TAB1;NOD2;STING1;MAN1B1;HLA-F;GANAB;TMEM258;UBE2V1;VPS18;ST3GAL2;PRKCSH;HLA-E;TPR;UBB;HSP90AB1;CHMP3;VPS45;PIK3R4;UBE2N;SDC2;VHL;AAAS;RPS9;VCP;STAT2;GEMIN6;PRMT1;CREBBP;B2M;RPN2","wald_stat",FALSE
"REACTOME_HOMOLOGY_DIRECTED_REPAIR",0.149473684210526,0.331264199935086,0.165656695205483,0.280846442071433,1.17799087657232,120,"RPS27A;NSD2;RPA1;POLK;GEN1;RAD51B;RFC1;RNF168;UIMC1;H2BC5;POLD3;H2BC8;NBN;H2BC21;RNF8;BARD1;PARP2;RAD51AP1;H2BC4;RAD17;RAD52","wald_stat",FALSE
"REACTOME_TRANSFERRIN_ENDOCYTOSIS_AND_RECYCLING",0.149514563106796,0.331264199935086,0.158514105424824,-0.413394542457508,-1.27234602357664,27,"ATP6V0E2;ATP6V0C;ATP6V0D1;ATP6AP1;ATP6V1G1;ATP6V1H;TF;ATP6V0B;ATP6V1F;ATP6V1C1;ATP6V0A1;ATP6V1E2;ATP6V1A;HFE;STEAP3","wald_stat",FALSE
"REACTOME_UPTAKE_AND_ACTIONS_OF_BACTERIAL_TOXINS",0.149789029535865,0.331264199935086,0.165656695205483,0.428466677681119,1.30019640716562,24,"HSP90AA1;CD9;TXNRD1;FURIN;ANTXR2;HBEGF;CALM1","wald_stat",FALSE
"REACTOME_APOPTOTIC_FACTOR_MEDIATED_RESPONSE",0.150313152400835,0.331714526087131,0.16440575583821,0.444408265578386,1.26952699865981,19,"MAPK1;CARD8;UACA","wald_stat",FALSE
"REACTOME_TNFR1_INDUCED_NF_KAPPA_B_SIGNALING_PATHWAY",0.151821862348178,0.334331122405031,0.160801401070022,0.382530012974139,1.24887920522856,32,"TNFAIP3;RPS27A;USP21;RACK1;CYLD;BIRC2;OPTN;MAP3K7","wald_stat",FALSE
"REACTOME_INFECTION_WITH_ENTEROBACTERIA",0.152475247524752,0.334948565708171,0.158514105424824,-0.389066307511246,-1.27242849700568,36,"FN1;LAMB2;COL5A3;COL4A5;LAMC1;COL5A1;LAMA1;COL4A2;UBB","wald_stat",FALSE
"REACTOME_SIGNALING_BY_FLT3_FUSION_PROTEINS",0.152749490835031,0.334948565708171,0.160801401070022,0.454851231510343,1.29056047726583,18,"SPTBN1;GRB2;GAB2;STAT5B;SOS1;PIM1;ZMYM2;GOLGB1","wald_stat",FALSE
"REACTOME_RUNX2_REGULATES_BONE_DEVELOPMENT",0.154166666666667,0.33619773210489,0.161978948883402,0.41633867414923,1.27519153333827,25,"YES1;MAPK1;HES1;AR;GLI2;COL1A1","wald_stat",FALSE
"REACTOME_INTERLEUKIN_4_AND_INTERLEUKIN_13_SIGNALING",0.154285714285714,0.33619773210489,0.154190966581424,-0.331490399493143,-1.23789636113237,77,"FN1;OPRD1;NOS2;RORC;HIF1A;STAT3;STAT1;ITGB1;TNFRSF1B;TP53;ICAM1;MUC1;RHOU;FOS;IL12A;IL18;POU2F1","wald_stat",FALSE
"REACTOME_SUMOYLATION",0.15450643776824,0.33619773210489,0.16440575583821,0.263632656857402,1.1564058204329,169,"NR3C1;PPARA;NUP58;SMC3;SATB1;MBD1;RPA1;NRIP1;NUP50;SMC1A;STAG2;AR;PHC3;SP100;NUP133;RNF168;NCOA1;PHC1;HIPK2;UHRF2;CHD3;HDAC7;NCOA2;POM121C;RAD52;RELA;SP3;SMC5;PPARGC1A;RARA;MRTFA;RXRA;SEC13;SIN3A;NDC1;FOXL2","wald_stat",FALSE
"REACTOME_HEPARAN_SULFATE_HEPARIN_HS_GAG_METABOLISM",0.154618473895582,0.33619773210489,0.158514105424824,-0.39068295825699,-1.26363938866173,34,"SDC3;GPC1;HSPG2;AGRN;HS6ST1;IDS","wald_stat",FALSE
"REACTOME_ASSEMBLY_OF_COLLAGEN_FIBRILS_AND_OTHER_MULTIMERIC_STRUCTURES",0.156186612576065,0.338895480117877,0.158514105424824,0.342569504678295,1.21786347973051,47,"CTSB;LOX;COL6A2;COL6A1;ITGA6;COL5A2","wald_stat",FALSE
"REACTOME_DAG1_GLYCOSYLATIONS",0.156555772994129,0.338985826462183,0.155241966228839,-0.461634714665929,-1.29398273280832,18,"MGAT5B;CRPPA;DAG1;FKRP;POMK","wald_stat",FALSE
"REACTOME_EPIGENETIC_REGULATION_OF_GENE_EXPRESSION_BY_MLL3_AND_MLL4_COMPLEXES",0.158859470468432,0.341286799620133,0.157402899305283,0.29783603209914,1.19288397347402,91,"MGLL;ANGPTL4;MED14;H3C4;TBL1X;KDM6A;MED13;NCOA1;H2BC5;H2BC8;H2BC21;H2AC19;ACSL1;NCOA2;H2BC4;SCD;MED1;PPARGC1A;NCOA6;RXRA","wald_stat",FALSE
"REACTOME_TRANSPORT_OF_VITAMINS_NUCLEOSIDES_AND_RELATED_MOLECULES",0.159003831417625,0.341286799620133,0.152144922367565,-0.412624673668021,-1.2709509531424,25,"APOD;SLC25A6;SLC25A5;SLC35A2;PDZD11;ARL2BP;SLC35B3","wald_stat",FALSE
"REACTOME_MYOGENESIS",0.159420289855072,0.341286799620133,0.158514105424824,0.423274152827041,1.27176554486547,23,"CDH2;MEF2A;SPAG9;MAPK14","wald_stat",FALSE
"REACTOME_RHOB_GTPASE_CYCLE",0.159574468085106,0.341286799620133,0.160801401070022,0.315445792154545,1.18984962573095,68,"CAV1;BCR;JUP;ROCK2;ANLN;PKN1;ROCK1;RACGAP1;PKN2;DIAPH3;SLK;TJP2;PREX1;ARHGEF28;DAAM1;SOWAHC;STARD13;ERBIN","wald_stat",FALSE
"REACTOME_ISG15_ANTIVIRAL_MECHANISM",0.159615384615385,0.341286799620133,0.152144922367565,-0.337883024155748,-1.24850240044797,73,"KPNA2;IFIT1;NUP210;ISG15;STAT1;UBA7;MX1;EIF4A1;RIGI;KPNB1;TPR;UBE2L6;UBB;UBE2N;AAAS;EIF4G1","wald_stat",FALSE
"REACTOME_RSV_HOST_INTERACTIONS",0.16,0.341286799620133,0.151148761385484,-0.330396114539242,-1.2338099340004,77,"SDC3;GPC1;HSPG2;AGRN;OAS2;ISG15;RIGI;IFIH1;UBE2L6;MAP1B;UBB;SDC2;STAT2;MED29;CREBBP;MED16;TYK2;MED8;ELOC;MED11;GPC5;MED17;MED10;MED18;RBX1;ELOB;HERC5","wald_stat",FALSE
"REACTOME_TOLL_LIKE_RECEPTOR_9_TLR9_CASCADE",0.160164271047228,0.341286799620133,0.157402899305283,0.28936045998978,1.17951951100179,104,"MAPK1;RPS27A;FBXW11;MEF2A;IRAK1;DUSP7;RIPK2;MAPK14;MAPK9;RPS6KA1;NLRC5;PPP2R5D;TRAF6;PPP2CA;MAPK8;SLC15A4;RELA;TNIP2;ECSIT;MAP2K6;N4BP1;MAP3K7;SKP1;LY96;PIK3C3;MAP2K4;PELI2;RPS6KA2;MAP2K1;ALPK1;BTRC;CREB1","wald_stat",FALSE
"REACTOME_DEFECTIVE_INTRINSIC_PATHWAY_FOR_APOPTOSIS",0.16025641025641,0.341286799620133,0.160801401070022,0.430363445967973,1.2679693569706,22,"PRDX1;CAPN1;SOD2;FOXO3;CAPN2;BCL2L11","wald_stat",FALSE
"REACTOME_METABOLISM_OF_WATER_SOLUBLE_VITAMINS_AND_COFACTORS",0.161793372319688,0.343852444252315,0.152144922367565,-0.305110937495537,-1.19411223246617,105,"NNMT;MCCC2;PARP14;PARP9;PARP10;MTHFD2;PC;ABCD4;SLC46A1;MMACHC;MOCS1;CUBN;NAXE;SLC25A51;PRSS3;DCAKD;NAPRT;SLC25A32;MCCC1;PDZD11;NT5E;MMAA;MMAB;NMNAT1;SHMT2;NMNAT2;LDLRAP1;SLC52A2","wald_stat",FALSE
"REACTOME_INITIATION_OF_NUCLEAR_ENVELOPE_NE_REFORMATION",0.162523900573614,0.344697207159201,0.150169802128406,-0.441806164920176,-1.26701990200322,19,"CCNB1;KPNB1;LMNB1;PPP2R1A;BANF1;LMNA;LBR;VRK1;LEMD2","wald_stat",FALSE
"REACTOME_INSULIN_PROCESSING",0.165289256198347,0.349168468006947,0.155241966228839,0.432912841425036,1.27745460649072,21,"MYO5A;EXOC4;KIF5C;EXOC6;KIF5A;SLC30A5;RAB27A;EXOC5;EXOC1","wald_stat",FALSE
"REACTOME_PHASE_II_CONJUGATION_OF_COMPOUNDS",0.165384615384615,0.349168468006947,0.149207542435322,-0.345290756276708,-1.23315131489814,58,"NNMT;MAT2A;MGST1;HEMK2;GSTP1;GSTZ1;GSTM2;GSTM4;GSTK1;GGT7;GGT5;NAT1;AHCY;MTRR;MGST2;SULT1A3;PODXL2;SULT1B1;GCLM;UGP2;SULT6B1","wald_stat",FALSE
"REACTOME_TBC_RABGAPS",0.165644171779141,0.349168468006947,0.154190966581424,0.344820150572852,1.20323249092861,43,"GGA2;RABEP1;RABGEF1;RAB5A;RAB6A;RAB35;RAB33B;TBC1D15;OPTN;SYTL1;RABGAP1;TBC1D16;MAP1LC3B;ULK1;RAB5B;RAB11A;TSC1;RAB4A;ARF6","wald_stat",FALSE
"REACTOME_NETRIN_1_SIGNALING",0.166666666666667,0.350609756097561,0.152144922367565,0.384343266759648,1.24381429706036,31,"EZR;RGMB;PTPN11;TRIO;PTK2;ABLIM3;TRPC1;ABLIM1","wald_stat",FALSE
"REACTOME_SYNTHESIS_OF_PIPS_AT_THE_GOLGI_MEMBRANE",0.167338709677419,0.351309461493162,0.152144922367565,0.484300706054006,1.29871783750564,15,"PIKFYVE;PI4KA;OCRL;VAC14;PI4K2B;PIK3C3","wald_stat",FALSE
"REACTOME_RHOG_GTPASE_CYCLE",0.167714884696017,0.351386448705217,0.155241966228839,0.309630980077258,1.18197964563691,70,"CAV1;DOCK4;LMAN1;DOCK3;DSG2;TRIO;VRK2;DIAPH3;EPHA2;ANKLE2;PREX1;ARHGEF26","wald_stat",FALSE
"REACTOME_SUMOYLATION_OF_TRANSCRIPTION_FACTORS",0.168297455968689,0.351894680661804,0.149207542435322,-0.456147984764925,-1.27860318372778,18,"TFAP2A;TP53;MDM2","wald_stat",FALSE
"REACTOME_BIOLOGICAL_OXIDATIONS",0.16888045540797,0.352401756748485,0.14641623786055,-0.288485310733401,-1.16847928401803,120,"NNMT;MAT2A;CYB5B;MGST1;HEMK2;CYP4F3;CES2;GSTP1;GSTZ1;HSP90AB1;PTGS1;GSTM2;MTARC2;GSTM4;CES3;TBXAS1;GSTK1;CYP3A5;GGT7;BPHL;EPHX1;CYP2C19;GGT5;CBR3;POR;ACY1;NAT1;AKR7A2;AHCY;ALDH1B1;MTRR;MGST2;SMOX;SULT1A3;PODXL2;PAOX;CYP4F8;FDX2;SULT1B1;AKR7A3;GCLM","wald_stat",FALSE
"REACTOME_CELLULAR_RESPONSES_TO_MECHANICAL_STIMULI",0.169625246548323,0.353243722691177,0.149207542435322,-0.316818969247614,-1.20979039249277,88,"FN1;CALCRL;HSPG2;STAT1;ABL1;GNG7;ITGB1;ITGAV;CTNNB1;GNB4;PPP2R1A;MLST8;PRKAR1B;PDE4D;PIK3R2;GNAS;CAPNS1;PRR5;MMP14;PRKACA;ADCY6;CACNB2;ADCY7","wald_stat",FALSE
"REACTOME_SIGNALING_BY_INSULIN_RECEPTOR",0.170124481327801,0.353571964205369,0.153158808683073,0.317445446140137,1.18567976221689,60,"MAPK1;GRB10;PTPRF;PTPN11;ATP6V1E1;FGF1;FGFR2;IRS1;GRB2;GAB2;ATP6V1C2;FGF2;SOS1;INSR;IDE;PIK3C3;FGF5","wald_stat",FALSE
"REACTOME_REGULATION_OF_EXPRESSION_AND_FUNCTION_OF_TYPE_II_CLASSICAL_CADHERINS",0.170498084291188,0.353638311104969,0.14641623786055,-0.407917950693937,-1.25645348260358,25,"CDH11;FOXF1;TNRC6B;ADAM19;CTNND1;CTNNB1","wald_stat",FALSE
"REACTOME_DEVELOPMENTAL_LINEAGE_OF_PANCREATIC_DUCTAL_CELLS",0.172690763052209,0.357469879518072,0.149207542435322,-0.376417937927464,-1.23452319971345,37,"FN1;SLC4A4;SOX9;LAMB2;COL5A3;LAMC1;COL11A1;COL5A1;LAMA1","wald_stat",FALSE
"REACTOME_ACTIVATION_OF_BAD_AND_TRANSLOCATION_TO_MITOCHONDRIA",0.173387096774194,0.358194900521538,0.149207542435322,0.480814279147914,1.28936851227133,15,"AKT3;PPP3CC;YWHAZ;BID","wald_stat",FALSE
"REACTOME_TRANSPORT_OF_MATURE_TRANSCRIPT_TO_CYTOPLASM",0.174168297455969,0.358561502273488,0.14641623786055,-0.321620925245009,-1.20928807202764,81,"NUP210;SRSF6;SRSF5;SRSF3;ZC3H11A;DDX39B;SRSF2;SRSF9;TPR;U2AF2;RBM8A;NXF1;AAAS;FYTTD1;UPF3B;NUP93;POM121;CPSF1;NUP85;RAE1;THOC1;ALYREF;SLBP;RANBP2","wald_stat",FALSE
"REACTOME_GPER1_SIGNALING",0.174257425742574,0.358561502273488,0.147331213699377,-0.376857681886707,-1.23250059049199,36,"FN1;SHC1;GNG7;ITGB1;GNAI2;GNB4;PRKAR1B;GPER1;GNAS;PRKACA;ADCY6;ADCY7","wald_stat",FALSE
"REACTOME_PEPTIDE_LIGAND_BINDING_RECEPTORS",0.174904942965779,0.35917979359044,0.143758989039275,-0.340407312266356,-1.22538996499311,59,"OPRD1;AGTR1;APLNR;CX3CL1;CXCL12;C3;NPY4R;CXCL16;OXTR;PSAP;GPER1;TACR1;CCL2","wald_stat",FALSE
"REACTOME_DEVELOPMENTAL_CELL_LINEAGES",0.175438596491228,0.359552556818182,0.14551614609036,-0.318256107205021,-1.20000907507994,82,"FN1;CD24;SLC4A4;SOX9;TFAP2A;LAMB2;DMKN;ITGB1;COL5A3;LAMC1;MUC1;COL11A1;COL5A1;LAMA1;ERBB2","wald_stat",FALSE
"REACTOME_PURINE_CATABOLISM",0.17578125,0.359552556818182,0.14551614609036,-0.469076210420568,-1.28306933077287,16,"NUDT16;NT5E;NUDT9;DNPH1;NT5C;ADPRM;NUDT1;NT5C1A","wald_stat",FALSE
"REACTOME_DNA_DOUBLE_STRAND_BREAK_RESPONSE",0.176591375770021,0.360497187222823,0.149207542435322,0.321975129483843,1.18894778606786,57,"RPS27A;NSD2;RNF168;UIMC1;H2BC5;H2BC8;NBN;SMARCA5;H2BC21;RNF8;BARD1;EYA3;H2BC4;APBB1;MAPK8","wald_stat",FALSE
"REACTOME_RHO_GTPASES_ACTIVATE_PKNS",0.179959100204499,0.366648954156804,0.147331213699377,0.325220419720287,1.18492135584129,54,"PAK1;H3C4;YWHAZ;AR;PKN1;PKN2;H2BC5;H2BC8;H2BC21;H2AC19;NCOA2;H2BC4","wald_stat",FALSE
"REACTOME_DISEASES_OF_PROGRAMMED_CELL_DEATH",0.180497925311203,0.367024268560109,0.148261500475107,0.313311519504191,1.18262569981085,65,"PRDX1;CAPN1;SOD2;H3C4;FOXO3;CAPN2;BCL2L11;H2BC5;MLKL;H2BC8;H2BC21;H2AC19","wald_stat",FALSE
"REACTOME_DOWNSTREAM_SIGNALING_OF_ACTIVATED_FGFR2",0.181262729124236,0.367856714987421,0.14641623786055,0.444366834235041,1.26081284152452,18,"PTPN11;FGF1;FGFR2;GRB2;FGF2;SOS1;FGF5","wald_stat",FALSE
"REACTOME_PROTEIN_PROTEIN_INTERACTIONS_AT_SYNAPSES",0.181818181818182,0.36826187511119,0.149207542435322,0.307909598695434,1.15897285662781,67,"PTPRF;PDLIM5;SLITRK5;LIN7A;GRM1;RTN3;EPB41L2;NRXN3;EPB41L5;NLGN1;GRIA3;EPB41L1;DLGAP3;PPFIBP1;SYT1;IL1RAPL1;HOMER2;NLGN4X;SHANK1;DLG2;LRRC4B","wald_stat",FALSE
"REACTOME_CDK_MEDIATED_PHOSPHORYLATION_AND_REMOVAL_OF_CDC6",0.182692307692308,0.369309645432692,0.141225119642531,-0.334734396449242,-1.20625872574779,60,"UBE2C;PSMB4;PSMC3;CDC27;UBB;PSMD8;PSMB7;FZR1;PSMA5;PSMB3;PSMA6;PSMD6;CDC23;PSMA2;ANAPC7;PSMD13;PSMA7;ANAPC15;ADRM1;UBE2S;PSMB1;UBA52;PSMC5;PSMD1;PSMA1;PSMA3","wald_stat",FALSE
"REACTOME_STABILIZATION_OF_P53",0.185185185185185,0.373619233268356,0.141225119642531,-0.354731012546726,-1.21060067824828,43,"TP53;MDM2;PSMB4;PSMC3;UBB;PSMD8;PSMB7;CHEK2;PSMA5;PSMB3;PSMA6;PSMD6;PSMA2;PSMD13;PSMA7;ADRM1;PSMB1;UBA52;PSMC5;PSMD1;PSMA1;PSMA3","wald_stat",FALSE
"REACTOME_VISUAL_PHOTOTRANSDUCTION",0.185909980430528,0.374351808843574,0.141225119642531,-0.340983231725886,-1.20480680563435,56,"SDC3;GPC1;HSPG2;AGRN;APOE;AKR1C3;BCO1;AKR1C1","wald_stat",FALSE
"REACTOME_REGULATION_OF_APOPTOSIS",0.186878727634195,0.375571811847362,0.142056643575821,-0.361192510763416,-1.20304018601918,40,"PSMB4;PSMC3;OMA1;UBB;PSMD8;PSMB7;PSMA5;PSMB3;PSMA6;PSMD6;PSMA2;PSMD13;PSMA7;ADRM1;PSMB1;UBA52;PSMC5;PSMD1;PSMA1;PSMA3","wald_stat",FALSE
"REACTOME_SUMOYLATION_OF_INTRACELLULAR_RECEPTORS",0.188405797101449,0.377906976744186,0.144630528034484,0.414060898705733,1.24408348804884,23,"NR3C1;PPARA;AR;RARA;RXRA","wald_stat",FALSE
"REACTOME_SELECTIVE_AUTOPHAGY",0.188824662813102,0.378014557082322,0.13880510939114,-0.318165372443048,-1.19254428090709,78,"TUBB3;TUBA1C;TUBA1B;DYNC1I1;TUBB4A;TUBA1A;PLIN2;DYNLL1;TUBB4B;TOMM40;UBE2V1;TOMM5;UBB;TUBB2A;UBE2N;VCP","wald_stat",FALSE
"REACTOME_CS_GAG_BIOSYNTHESIS",0.189453125,0.378540510376448,0.139599673451922,-0.462431686078861,-1.26489449007316,16,"CHST15;CHSY3;CHPF2;BGN;CHSY1;CHST7;CHST12","wald_stat",FALSE
"REACTOME_HS_GAG_BIOSYNTHESIS",0.190291262135922,0.378922594142259,0.13880510939114,-0.400396953643903,-1.23234203526861,27,"SDC3;GPC1;HSPG2;AGRN;HS6ST1","wald_stat",FALSE
"REACTOME_BETA_CATENIN_INDEPENDENT_WNT_SIGNALING",0.190376569037657,0.378922594142259,0.144630528034484,0.271627137756367,1.14228006960105,121,"RPS27A;GNG2;FZD3;ITPR3;FZD4;SMURF2;GNG11;GNB1;NFATC1;PRKCA;AGO4;RAC2;TNRC6A;WNT5A;CLTC;CLTB;CALM1;GNG12;DAAM1;AGO1;PLCB3;PSMD7;AGO2;GNB5;PSMD14;AGO3;ITPR2;RAC3;MAP3K7;MYC;TCF7","wald_stat",FALSE
"REACTOME_INTERLEUKIN_12_SIGNALING",0.191235059760956,0.379900742519366,0.140406238523342,0.349556954761678,1.19893435016753,39,"MSN;TCP1;SOD2;LCP1;RPLP0;RALA;RAP1B","wald_stat",FALSE
"REACTOME_FORMATION_OF_TC_NER_PRE_INCISION_COMPLEX",0.192307692307692,0.381299734748011,0.141225119642531,0.322666027457117,1.16383027599312,51,"RPS27A;CUL4A;USP7;POLR2A;COPS4;TCEA1;GTF2H2;ERCC8;ERCC6;COPS2","wald_stat",FALSE
"REACTOME_CARGO_TRAFFICKING_TO_THE_PERICILIARY_MEMBRANE",0.193916349809886,0.383754153065453,0.135740943810425,-0.332318809089273,-1.19627316794482,59,"TUBB3;TUBA1C;TUBA1B;TUBB4A;TUBA1A;TUBB4B;RAB8A;TTC8;TUBB2A;BBS2;GBF1;PKD2","wald_stat",FALSE
"REACTOME_GLYCOSPHINGOLIPID_CATABOLISM",0.194444444444444,0.383989611875234,0.13880510939114,-0.386465383531616,-1.22054260657553,31,"SUMF2;ARSA;GLA;PSAP;CTSA;ARSD;SMPD4;M6PR;HEXA;ARSB;GM2A;NEU2;NEU1","wald_stat",FALSE
"REACTOME_REGULATION_OF_CDH1_GENE_TRANSCRIPTION",0.195020746887967,0.383989611875234,0.142056643575821,0.308566893310091,1.16471663319875,65,"MAPK1;SNAI2;H3C4;CTBP2;STRAP;H2BC5;KLF9;H2BC8;H2BC21;H2AC19;FOXQ1;H2BC4;TWIST1;ZEB1;RBBP7;ZMYM2;MPHOSPH8","wald_stat",FALSE
"REACTOME_ION_CHANNEL_TRANSPORT",0.195378151260504,0.383989611875234,0.142901149386948,0.27677543964345,1.14570233355585,114,"ANO1;RPS27A;ATP11C;ANO6;ATP2B1;SLC9B2;ATP6V1E1;CAMK2G;CLCN4;ATP11B;ANO10;ATP9A;TRPC1;MLKL;SGK1;CALM1;ATP6V1C2;ASIC1;ATP7A;ATP2A3;ATP11A;SLC9B1;FKBP1B;TPCN1;MCOLN3;ATP2B4;ATP1A3;WNK3;WNK1;ANO8;ATP6V1G2;WWP1;OSTM1;NEDD4L;CLCN7;CLCN3;TRPV3;CLCN6;ATP6V0D2","wald_stat",FALSE
"REACTOME_CD209_DC_SIGN_SIGNALING",0.195519348268839,0.383989611875234,0.140406238523342,0.435281699569456,1.23503536766541,18,"PAK1;PAK3","wald_stat",FALSE
"REACTOME_PRESYNAPTIC_FUNCTION_OF_KAINATE_RECEPTORS",0.19758064516129,0.387302969208211,0.13880510939114,0.468481617699725,1.25629681279524,15,"GNG2;GNG11;GNB1;GNG12;PLCB3;GNB5","wald_stat",FALSE
"REACTOME_AUTOPHAGY",0.200757575757576,0.392786561264822,0.132846300606183,-0.27217048686744,-1.13716278526989,142,"TUBB3;TUBA1C;TUBA1B;DYNC1I1;TUBB4A;TUBA1A;PLIN2;DYNLL1;TUBB4B;TOMM40;LAMP2;WIPI1;UBE2V1;VPS37B;RRAGA;TOMM5;MLST8;UBB;HSP90AB1;ATG16L1;CHMP3;AMBRA1;PIK3R4;GABARAP;TUBB2A;UBE2N;TSG101;VCP;ATG4D;TSC2;LAMTOR4","wald_stat",FALSE
"REACTOME_NONHOMOLOGOUS_END_JOINING_NHEJ",0.201219512195122,0.392947537965946,0.138022242496643,0.330284745601929,1.17536942744802,48,"NSD2;XRCC5;RNF168;UIMC1;H2BC5;H2BC8;NBN;H2BC21;RNF8;BARD1;H2BC4;NHEJ1","wald_stat",FALSE
"REACTOME_SARS_COV_2_HOST_INTERACTIONS",0.201716738197425,0.393150845864662,0.142056643575821,0.25350357420436,1.12057279199824,177,"CAV1;HSP90AA1;RPS27A;RPS3A;SEC24D;AKT3;NUP58;IRAK1;PTPN11;RIPK2;NUP50;YWHAZ;RPS15A;NUP133;SEC23A;RPS7;SEC24B;TRAF6;RPS17;RPS23;RPS11;SNRPB;RPS13;BECN1;IFNAR1;TJP1;POM121C;RPS10;PALS1;MAP3K7;SEC24A;RPS25;SEC13;RPS21;PIK3C3;NDC1;RNF135;YWHAG;GEMIN5;CNBP;UVRAG;TRIM25;LARP1;RPS3;RPS18;NUP188;RPS29;TLR1;RPS20;MAP1LC3B;NUP155;JAK1;NUP43;VPS11;TBK1;VPS33B;NUP160;TKFC;RPS27;NUP153;RPS27L;RPS12;RPS14;IKBKE;RPS2;IL17RA;RPS6;RPS4X;TAB2;RPS8;RPS19;IRAK2","wald_stat",FALSE
"REACTOME_CONSTITUTIVE_SIGNALING_BY_AKT1_E17K_IN_CANCER",0.202083333333333,0.393150845864662,0.139599673451922,0.388277771561831,1.20706922936583,26,"AKT3;GSK3B;NR4A1;FOXO3;CDKN1B;RICTOR;RPS6KB2","wald_stat",FALSE
"REACTOME_SIGNALING_BY_ERBB4",0.203252032520325,0.394682652267423,0.137250779610133,0.329240429164861,1.17165306564489,48,"RPS27A;EREG;EGF;EGFR;NEDD4;ITCH;NRG2;GRB2;HBEGF;PSENEN;ERBB3;SOS1","wald_stat",FALSE
"REACTOME_HSP90_CHAPERONE_CYCLE_FOR_STEROID_HORMONE_RECEPTORS_SHR_IN_THE_PRESENCE_OF_LIGAND",0.204280155642023,0.395936256721899,0.133554954557592,-0.342823608485545,-1.18196026134742,46,"TUBB3;TUBA1C;TUBA1B;DYNC1I1;TUBB4A;TUBA1A;DYNLL1;TUBB4B","wald_stat",FALSE
"REACTOME_NUCLEAR_EVENTS_STIMULATED_BY_ALK_SIGNALING_IN_CANCER",0.205338809034908,0.397244238039494,0.137250779610133,0.38231028654905,1.19615474222226,27,"MAPK1;JUNB;AGO4;AGO1;AGO2;BCL2A1;AGO3;TWIST1;SKP1;FOXM1;MECP2","wald_stat",FALSE
"REACTOME_MITOCHONDRIAL_BIOGENESIS",0.206225680933852,0.398215633892793,0.132846300606183,-0.304490881036995,-1.17220451078263,92,"HELZ2;ATP5MF;CYCS;TFAM;ATP5PB;CHD9;PPARGC1B;ATP5MC1;MAPK12;ATP5MK;ATP5F1A;ATP5MC3;ATP5F1D;CRTC1;ATP5F1E;ATP5PD;ATP5F1B;DMAC2L;TWNK;CREBBP;SAMM50;HSPA9;IMMT;MAPK11","wald_stat",FALSE
"REACTOME_FCERI_MEDIATED_CA_2_MOBILIZATION",0.20703933747412,0.399042298483639,0.137250779610133,0.40484766159975,1.2164014823563,23,"ITPR3;NFATC1;GRB2;CALM1;AHCYL1;SOS1;ITPR2;PPP3CA","wald_stat",FALSE
"REACTOME_LDL_CLEARANCE",0.208984375,0.402042431459108,0.132147260608774,-0.453151926353191,-1.23951146096948,16,"LSR;AP2M1;AP2S1;NPC2;LIPA","wald_stat",FALSE
"REACTOME_TRANSCRIPTIONAL_REGULATION_BY_RUNX1",0.210300429184549,0.403823644166992,0.13880510939114,0.256923874048805,1.12124194557829,166,"RPS27A;CCND1;LIFR;THBS1;PTPN11;H3C4;SOCS4;AUTS2;GATA2;PHC3;PCGF5;AGO4;ITCH;TNRC6A;H2BC5;PHC1;H2BC8;H2BC21;CSNK2A1;HIPK2;H2AC19;ELF1;TJP1;H2BC4;AGO1;PSMD7;AGO2;PSMD14;AGO3","wald_stat",FALSE
"REACTOME_N_GLYCAN_ANTENNAE_ELONGATION_IN_THE_MEDIAL_TRANS_GOLGI",0.210855949895616,0.404140570633264,0.136490437780413,0.423691145534373,1.21034505883671,19,"FUT8;MGAT5;ST3GAL4;MAN2A2;MAN2A1;B4GALT4;MGAT4B;FUCA1","wald_stat",FALSE
"REACTOME_GLUTAMATE_NEUROTRANSMITTER_RELEASE_CYCLE",0.213849287169043,0.409120170462032,0.133554954557592,0.429475318956727,1.21856078253596,18,"SLC1A3;RIMS1","wald_stat",FALSE
"REACTOME_NUCLEAR_SIGNALING_BY_ERBB4",0.21455938697318,0.409721338592696,0.128788713061714,-0.393921578647709,-1.21334238545431,25,"SPARC;APOE;CXCL12;S100B;NCSTN;NRG3;STMN1","wald_stat",FALSE
"REACTOME_RHOU_GTPASE_CYCLE",0.215139442231076,0.410072417512271,0.131457611642763,0.342180877703911,1.1736353766138,39,"PAK1;PAK3;GIT1;SPTBN1;ITSN2;MYO6;IQGAP1;CLTC;GRB2;ARHGEF6;EPHA2;PEAK1;ARHGEF7;USP9X","wald_stat",FALSE
"REACTOME_CELLULAR_RESPONSE_TO_HYPOXIA",0.217307692307692,0.412903200818021,0.128142916898415,-0.322431824548135,-1.16192481545273,60,"HIF1A;HIF1AN;EGLN3;PSMB4;PSMC3;UBB;PSMD8;PSMB7;LIMD1;VHL;PSMA5;CREBBP;PSMB3;PSMA6;ELOC;PSMD6;PSMA2;PSMD13;EGLN2;RBX1;ELOB;PSMA7;ADRM1;PSMB1;UBA52;PSMC5;PSMD1;PSMA1;PSMA3","wald_stat",FALSE
"REACTOME_INTEGRATION_OF_ENERGY_METABOLISM",0.217922606924644,0.412903200818021,0.132147260608774,0.292458932202029,1.14692102903411,81,"GNG2;ITPR3;ADCY3;GNG11;GNB1;PRKAG2;ACSL4;PRKCA;PPP2R5D;IQGAP1;ACACB;GNG12;AHCYL1;ADCY9;PPP2CA;RAP1A;PLCB3;GNB5;ITPR2;PRKAR2A;AKAP5;ACLY;PRKACB","wald_stat",FALSE
"REACTOME_ION_HOMEOSTASIS",0.217922606924644,0.412903200818021,0.132147260608774,0.359969105141586,1.18457046320436,33,"ATP2B1;ITPR3;CAMK2G;TRPC1;CALM1;AHCYL1;ATP2A3;FKBP1B;ORAI1;ITPR2;ATP2B4;ATP1A3","wald_stat",FALSE
"REACTOME_RHOA_GTPASE_CYCLE",0.218220338983051,0.412903200818021,0.135002033828631,0.264699517301804,1.12583471705159,133,"CAV1;LMAN1;BCR;JUP;ROCK2;ANLN;TRIO;NGEF;PKN1;ROCK1;RACGAP1;ARHGAP18;PKN2;IQGAP1;DIAPH3;ACBD5;ARHGAP11B;ARHGAP6;SLK;TJP2;PREX1;ARHGEF28;ARHGEF7;DAAM1;SOWAHC;FAM13A;STARD13;ARHGAP11A;ERBIN;FMNL3;PLEKHG5;OBSCN;SCFD1;TEX2;PGRMC2;ABCD3;ARHGEF4;CIT","wald_stat",FALSE
"REACTOME_TRANSCRIPTIONAL_REGULATION_OF_GRANULOPOIESIS",0.219512195121951,0.414589638597116,0.131457611642763,0.323046494778781,1.14961099070816,48,"KLF5;H3C4;E2F1;GATA2;H2BC5;H2BC8;H2BC21;H2AC19;H2BC4;TFDP1;DEK;MYC;RARA;RXRA","wald_stat",FALSE
"REACTOME_PROCESSING_OF_DNA_DOUBLE_STRAND_BREAK_ENDS",0.220125786163522,0.414991236209919,0.133554954557592,0.29243608497382,1.13447542468314,77,"RPS27A;NSD2;RPA1;RNF168;UIMC1;H2BC5;H2BC8;NBN;H2BC21;RNF8;BARD1;H2BC4;RAD17;CCNA1;EXO1;RAD9A;HUS1;RMI1;MRE11;SIRT6;H2BC15;RAD9B;PPP4R2","wald_stat",FALSE
"REACTOME_PARACETAMOL_ADME",0.220703125,0.415266757660752,0.128142916898415,-0.449448575123767,-1.22938164351553,16,"GSTP1;GGT7;GGT5;ACY1;NAT1;ABCC5;SULT1A3","wald_stat",FALSE
"REACTOME_KSRP_KHSRP_BINDS_AND_DESTABILIZES_MRNA",0.221074380165289,0.415266757660752,0.132147260608774,0.432254702589238,1.20510343097549,17,"DIS3;YWHAZ;MAPK14;DCP2;KHSRP","wald_stat",FALSE
"REACTOME_VASOPRESSIN_REGULATES_RENAL_WATER_HOMEOSTASIS_VIA_AQUAPORINS",0.222672064777328,0.41751012145749,0.130105630751129,0.35958495197684,1.17396845686811,32,"GNG2;ADCY3;GNG11;GNB1;GNG12;MYO5B;ADCY9;AQP1;GNB5;PRKAR2A","wald_stat",FALSE
"REACTOME_TRAFFICKING_OF_AMPA_RECEPTORS",0.224137931034483,0.419498659350253,0.12563992130984,-0.390951580453632,-1.20419430906315,25,"AP2M1;DLG1;AP2S1;PRKCB;MDM2;CACNG4","wald_stat",FALSE
"REACTOME_UB_SPECIFIC_PROCESSING_PROTEASES",0.225321888412017,0.420926416761328,0.133554954557592,0.256373219682568,1.11389175916733,162,"RPS27A;RNF128;USP7;SMURF2;AR;UFD1;SNX3;MDM4;TAF10;TNKS2;H2BC5;TRAF6;H2BC8;H2BC21;TOMM20;USP21;USP12;H2AC19;USP47;IL33;BECN1;CYLD;PTEN;BIRC2;ADRB2;H2BC4;SMAD3;MAT2B;USP3;USP9X;PSMD7;SMAD2;TNKS;SMAD4;PSMD14;MAP3K7;MYC;IDE;SUDS3;CCNA1","wald_stat",FALSE
"REACTOME_INTERACTION_BETWEEN_L1_AND_ANKYRINS",0.225868725868726,0.420926416761328,0.12563992130984,-0.409999282206156,-1.18698905158933,20,"L1CAM;ACTB;SCN9A;ANK1;SPTBN5;SPTAN1","wald_stat",FALSE
"REACTOME_GLYCOSAMINOGLYCAN_METABOLISM",0.226120857699805,0.420926416761328,0.126253987849115,-0.291604265616442,-1.14125119037072,105,"SDC3;GPC1;HSPG2;CHST15;CHSY3;AGRN;HS6ST1;IDS;CHPF2;GNS;CEMIP;BGN;B4GALT5;CHSY1;HAS3;ST3GAL2;HYAL3;HS3ST1;HMMR;CHST7;SDC2;B3GALT6;CHST12;HGSNAT;HS3ST5;EXTL3;EXT1;CHST2;HEXA","wald_stat",FALSE
"REACTOME_MATURATION_OF_TCA_ENZYMES_AND_REGULATION_OF_TCA_CYCLE",0.227533460803059,0.422795568996708,0.124434168630393,-0.417882354821437,-1.19841075633337,19,"ACO2;ISCA1;FXN","wald_stat",FALSE
"REACTOME_SENESCENCE_ASSOCIATED_SECRETORY_PHENOTYPE_SASP",0.229287090558767,0.424589768339768,0.124434168630393,-0.318179614562447,-1.17201492962044,72,"IGFBP7;UBE2C;CDK6;STAT3;CDK4;H2AX;H3-3A;H3-3B;H3C6;CDC27;CDKN2C;FOS;UBB","wald_stat",FALSE
"REACTOME_SUMOYLATION_OF_TRANSCRIPTION_COFACTORS",0.229674796747967,0.424589768339768,0.128142916898415,0.327909436056324,1.155577362772,44,"MBD1;NRIP1;PHC3;NCOA1;PHC1;HIPK2;UHRF2;NCOA2;PPARGC1A;MRTFA;SIN3A","wald_stat",FALSE
"REACTOME_INTEGRIN_SIGNALING",0.22972972972973,0.424589768339768,0.124434168630393,-0.411471781789607,-1.20556893621745,21,"FN1;SHC1","wald_stat",FALSE
"REACTOME_APOPTOTIC_CLEAVAGE_OF_CELLULAR_PROTEINS",0.230142566191446,0.424594573989566,0.128142916898415,0.355584601482496,1.17014213183874,33,"SATB1;DSG2;PTK2;ROCK1;APC;TJP2;BIRC2;TJP1;PKP1;PLEC;STK24","wald_stat",FALSE
"REACTOME_DENGUE_VIRUS_ACTIVATES_MODULATES_INNATE_AND_ADAPTIVE_IMMUNE_RESPONSES",0.231060606060606,0.425529763830476,0.122679189568808,-0.384882627606167,-1.17594414914401,24,"PML;CLU;IFIH1;STING1;HSP90AB1;C4A;RBM10;STAT2","wald_stat",FALSE
"REACTOME_NOTCH2_ACTIVATION_AND_TRANSMISSION_OF_SIGNAL_TO_THE_NUCLEUS",0.234177215189873,0.430503406254918,0.129442887745046,0.393829812425027,1.19508968566938,24,"JAG1;RPS27A;NOTCH2;MIB1;ADAM10;NOTCH2NLA;PSENEN","wald_stat",FALSE
"REACTOME_CHROMATIN_ORGANIZATION",0.235789473684211,0.430668016194332,0.128788713061714,0.238668577145769,1.08786459982088,235,"CCND1;NSD2;KDM5A;PHF20;H3C4;KDM6B;TBL1X;JADE2;KDM7A;NSD3;TAF10;MECOM;RCOR1;DOT1L;KDM6A;KDM1B;KDM3A;ARID5B;NCOA1;H2BC5;GATAD2A;H2BC8;H2BC21;JADE3;H2AC19;TAF5L;MORF4L2;KAT14;MSL3;CHD3;SAP130;TADA2A;NCOA2;MSL1;H2BC4","wald_stat",FALSE
"REACTOME_BASE_EXCISION_REPAIR",0.236401673640167,0.430668016194332,0.128142916898415,0.301042354230967,1.13383969253079,64,"RPA1;RFC1;SMUG1;H2BC5;POLD3;H2BC8;H2BC21;H2AC19;PARP2;H2BC4;POT1","wald_stat",FALSE
"REACTOME_GLUTATHIONE_CONJUGATION",0.236580516898608,0.430668016194332,0.124434168630393,-0.379871869034853,-1.16550803567796,28,"MGST1;GSTP1;GSTZ1;GSTM2;GSTM4;GSTK1;GGT7;GGT5","wald_stat",FALSE
"REACTOME_COBALAMIN_CBL_VITAMIN_B12_TRANSPORT_AND_METABOLISM",0.237154150197628,0.430668016194332,0.12384217120105,-0.45593617652312,-1.22542459880067,15,"ABCD4;MMACHC;CUBN;PRSS3;MMAA;MMAB;LDLRAP1;MTRR","wald_stat",FALSE
"REACTOME_G_ALPHA_I_SIGNALLING_EVENTS",0.237179487179487,0.430668016194332,0.129442887745046,0.2574826647294,1.10611549879377,150,"MAPK1;ANXA1;RGS3;GNG2;ITPR3;PPP3CC;ADCY3;CXCR4;LPAR1;GNG11;CAMK2G;GNB1;RGS10;CAMKK2;RGS4;PRKCA;PPP2R5D;CALM1;NPY2R;NBEA;GNG12;AHCYL1;ADCY9;PPP2CA;PLCB3;RGS20;GPSM2;TAS2R20;GNB5;ITPR2;C3AR1;PRKAR2A;ADORA1;CXCL8;RGS19;PPP3CA;PRKACB;OPN3;CCL28;RGS11;CREB1;SRC;PLA2G4A;GNG3","wald_stat",FALSE
"REACTOME_JNK_C_JUN_KINASES_PHOSPHORYLATION_AND_ACTIVATION_MEDIATED_BY_ACTIVATED_HUMAN_TAK1",0.237179487179487,0.430668016194332,0.129442887745046,0.401675163163029,1.18344576687117,22,"RPS27A;IRAK1;RIPK2;MAPK9;TRAF6;MAPK8;MAP3K7;MAP2K4","wald_stat",FALSE
"REACTOME_REGULATION_OF_BETA_CELL_DEVELOPMENT",0.237179487179487,0.430668016194332,0.129442887745046,0.402482560655019,1.18582458247071,22,"AKT3;HES1;PAX6;SNW1;KAT2A;MAFA;RBPJ;FOXO1;MAML1;NKX2-2","wald_stat",FALSE
"REACTOME_RUNX1_INTERACTS_WITH_CO_FACTORS_WHOSE_PRECISE_EFFECT_ON_RUNX1_TARGETS_IS_NOT_KNOWN",0.23943661971831,0.434005081275745,0.124434168630393,0.343027973036557,1.15643315037478,36,"AUTS2;PHC3;PCGF5;PHC1;CSNK2A1;HIPK2","wald_stat",FALSE
"REACTOME_PINK1_PRKN_MEDIATED_MITOPHAGY",0.240963855421687,0.436009773359171,0.12384217120105,0.35975264953557,1.16423397415081,31,"RPS27A;SQSTM1;UBE2L3;UBE2D3;TOMM20;ATG9A;OPTN;MAP1LC3A;MAP1LC3B;VDAC1;TBK1;ATG5","wald_stat",FALSE
"REACTOME_PLATELET_AGGREGATION_PLUG_FORMATION",0.242424242424242,0.437886720609234,0.119348440591015,-0.380116522476276,-1.1613821163587,24,"FN1;SHC1","wald_stat",FALSE
"REACTOME_E3_UBIQUITIN_LIGASES_UBIQUITINATE_TARGET_PROTEINS",0.242914979757085,0.438008717854674,0.12384217120105,0.313063367217432,1.12919425680914,51,"RPS27A;CDC73;UBE2L3;SHPRH;H2BC5;UBE2D3;H2BC8;DERL1;H2BC4;RAD18;HLTF;RNF40;BCL10;RNF144A","wald_stat",FALSE
"REACTOME_DEGRADATION_OF_DVL",0.245614035087719,0.44138449910201,0.120433371642259,-0.332899975098658,-1.13609727198629,43,"PSMB4;PSMC3;UBB;PSMD8;PSMB7;PSMA5;PSMB3;PSMA6;DVL3;PSMD6;PSMA2;PSMD13;RBX1;PSMA7;ADRM1;PSMB1;UBA52;PSMC5;PSMD1;PSMA1;PSMA3","wald_stat",FALSE
"REACTOME_SIGNALING_BY_FGFR1_IN_DISEASE",0.246031746031746,0.44138449910201,0.121543282035469,-0.363675228312634,-1.1485662882801,31,"STAT3;STAT1;CUX1;FGFR1;MYO18A;ERLIN2;FRS2;CEP43;LRRFIP1","wald_stat",FALSE
"REACTOME_FATTY_ACID_METABOLISM",0.246212121212121,0.44138449910201,0.118287526124085,-0.268032643721203,-1.11280636406631,138,"DBI;SCD5;ELOVL6;CRAT;AKR1C3;PPT2;SLC27A3;ACADVL;CYP4F3;ALOX12B;ECI1;PON2;PTGS1;HADHB;CPT1B;ACSL5;ACOT2;SLC22A5;CBR4;SLC25A17;TBXAS1;ACOT8;ACBD4;MCAT;GPX4;MMAA;FADS2;NUDT19;HACD1;PPARD;ACAA1;CYP2C19;MAPKAPK2;GGT5;TECR;ACOT7;ACOX3","wald_stat",FALSE
"REACTOME_DOWNSTREAM_SIGNAL_TRANSDUCTION",0.246492985971944,0.44138449910201,0.122107920287081,0.365064063239139,1.16544326456163,28,"CRKL;PTPN11;PDGFB;GRB2;RASA1;STAT5B;SOS1;PDGFRA","wald_stat",FALSE
"REACTOME_NITRIC_OXIDE_STIMULATES_GUANYLATE_CYCLASE",0.24703557312253,0.441483260448778,0.120985142145252,-0.452635639677655,-1.21655371018085,15,"NOS2;GUCY1A2;KCNMB2;PDE10A;PDE9A","wald_stat",FALSE
"REACTOME_TRANSCRIPTIONAL_REGULATION_OF_WHITE_ADIPOCYTE_DIFFERENTIATION",0.247401247401247,0.441483260448778,0.124434168630393,0.288457139834902,1.11690592302055,75,"MED15;KLF5;ANGPTL4;PPARA;MED14;TBL1X;TGFB1;MED13;NCOA1;NCOA2;RELA;MED1;PPARGC1A;NCOA6;RXRA","wald_stat",FALSE
"REACTOME_FGFR1_MUTANT_RECEPTOR_ACTIVATION",0.25,0.445352839931153,0.117249716749792,-0.376030104770962,-1.14889675420709,24,"STAT3;STAT1;CUX1;FGFR1;MYO18A;ERLIN2;CEP43;LRRFIP1","wald_stat",FALSE
"REACTOME_MEIOSIS",0.252587991718426,0.448025699109514,0.122679189568808,0.293548725237619,1.12921121715117,72,"SMC3;RPA1;H3C4;SMC1A;STAG2;H2BC5;H2BC8;NBN;H2BC21;MLH3;H2AC19;SUN2;PSMC3IP;H2BC4;POT1","wald_stat",FALSE
"REACTOME_ACTIVATION_OF_MATRIX_METALLOPROTEINASES",0.253061224489796,0.448025699109514,0.121543282035469,0.431469548162626,1.18052851196822,16,"MMP1;FURIN;MMP10;MMP2","wald_stat",FALSE
"REACTOME_NR1H3_NR1H2_REGULATE_GENE_EXPRESSION_LINKED_TO_CHOLESTEROL_TRANSPORT_AND_EFFLUX",0.253937007874016,0.448025699109514,0.118815039412263,-0.360209002793622,-1.15030075957829,32,"APOD;ARL4C;APOE;TNRC6B","wald_stat",FALSE
"REACTOME_BILE_ACID_AND_BILE_SALT_METABOLISM",0.254509018036072,0.448025699109514,0.119887845115423,0.359035274041311,1.15089530709764,29,"SLCO1B3;CYP27A1;OSBPL1A;NCOA1;CYP46A1;NCOA2;OSBPL6;RXRA;OSBPL9;OSBPL3;HSD3B7;AMACR;SCP2","wald_stat",FALSE
"REACTOME_G_PROTEIN_ACTIVATION",0.255102040816327,0.448025699109514,0.120985142145252,0.429988806144068,1.17647710630304,16,"GNG2;GNG11;GNB1;GNG12;GNB5","wald_stat",FALSE
"REACTOME_SULFUR_AMINO_ACID_METABOLISM",0.255681818181818,0.448025699109514,0.115734447701689,-0.375261631809762,-1.14654881429586,24,"SLC25A10;TXN2;CBS;MRI1;APIP;ETHE1;GOT1;AHCY;ADO;MTRR","wald_stat",FALSE
"REACTOME_SARS_COV_1_HOST_INTERACTIONS",0.255769230769231,0.448025699109514,0.116739204791222,-0.292715886949193,-1.12487067379254,89,"BST2;KPNA2;SFN;PPIA;RIGI;FKBP1A;IFIH1;PPIB;KPNB1;STING1","wald_stat",FALSE
"REACTOME_ACTIVATION_OF_ATR_IN_RESPONSE_TO_REPLICATION_STRESS",0.255952380952381,0.448025699109514,0.118815039412263,0.336283014576265,1.14457896358149,37,"RPA1;MCM4;MCM6;CDC45;MCM3;RAD17;RAD9A;HUS1;MCM7;RAD9B;ORC2;ORC1","wald_stat",FALSE
"REACTOME_NOTCH4_INTRACELLULAR_DOMAIN_REGULATES_TRANSCRIPTION",0.256198347107438,0.448025699109514,0.121543282035469,0.418992335448444,1.16812864724615,17,"NOTCH2;HES1;SNW1;SMAD3","wald_stat",FALSE
"REACTOME_PIWI_INTERACTING_RNA_PIRNA_BIOGENESIS",0.256198347107438,0.448025699109514,0.121543282035469,0.419888598479881,1.17062738155204,17,"HSP90AA1;POLR2A","wald_stat",FALSE
"REACTOME_AURKA_ACTIVATION_BY_TPX2",0.25626204238921,0.448025699109514,0.116739204791222,-0.310295416316857,-1.14297347746887,72,"TUBB;PLK1;TUBB4A;TUBA1A;CEP192;DYNLL1;TUBB4B;CLASP1;PPP2R1A;AURKA;HMMR;CEP43;CSNK1D;PRKACA;ALMS1;CEP70;HAUS5","wald_stat",FALSE
"REACTOME_SLC_MEDIATED_TRANSPORT_OF_AMINO_ACIDS",0.258547008547009,0.450980392156863,0.123257226381337,0.391785923772796,1.15430934130334,22,"SLC1A3;SLC7A11;SLC6A6","wald_stat",FALSE
"REACTOME_NEGATIVE_REGULATION_OF_NOTCH4_SIGNALING",0.258823529411765,0.450980392156863,0.117249716749792,-0.327124962059497,-1.12002176663719,44,"PSMB4;PSMC3;UBB;PSMD8;PSMB7;PSMA5;PSMB3;PSMA6;PSMD6;TACC3;PSMA2;PSMD13;RBX1;PSMA7;ADRM1;PSMB1;UBA52;PSMC5;PSMD1;PSMA1;PSMA3","wald_stat",FALSE
"REACTOME_FORMATION_OF_THE_CANONICAL_BAF_CBAF_COMPLEX",0.264187866927593,0.458335911120084,0.115734447701689,-0.413255154344775,-1.15837266344485,18,"ACTB;SMARCD1;DPF3;BCL7A","wald_stat",FALSE
"REACTOME_ROS_AND_RNS_PRODUCTION_IN_PHAGOCYTES",0.264367816091954,0.458335911120084,0.114266502484433,-0.374466801291646,-1.15341851419363,25,"NOS2;ATP6V0E2;ATP6V0C;ATP6V0D1;ATP6V1G1;ATP6V1H;ATP6V0B;ATP6V1F;ATP6V1C1;ATP6V0A1;ATP6V1E2","wald_stat",FALSE
"REACTOME_ACTIVATION_OF_IRF3_IRF7_MEDIATED_BY_TBK1_IKK_IKBKE",0.264462809917355,0.458335911120084,0.119348440591015,0.415483436164023,1.15834602014858,17,"RPS27A;PTPN11;OPTN;LY96;TBK1;TANK;IKBKE;TICAM1;TICAM2","wald_stat",FALSE
"REACTOME_MATERNAL_TO_ZYGOTIC_TRANSITION_MZT",0.265432098765432,0.458335911120084,0.118815039412263,0.29050875326317,1.11634744703589,71,"HIRA;KDM5A;H3C4;KDM6B;CNOT1;KDM6A;H2BC5;H2BC8;H2BC21;H2AC19;CNOT2;H2BC4;AGO2;EIF4B;SRPK1;EIF4A2;EIF4E;CNOT9;ZFP36L2;CNOT8;H2BC15;PAIP1;POLR2D","wald_stat",FALSE
"REACTOME_SIGNALING_BY_FGFR_IN_DISEASE",0.265748031496063,0.458335911120084,0.115734447701689,-0.321339863323976,-1.11925375038875,51,"STAT3;STAT1;CUX1;POLR2I;FGFR1;POLR2L;MYO18A;POLR2F;ERLIN2;FRS2;CEP43;LRRFIP1","wald_stat",FALSE
"REACTOME_DEVELOPMENTAL_LINEAGES_OF_THE_MAMMARY_GLAND",0.265917602996255,0.458335911120084,0.112378519110475,-0.387634132866208,-1.16182683220727,22,"CD24;TFAP2A;ITGB1;MUC1;ERBB2","wald_stat",FALSE
"REACTOME_FORMATION_OF_THE_POLYBROMO_BAF_PBAF_COMPLEX",0.26614481409002,0.458335911120084,0.115240003147781,-0.41106989359278,-1.15224727991122,18,"ACTB;SMARCD1;BCL7A;BRD7;PBRM1;BCL7C;SMARCD2;SMARCC2;SMARCD3","wald_stat",FALSE
"REACTOME_HIGH_LAMINAR_FLOW_SHEAR_STRESS_ACTIVATES_SIGNALING_BY_PIEZO1_AND_PECAM1_CDH5_KDR_IN_ENDOTHELIAL_CELLS",0.268993839835729,0.462472797724218,0.11776578836269,0.303770729407007,1.12172495055648,57,"GNG2;ADCY3;GNG11;GNB1;CAPN2;PKN2;CDH5;PANX1;CALM1;GNG12;RICTOR;KDR;ADCY9","wald_stat",FALSE
"REACTOME_TNF_SIGNALING",0.269776876267748,0.463049862250613,0.116739204791222,0.303799123895863,1.11472027290751,55,"TNFAIP3;RPS27A;UBE2L3;UBE2D3;USP21;RACK1;CYLD;BIRC2;OPTN;MAP3K7","wald_stat",FALSE
"REACTOME_METABOLISM_OF_CARBOHYDRATES_AND_CARBOHYDRATE_DERIVATIVES",0.273764258555133,0.469115906630071,0.11146266692298,-0.244563567576177,-1.08844370623449,236,"SDC3;GPC1;G6PD;NUP210;HSPG2;CHST15;CHSY3;AGRN;HS6ST1;IDS;CHPF2;G6PC3;GAA;GNS;PGD;PFKFB3;CEMIP;BGN;B4GALT5;CHSY1;HAS3;GYS1;PC;ST3GAL2;ENO1;AKR1B1;TPR;PFKP;PPP2R1A;HYAL3;MAN2C1;PHKG1;UBB;HS3ST1;MAN2B1;HMMR;CHST7;SDC2;AAAS;B3GALT6;GALM;HK1;PRKACA;CHST12;HGSNAT;HS3ST5;FUT1;EXTL3;PHKG2;RPIA;EXT1;CHST2;PFKM;PCK2;NUP93;HEXA;TPI1;PGLS;POM121","wald_stat",FALSE
"REACTOME_NEDDYLATION",0.275154004106776,0.470718007025642,0.116234148779716,0.237744713303392,1.07339692550464,212,"RPS27A;FEM1C;CUL4A;FBXW11;FBXO21;COPS4;LMO7;SQSTM1;UFD1;FBXO11;WSB2;BTBD1;COMMD7;TULP4;UBE2D3;KLHL2;UBE2F;ERCC8;DCAF6;PUM2;DCAF11;KLHL3;FBXO41;SPSB1;KLHL21;PSMD7;DCUN1D3;COPS2;DCAF16;CUL2;PSMD14;CUL5;FBXL20;FBXO31;SKP1;KBTBD7;FBXO7;RBBP7;DCUN1D2;CUL4B;CUL3;CISH;EPAS1;COMMD10;FBXL16;BTRC;CAND1;FBXO15;NUB1;FBXO2;COMMD8;FBXO22;COMMD2;FBXW7;DCAF13;SOCS5","wald_stat",FALSE
"REACTOME_PCP_CE_PATHWAY",0.276264591439689,0.471838039835112,0.112378519110475,-0.299450833193085,-1.10732141825043,76,"AP2M1;PFN1;FZD1;FZD8;FZD7;AP2S1;VANGL2;PRKCB;PSMB4;PSMC3;UBB;PSMD8;FZD2;PSMB7;PSMA5;PSMB3;PSMA6;RYK;DVL3;PSMD6;SCRIB;PSMA2;PRKCG;PSMD13;AP2A2;RHOA;PSMA7;ADRM1;PSMB1;UBA52;PSMC5;PSMD1;PSMA1;PSMA3","wald_stat",FALSE
"REACTOME_RESPIRATORY_SYNCYTIAL_VIRUS_INFECTION_PATHWAY",0.278586278586279,0.47456189937818,0.116234148779716,0.272058214672528,1.09982212872073,100,"MED15;HSP90AA1;RPS27A;HSPA8;PPP1CC;FURIN;EGFR;MED14;SDC1;TLR6;XPO1;RAB5A;MED13;GPC4;CSNK2A1;ARIH1;BECN1;IFNAR1","wald_stat",FALSE
"REACTOME_TRANSCRIPTIONAL_REGULATION_OF_BROWN_AND_BEIGE_ADIPOCYTE_DIFFERENTIATION",0.279503105590062,0.47456189937818,0.115734447701689,0.377374717097697,1.1338565312877,23,"PPARA;DIO2;NCOA1;GATAD2A;CHD3;SMAD4;PPARGC1A;RXRA;RBBP7","wald_stat",FALSE
"REACTOME_DOWNSTREAM_SIGNALING_OF_ACTIVATED_FGFR4",0.279591836734694,0.47456189937818,0.114750719227023,0.41911074667263,1.14671403399445,16,"PTPN11;FGF1;GRB2;FGF2;SOS1","wald_stat",FALSE
"REACTOME_CALNEXIN_CALRETICULIN_CYCLE",0.279693486590038,0.47456189937818,0.110564716336619,-0.367862037807913,-1.13006631520184,26,"CALR;MAN1B1;GANAB;OS9;PRKCSH;UBB","wald_stat",FALSE
"REACTOME_HIV_LIFE_CYCLE",0.283613445378151,0.480373083085374,0.115734447701689,0.253896998367693,1.08759856022652,144,"RPS27A;NUP58;POLR2A;FURIN;CXCR4;NUP50;RANBP1;PSIP1;TCEA1;TAF5;NUP133;XPO1;TAF10;CCNK;XRCC5;RNMT;GTF2H2;KPNA1;HMGA1;CCNT2;POM121C;SSRP1;VPS37A;VPS4A;MVB12B;SEC13;NDC1;NMT2;NELFB;NUP188;CHMP2A;LIG4;CDK7;NUP155;TAF15;NUP43;NEDD4L;ERCC3;NUP160;POLR2D;NUP153;NELFA;CHMP7","wald_stat",FALSE
"REACTOME_POST_TRANSLATIONAL_MODIFICATION_SYNTHESIS_OF_GPI_ANCHORED_PROTEINS",0.284046692607004,0.480373083085374,0.110564716336619,-0.316298541464383,-1.10721210216659,52,"THY1;GPAA1;PIGT;PIGB;PIGZ;DPM2;PIGU;PIGL","wald_stat",FALSE
"REACTOME_PROTEIN_METHYLATION",0.287190082644628,0.484896795329837,0.11378726182188,0.409830618646904,1.14258626150685,17,"HSPA8;CALM1;EEF1A1;EEF1AKMT2;PRMT3","wald_stat",FALSE
"REACTOME_DNA_DOUBLE_STRAND_BREAK_REPAIR",0.289699570815451,0.48811674681829,0.115734447701689,0.251965251846089,1.08184805312531,149,"RPS27A;NSD2;RPA1;POLK;GEN1;RAD51B;RFC1;XRCC5;RNF168;UIMC1;H2BC5;POLD3;H2BC8;NBN;SMARCA5;H2BC21;RNF8;BARD1;PARP2;RAD51AP1;EYA3;H2BC4;APBB1;RAD17;RAD52;MAPK8;NHEJ1","wald_stat",FALSE
"REACTOME_RND2_GTPASE_CYCLE",0.290258449304175,0.48811674681829,0.110564716336619,-0.333307899964551,-1.11016365518626,40,"DST;KTN1;FNBP1;WDR6;PRAG1;VANGL2;DLG5;FRS2;PIK3R2;ARHGAP35;TNFAIP1","wald_stat",FALSE
"REACTOME_RHOF_GTPASE_CYCLE",0.290581162324649,0.48811674681829,0.11101149245045,0.323888833596599,1.11819823570172,40,"CAV1;ACTN1;BAIAP2L1;AKAP12;TOR1AIP1;DIAPH3;FAM169A","wald_stat",FALSE
"REACTOME_GLYCEROPHOSPHOLIPID_BIOSYNTHESIS",0.290983606557377,0.48811674681829,0.112378519110475,0.269539245404591,1.09726509677626,103,"MGLL;MBOAT2;ETNK1;PITPNM3;OSBPL8;CPNE3;AGPAT3;AGPAT5;STARD10;LPCAT2;CSNK2A1;SLC44A1;ACHE;CDIPT;LPIN2;ABHD3;CHPT1;CDS1;PITPNM2;DDHD2;CPNE7;PNPLA8;PLA2G4C;ETNK2;PITPNB;LCLAT1;GPD2;PLA2G4A;PCTP;LPGAT1;PISD;CEPT1;DDHD1","wald_stat",FALSE
"REACTOME_SIGNALING_BY_ALK",0.293103448275862,0.490180168245347,0.107554375265169,-0.362366200848876,-1.1161467012174,25,"SHC1;HIF1A;STAT3;MDK;FRS2;PIK3R2;PTPRZ1","wald_stat",FALSE
"REACTOME_REGULATION_OF_RUNX1_EXPRESSION_AND_ACTIVITY",0.293388429752066,0.490180168245347,0.112378519110475,0.405569722845299,1.13070710757565,17,"CCND1;PTPN11;AGO4;TNRC6A;AGO1;AGO2;AGO3","wald_stat",FALSE
"REACTOME_ADIPOGENESIS",0.293634496919918,0.490180168245347,0.111918316325105,0.27211137808396,1.09097335769626,94,"MED15;KLF5;ANGPTL4;PPARA;DIO2;MED14;TBL1X;TGFB1;MED13;NCOA1;GATAD2A;CHD3;NCOA2;RELA;MED1;SMAD4;PPARGC1A;NCOA6;RXRA;NCOA3;RBBP7","wald_stat",FALSE
"REACTOME_GLYCOSPHINGOLIPID_BIOSYNTHESIS",0.295366795366795,0.492277992277992,0.107554375265169,-0.408659491025978,-1.13564655989141,17,"ST8SIA5;UGT8;B4GALT5;ST3GAL2","wald_stat",FALSE
"REACTOME_CHK1_CHK2_CDS1_MEDIATED_INACTIVATION_OF_CYCLIN_B_CDK1_COMPLEX",0.296442687747036,0.493276819643379,0.108820126769161,-0.427902492119329,-1.15007816166249,15,"SFN;CCNB1;CHEK2;CDC25C","wald_stat",FALSE
"REACTOME_ABERRANT_REGULATION_OF_MITOTIC_G1_S_TRANSITION_IN_CANCER_DUE_TO_RB1_DEFECTS",0.297520661157025,0.494275897748829,0.11146266692298,0.403860719074872,1.12594249473291,17,"CCND1;E2F1;CDKN1B;TFDP1;CCNE2;CDKN1C","wald_stat",FALSE
"REACTOME_NEGATIVE_REGULATORS_OF_DDX58_IFIH1_SIGNALING",0.299802761341223,0.497269003186163,0.107972360317345,0.331156907647284,1.11359977741348,35,"TNFAIP3;RPS27A;NLRC5;ITCH;UBE2D3;CYLD;RNF216","wald_stat",FALSE
"REACTOME_RNA_POLYMERASE_II_TRANSCRIBES_SNRNA_GENES",0.300829875518672,0.498174273858921,0.11101149245045,0.282121571636286,1.08982269088455,73,"ELL2;POLR2A;INTS6;TAF5;RPAP2;PHAX;CCNK;ZNF143;CCNT2;NABP2;SNAPC1;INTS13;INTS8","wald_stat",FALSE
"REACTOME_SIGNALING_BY_CYTOSOLIC_FGFR1_FUSION_MUTANTS",0.301369863013699,0.498271259136067,0.107140237276725,-0.400090081032274,-1.12147037468422,18,"STAT3;STAT1;CUX1;MYO18A;CEP43;LRRFIP1","wald_stat",FALSE
"REACTOME_HDR_THROUGH_HOMOLOGOUS_RECOMBINATION_HRR",0.30188679245283,0.498329872709217,0.11146266692298,0.286033390767467,1.09189863939098,70,"RPS27A;RPA1;POLK;GEN1;RAD51B;RFC1;POLD3;NBN;BARD1;RAD51AP1;RAD17;XRCC3","wald_stat",FALSE
"REACTOME_AQUAPORIN_MEDIATED_TRANSPORT",0.303571428571429,0.500312784349409,0.107554375265169,0.334330550552039,1.11423287613327,34,"GNG2;ADCY3;GNG11;GNB1;GNG12;MYO5B;ADCY9;AQP1;GNB5;PRKAR2A","wald_stat",FALSE
"REACTOME_ACTIVATION_OF_KAINATE_RECEPTORS_UPON_GLUTAMATE_BINDING",0.305243445692884,0.50226862685554,0.103576326612592,-0.372511838365829,-1.11650190845721,22,"GRIK2;GNG7;DLG1;NCALD;GNB4","wald_stat",FALSE
"REACTOME_METABOLISM_OF_PORPHYRINS",0.307851239669421,0.504578475552063,0.109250039480711,0.383941830758201,1.11166457192763,20,"SLCO1B3;ALAD;CPOX;PPOX;BLVRA;ABCG2","wald_stat",FALSE
"REACTOME_RRNA_PROCESSING",0.308008213552361,0.504578475552063,0.108820126769161,0.236522525053702,1.0646587418833,208,"RPS27A;RPS3A;RPL9;RPL7;WDR36;DIS3;RPLP0;RPS15A;RPL23;RPS7;RPS17;RPS23;RPLP2;RPS11;RPS13;RPL5;RPL17;PDCD11;RPL39;RPL27A;RPS10;TEX10;RPL22;UTP15;RPL11;RPS25;UTP20;WDR43;CSNK1E;RPS21;RPL26;EBNA1BP2;RPL27;RPP38;RPS3;RPS18;RPS29;RPS20;GNL3;RPL4;RPL30;HEATR1;RPL34;UTP18;NOP14;RPL18A;DCAF13;IMP4;RPS27;FBL;RPS27L;RPS12;RPS14;RPS2;RPS6;NSUN4;THUMPD1;RPS4X;RPS8;RPS19;RPL13;FTSJ3;WDR46;NGRN;RPL21;DIMT1;FCF1;C1D;RPL7A;RPL13A;FASTKD2;PRORP;RPLP1;RPS16;RPL31;RPP21;UTP25;EXOSC5;RPL39L;TSR1;SNU13;EXOSC3;TSR3;DDX52","wald_stat",FALSE
"REACTOME_ABC_TRANSPORTER_DISORDERS",0.308447937131631,0.504578475552063,0.105920292736253,-0.309021578228679,-1.08714404519649,55,"OS9;ABCD4;PSMB4;PSMC3;UBB;ERLIN2;ABCA3;PSMD8;PSMB7;VCP;PSMA5;DERL2;PSMB3;PSMA6;PSMD6;PSMA2;PSMD13;PSMA7;ADRM1;PSMB1;UBA52;PSMC5;PSMD1;PSMA1;PSMA3;KCNJ11","wald_stat",FALSE
"REACTOME_ASYMMETRIC_LOCALIZATION_OF_PCP_PROTEINS",0.309055118110236,0.504578475552063,0.105920292736253,-0.312618476871605,-1.0888764284019,51,"FZD1;FZD8;FZD7;VANGL2;PSMB4;PSMC3;UBB;PSMD8;FZD2;PSMB7;PSMA5;PSMB3;PSMA6;PSMD6;SCRIB;PSMA2;PSMD13;PSMA7;ADRM1;PSMB1;UBA52;PSMC5;PSMD1;PSMA1;PSMA3","wald_stat",FALSE
"REACTOME_CLASS_I_MHC_MEDIATED_ANTIGEN_PROCESSING_PRESENTATION",0.309568480300188,0.504578475552063,0.102821842840815,-0.225901100553827,-1.04500964672718,333,"HLA-B;CALR;UBE2C;HLA-C;HLA-A;DTX3L;TAPBP;HMGB1;RNF123;UBA7;MYD88;SPSB4;ITGAV;SEC22B;HLA-F;MRC2;UBE2J2;TRIM11;UBE2V1;PSMB4;RNF4;PSMC3;CDC27;HLA-E;KEAP1;UBA5;PSMB8;PSME2;UBE2L6;UBB;LRSAM1;PSMD8;SEC61A1;RBCK1;PSMB7;ASB6;PIK3R4;FZR1;UBE2N;HERC6;VHL;UNKL;NPEPPS;RNF25;TIRAP;KLHL22;HSPA5;PSMA5;UBE2M;LRRC41;B2M;RNF220;GAN;UBAC1;HACE1;HERC2;HECTD3;TPP2;TRIM21;PJA1;PSMB3;PSMA6;PSMB9;THOP1;ELOC;PSMD6;CDC23;RNF130;FBXO32","wald_stat",FALSE
"REACTOME_EXPORT_OF_VIRAL_RIBONUCLEOPROTEINS_FROM_NUCLEUS",0.309572301425662,0.504578475552063,0.107972360317345,0.334817155693262,1.10180153669669,33,"NUP58;NUP50;HSPA1A;NUP133;XPO1;POM121C;SEC13;NDC1;NUP188;NUP155;NUP43;NUP160;NUP153","wald_stat",FALSE
"REACTOME_TRANSLATION_OF_SARS_COV_1_STRUCTURAL_PROTEINS",0.310679611650485,0.505587103865177,0.104732821580651,-0.353909575740252,-1.08926314973084,27,"PARP14;PARP9;PARP10;GANAB;ST3GAL2;PRKCSH;UBB","wald_stat",FALSE
"REACTOME_HEDGEHOG_OFF_STATE",0.312138728323699,0.506749667762468,0.103958471559957,-0.278408869984953,-1.07776545092642,93,"TUBB3;TUBA1C;TUBA1B;TUBB4A;TUBA1A;TUBB4B;PSMB4;PSMC3;UBB;IFT122;PSMD8;PRKAR1B;PSMB7;TUBB2A;GNAS;PSMA5;PRKACA;ADCY6;ADCY7;PSMB3;PSMA6;TTC21B;PSMD6;PSMA2;PSMD13;ADCY1;RBX1;PSMA7;RPGRIP1L;ADRM1;TUBB6;PSMB1;UBA52;PSMC5;PSMD1;PSMA1;PSMA3","wald_stat",FALSE
"REACTOME_DNA_DAMAGE_BYPASS",0.31237322515213,0.506749667762468,0.107140237276725,0.307404612143811,1.09284932113921,47,"RPS27A;CUL4A;RPA1;POLK;UFD1;RFC1;POLD3;POLI;RAD18","wald_stat",FALSE
"REACTOME_FORMATION_OF_INCISION_COMPLEX_IN_GG_NER",0.312883435582822,0.506783029465134,0.107554375265169,0.310737948529952,1.08430436914604,43,"RPS27A;CUL4A;RPA1;GTF2H2;PARP2;ERCC4;CUL4B;CDK7;ERCC5;ERCC3;RAD23B;UBE2V2;RAD23A;SUMO1","wald_stat",FALSE
"REACTOME_SIRT1_NEGATIVELY_REGULATES_RRNA_EXPRESSION",0.313765182186235,0.507417130566802,0.106729884364606,0.336411745449127,1.09831286183148,32,"H3C4;H2BC5;H2BC8;H2BC21;H2AC19;TAF1A;TAF1D;H2BC4","wald_stat",FALSE
"REACTOME_G_PROTEIN_MEDIATED_EVENTS",0.315040650406504,0.508684981545603,0.106729884364606,0.312085025642585,1.0998109576534,44,"MAPK1;ITPR3;ADCY3;CAMK2G;CAMKK2;PRKCA;CALM1;NBEA;AHCYL1;ADCY9;PLCB3;ITPR2;PRKAR2A","wald_stat",FALSE
"REACTOME_CROSSLINKING_OF_COLLAGEN_FIBRILS",0.31640625,0.510094188084112,0.103958471559957,-0.414328164528328,-1.13331639714808,16,"LOXL3;LOXL1;COL4A5;PXDN;COL4A2","wald_stat",FALSE
"REACTOME_INSULIN_RECEPTOR_RECYCLING",0.318007662835249,0.510112478217247,0.102449405629826,-0.357375405960153,-1.0978515493573,26,"CTSD;ATP6V0E2;ATP6V0C;ATP6V0D1;ATP6AP1;ATP6V1G1;ATP6V1H;ATP6V0B;ATP6V1F;ATP6V1C1;ATP6V0A1","wald_stat",FALSE
"REACTOME_DEPOLYMERIZATION_OF_THE_NUCLEAR_LAMINA",0.318181818181818,0.510112478217247,0.104343952581949,-0.416638187760189,-1.11980296885956,15,"CCNB1;LMNB1;PRKCB;LMNA;LPIN1;LEMD2","wald_stat",FALSE
"REACTOME_FORMATION_OF_THE_EMBRYONIC_STEM_CELL_BAF_ESBAF_COMPLEX",0.318532818532819,0.510112478217247,0.102821842840815,-0.40247584210376,-1.1184624744112,17,"ACTB;SMARCD1;BCL7A;BCL7C;SMARCD2;SMARCC2;SMARCD3;ARID1A;BCL7B","wald_stat",FALSE
"REACTOME_RAB_REGULATION_OF_TRAFFICKING",0.32,0.510112478217247,0.107972360317345,0.257617471147836,1.07325282042377,118,"AKT3;DENND1B;GGA2;RABEP1;CCZ1B;RABGEF1;RAB5A;RIN2;RAB38;TRAPPC6B;DENND3;CHML;RAB6A;RAB35;RAB33B;TBC1D15;GAPVD1;OPTN;SYTL1;RABGAP1;RIC1;RAB21;RAB1A;RAB27A;TBC1D16;RAB3GAP1;DENND4C;DENND5A;MAP1LC3B;RAB39A;RINL;GDI2;ULK1;RAB5B;MADD;RAB11A;TSC1;SBF2;RAB4A;ARF6;HPS4;TRAPPC8;DENND6A;RAB7B;TRAPPC5;DENND5B;GABARAPL2","wald_stat",FALSE
"REACTOME_FORMATION_OF_NEURONAL_PROGENITOR_AND_NEURONAL_BAF_NPBAF_AND_NBAF",0.320224719101124,0.510112478217247,0.100633389423036,-0.367277742165242,-1.10081414287467,22,"ACTB;SMARCD1;DPF3;BCL7A;BCL7C;SMARCD2;SMARCC2;SMARCD3;ARID1A","wald_stat",FALSE
"REACTOME_G1_S_DNA_DAMAGE_CHECKPOINTS",0.320754716981132,0.510112478217247,0.107554375265169,0.285868131008526,1.08036137999234,66,"RPS27A;FBXW11;PHF20;GSK3B;MAPK14;ZNF385A;MDM4;CDKN1B;PSMD7;CCNE2;PSMD14;SKP1;CSNK1E;CCNA1;CSNK1A1","wald_stat",FALSE
"REACTOME_POTASSIUM_CHANNELS",0.320987654320988,0.510112478217247,0.106323255932708,0.297121222420637,1.07730224526746,53,"GNG2;KCNF1;KCNK1;HCN2;GNG11;KCND3;GNB1;KCNH3;KCNN4","wald_stat",FALSE
"REACTOME_RAF_ACTIVATION",0.321428571428571,0.510112478217247,0.103958471559957,0.332005520277481,1.1064841820171,34,"PPP1CC;CAMK2G;PPP2R5D;MARK3;CALM1;PPP2CA;KSR1;PPP2R5B;MAP2K1;PPP2R5E;JAK2;SRC","wald_stat",FALSE
"REACTOME_REGULATION_OF_TP53_ACTIVITY_THROUGH_METHYLATION",0.321503131524008,0.510112478217247,0.107140237276725,0.387579029147663,1.10718472118635,19,"RPS27A;JMY;MDM4","wald_stat",FALSE
"REACTOME_TRANSCRIPTIONAL_REGULATION_BY_RUNX3",0.32172131147541,0.510112478217247,0.105920292736253,0.273249351456635,1.07929928992049,84,"JAG1;RPS27A;CCND1;SMURF2;HES1;TGFB1;FOXO3;BCL2L11;RUNX3;SNW1;SMAD3;PSMD7;SMAD4;PSMD14;MYC;TCF7","wald_stat",FALSE
"REACTOME_INTERLEUKIN_10_SIGNALING",0.32183908045977,0.510112478217247,0.101713902282311,-0.354499266388725,-1.09191526648143,25,"STAT3;TNFRSF1B;ICAM1;IL12A;IL18;CCL2;TYK2","wald_stat",FALSE
"REACTOME_NOTCH3_INTRACELLULAR_DOMAIN_REGULATES_TRANSCRIPTION",0.323135755258126,0.511384566807585,0.101350743797099,-0.385664491295127,-1.10601577063815,19,"WWC1;FABP7;STAT1;HEY1;CREBBP;DLGAP5;NOTCH1","wald_stat",FALSE
"REACTOME_SUMOYLATION_OF_CHROMATIN_ORGANIZATION_PROTEINS",0.324324324324324,0.512481947596451,0.106323255932708,0.288631715688823,1.07931405750241,61,"NUP58;SATB1;NUP50;PHC3;NUP133;PHC1;CHD3;POM121C;SEC13;NDC1;NUP188;NUP155;ZBED1;NUP43;NUP160;NUP153;CBX4;SUMO1;H4C14;CBX5;NUP205;SUMO3;NUP98","wald_stat",FALSE
"REACTOME_CILIUM_ASSEMBLY",0.325842696629214,0.51409632776103,0.0995791200495904,-0.244343573313176,-1.05773332468349,187,"TUBB3;TUBA1C;TUBA1B;TUBB;PLK1;TUBB4A;TUBA1A;CEP192;DYNLL1;TUBB4B;CLASP1;DYNLT2B;RAB8A;DYNC2I1;PPP2R1A;B9D1;TTC8;IFT122;TRAF3IP1;SEPTIN2;TRIP11;TUBB2A;CEP43;BBS2;CSNK1D;GBF1;PRKACA;PKD2;NPHP4;ALMS1;CEP70;HAUS5","wald_stat",FALSE
"REACTOME_CARGO_CONCENTRATION_IN_THE_ER",0.326488706365503,0.514331523726478,0.105125131597001,0.344668778364096,1.07838373238036,27,"LMAN1;SEC24D;SEC23A;CD59;SEC24B;MIA2;TGFA;GOSR2;SEC24A;TMED2","wald_stat",FALSE
"REACTOME_MITF_M_DEPENDENT_GENE_EXPRESSION",0.330543933054393,0.519928526916865,0.105520936843198,0.26642503266575,1.07169567437277,97,"SERPINE1;CDH2;CCND1;MYO5A;MET;ATP6V1E1;SOX2;MAPK14;TBX2;AGO4;ITGA2;TNRC6A;PMEL;AGO1;DCT;AGO2;BCL2A1;AGO3;ZEB1;PPARGC1A;TCF7","wald_stat",FALSE
"REACTOME_HDACS_DEACETYLATE_HISTONES",0.331975560081466,0.521388019247827,0.103576326612592,0.291859241655421,1.07212013900176,56,"H3C4;TBL1X;RCOR1;H2BC5;GATAD2A;H2BC8;H2BC21;H2AC19;CHD3;H2BC4","wald_stat",FALSE
"REACTOME_HATS_ACETYLATE_HISTONES",0.334016393442623,0.523798435171386,0.103576326612592,0.263884874102485,1.07424676315771,103,"PHF20;H3C4;JADE2;TAF10;NCOA1;H2BC5;H2BC8;H2BC21;JADE3;H2AC19;TAF5L;MORF4L2;KAT14;MSL3;SAP130;TADA2A;NCOA2;MSL1;H2BC4","wald_stat",FALSE
"REACTOME_PD_L1_CD274_GLYCOSYLATION_AND_TRANSLOCATION_TO_PLASMA_MEMBRANE",0.336116910229645,0.526295010722667,0.104343952581949,0.385833703602505,1.1021989050514,19,"RPS27A;CD274;PDCD1LG2;DAD1;OSTC;MAGT1;JAK1","wald_stat",FALSE
"REACTOME_INTRA_GOLGI_TRAFFIC",0.336653386454183,0.526338753746344,0.101350743797099,0.308552147333452,1.07730188460509,42,"MAN1A1;COG5;SNAP29;GOSR1;RAB33B;MAN2A2;VTI1A;GOSR2;MAN2A1;RIC1;STX6;COG4;CYTH3","wald_stat",FALSE
"REACTOME_TNFR1_INDUCED_PROAPOPTOTIC_SIGNALING",0.337552742616034,0.526948851595166,0.104732821580651,0.358166190575974,1.08686723708689,24,"TNFAIP3;USP21;CYLD;BIRC2;OPTN","wald_stat",FALSE
"REACTOME_O_LINKED_GLYCOSYLATION_OF_MUCINS",0.340122199592668,0.530160356292788,0.102080107662747,0.324784252606845,1.06878570148582,33,"GALNT10;GALNT16;ST3GAL4;B3GNT2;GALNT4;GALNT12;MUC20;ST3GAL3;GALNT6;B4GALT6;ST3GAL1;GALNT1;ST6GALNAC2;C1GALT1;GCNT1","wald_stat",FALSE
"REACTOME_REGULATION_OF_PD_L1_CD274_TRANSCRIPTION",0.342307692307692,0.532294105128751,0.0982123351217438,-0.290647672460061,-1.05711513117775,65,"HIF1A;STAT3;STAT1;H2AX;H3-3A;IRF1;CTNNB1;H3-3B;H3C6;FOS;TCF7L2;CREBBP;BRD4;WDR5;WWTR1","wald_stat",FALSE
"REACTOME_NR1H2_AND_NR1H3_MEDIATED_SIGNALING",0.34251968503937,0.532294105128751,0.0995791200495904,0.31043418011655,1.06679708670495,38,"NRIP1;TBL1X;KDM1B;AGO4;KDM3A;TNRC6A;NCOA1;ABCA1;SCD;AGO1;AGO2;AGO3;EEPD1;RXRA;RXRB","wald_stat",FALSE
"REACTOME_CYCLIN_D_ASSOCIATED_EVENTS_IN_G1",0.343373493975904,0.532820938928126,0.100633389423036,0.298851212593427,1.06301263914975,45,"RPS27A;CCND1;E2F1;CDKN1B;RBL1;PPP2CA;TFDP1;CCNE2;SKP1;CDKN1C;JAK2;CDK7;SRC;CCND3","wald_stat",FALSE
"REACTOME_RAS_PROCESSING",0.346153846153846,0.536331183786274,0.103958471559957,0.367138459826706,1.08169111755902,22,"RPS27A;LYPLA1;CALM1;ICMT;ARL2;FNTA","wald_stat",FALSE
"REACTOME_G_ALPHA_Z_SIGNALLING_EVENTS",0.35010060362173,0.54097181227863,0.0995791200495904,0.317259587447568,1.06956147322566,36,"GNG2;ADCY3;GNG11;GNB1;RGS4;PRKCA;GNG12;ADCY9;RGS20;GNB5","wald_stat",FALSE
"REACTOME_SIGNALING_BY_CTNNB1_PHOSPHO_SITE_MUTANTS",0.350806451612903,0.54097181227863,0.0995791200495904,0.402284184444495,1.07877944333662,15,"GSK3B;PPP2R5D;APC;PPP2CA;CSNK1A1;PPP2R5B;PPP2R5E","wald_stat",FALSE
"REACTOME_SYNAPTIC_ADHESION_LIKE_MOLECULES",0.350806451612903,0.54097181227863,0.0995791200495904,0.402938867570293,1.08053506467427,15,"PTPRF;RTN3;GRIA3","wald_stat",FALSE
"REACTOME_DOWNSTREAM_SIGNALING_OF_ACTIVATED_FGFR3",0.351239669421488,0.54097181227863,0.100990587455923,0.390900869151925,1.08981111313424,17,"PTPN11;FGF1;GRB2;FGF2;SOS1;FGF5","wald_stat",FALSE
"REACTOME_MRNA_DECAY_BY_3_TO_5_EXORIBONUCLEASE",0.353061224489796,0.542891826274616,0.0999276973731092,0.399513640467798,1.09309508747693,16,"SKIC3;DIS3;SKIC2;HBS1L;NT5C3B","wald_stat",FALSE
"REACTOME_NUCLEAR_RNA_DECAY",0.353535353535354,0.542891826274616,0.099233334377119,-0.327284699940831,-1.06429916758087,35,"WDR82;EXOSC4;EXOSC10;SRRT;EXOSC6;PABPN1;PAPOLG;MPHOSPH6;ZC3H4;MTREX;RBM7;EXOSC1","wald_stat",FALSE
"REACTOME_SUMOYLATION_OF_DNA_METHYLATION_PROTEINS",0.355102040816327,0.544489795918367,0.0995791200495904,0.398394837329749,1.09003396993255,16,"PHC3;PHC1","wald_stat",FALSE
"REACTOME_ANCHORING_OF_THE_BASAL_BODY_TO_THE_PLASMA_MEMBRANE",0.356870229007634,0.546391548850445,0.0952879846194844,-0.268140576827741,-1.04281943627398,97,"TUBB;PLK1;TUBB4A;TUBA1A;CEP192;DYNLL1;TUBB4B;CLASP1;RAB8A;PPP2R1A;B9D1;SEPTIN2;CEP43;CSNK1D;PRKACA;NPHP4;ALMS1;CEP70;HAUS5;AHI1","wald_stat",FALSE
"REACTOME_REGULATED_NECROSIS",0.3582995951417,0.54776969124322,0.0985499803531691,0.29392759635289,1.06017307827934,51,"HSP90AA1;RPS27A;TNFRSF10A;SDCBP;UBE2L3;ITCH;MLKL","wald_stat",FALSE
"REACTOME_ACTIVATED_NOTCH1_TRANSMITS_SIGNAL_TO_THE_NUCLEUS",0.360721442885772,0.550658839803501,0.09754492162472,0.333039752135113,1.06756610149999,29,"JAG1;RPS27A;MIB1;ADAM10;ITCH","wald_stat",FALSE
"REACTOME_TRANSCRIPTIONAL_REGULATION_BY_SMALL_RNAS",0.362549800796813,0.552634821538588,0.096887770327544,0.304468484463244,1.06067420078697,41,"POLR2A;H3C4;TNRC6A;H2BC5;H2BC8;H2BC21;H2AC19;H2BC4;AGO1;AGO2","wald_stat",FALSE
"REACTOME_DISASSEMBLY_OF_THE_DESTRUCTION_COMPLEX_AND_RECRUITMENT_OF_AXIN_TO_THE_MEMBRANE",0.363449691991786,0.552663195835002,0.0985499803531691,0.33406352820003,1.04520251617321,27,"CAV1;GSK3B;PPP2R5D;APC;PPP2CA;CSNK1A1;DVL2;PPP2R5B;PPP2R5E","wald_stat",FALSE
"REACTOME_PKA_MEDIATED_PHOSPHORYLATION_OF_CREB",0.363636363636364,0.552663195835002,0.0988903007520636,0.383953425437938,1.070442004583,17,"ADCY3;CALM1;NBEA;ADCY9;PRKAR2A;PRKACB;CREB1","wald_stat",FALSE
"REACTOME_CHONDROITIN_SULFATE_DERMATAN_SULFATE_METABOLISM",0.365805168986084,0.555144208065391,0.096240602328129,-0.339585659511459,-1.05097651042209,29,"CHST15;CHSY3;IDS;CHPF2;BGN;CHSY1;HYAL3;CHST7;CHST12","wald_stat",FALSE
"REACTOME_SIGNALING_BY_TYPE_1_INSULIN_LIKE_GROWTH_FACTOR_1_RECEPTOR_IGF1R",0.366598778004073,0.555534019376597,0.09754492162472,0.320268906295901,1.05392679888922,33,"PTPN11;FGF1;FGFR2;IRS1;GRB2;GAB2;FGF2;SOS1;PIK3C3;FGF5","wald_stat",FALSE
"REACTOME_REGULATION_OF_TP53_ACTIVITY_THROUGH_PHOSPHORYLATION",0.367983367983368,0.556816938395886,0.0985499803531691,0.261507162705748,1.04023357289965,90,"RPS27A;RPA1;MAPK14;PRKAG2;TAF5;MDM4;TAF10;NBN;CSNK2A1;HIPK2;BARD1;DYRK2;RAD17;SSRP1;TP53INP1;CCNA1;EXO1;PRKAB1;RAD9A;HUS1;RMI1;TAF15;MRE11;RAD9B;PRKAB2;PRKAA1","wald_stat",FALSE
"REACTOME_KERATAN_SULFATE_BIOSYNTHESIS",0.369834710743802,0.558801351269832,0.0978773277424561,0.370195036009436,1.07186212406831,20,"ST3GAL4;B4GAT1;B3GNT2;CHST6;CHST1;ST3GAL6;B4GALT4;ST3GAL3;B4GALT6;ST3GAL1","wald_stat",FALSE
"REACTOME_TP53_REGULATES_METABOLIC_GENES",0.37236084452975,0.561016608503408,0.0931454575337804,-0.281472750322182,-1.04176767336272,75,"SFN;G6PD;COX6A1;CYCS;TNRC6B;TP53;COX8A;PRDX2;COX7B;RRAGA;COX6B1;MLST8;COX5A;COX5B;TSC2;LAMTOR4;SESN3","wald_stat",FALSE
"REACTOME_SLC_TRANSPORTER_DISORDERS",0.372384937238494,0.561016608503408,0.0982123351217438,0.276419553026394,1.04110088367328,64,"SLC1A3;NUP58;SLCO1B3;NUP50;SLC12A6;NUP133;SLC11A2;SLC24A1;SLC17A5;SLC16A1;POM121C;SLC2A9;SEC13;NDC1;SLC33A1;SLC26A4;NUP188;NUP155;NUP43;NUP160;NUP153;SLC29A3","wald_stat",FALSE
"REACTOME_SIGNALING_BY_NOTCH4",0.374220374220374,0.562770562770563,0.09754492162472,0.27600728127636,1.04937140046044,69,"JAG1;RPS27A;NOTCH2;HES1;YWHAZ;ADAM10;SNW1;PSENEN;SMAD3;PSMD7;PSMD14","wald_stat",FALSE
"REACTOME_SYNTHESIS_OF_BILE_ACIDS_AND_BILE_SALTS",0.375527426160338,0.562770562770563,0.0982123351217438,0.349849380512259,1.06162959988616,24,"CYP27A1;OSBPL1A;NCOA1;CYP46A1;NCOA2;OSBPL6;RXRA;OSBPL9;OSBPL3;HSD3B7;AMACR;SCP2","wald_stat",FALSE
"REACTOME_G0_AND_EARLY_G1",0.375770020533881,0.562770562770563,0.0965629554309422,0.332490808650297,1.04028186398626,27,"E2F1;RBL1;TFDP1;CCNE2;DYRK1A;MYC;CCNA1","wald_stat",FALSE
"REACTOME_REPLACEMENT_OF_PROTAMINES_BY_NUCLEOSOMES_IN_THE_MALE_PRONUCLEUS",0.375782881002088,0.562770562770563,0.09754492162472,0.372108546555574,1.06299068418438,19,"HIRA;H2BC5;H2BC8;H2BC21;H2BC4","wald_stat",FALSE
"REACTOME_RHO_GTPASES_ACTIVATE_ROCKS",0.376782077393075,0.562770562770563,0.0959206777921745,0.374226452731336,1.06180182878425,18,"PAK1;ROCK2;ROCK1","wald_stat",FALSE
"REACTOME_ACTIVATED_TAK1_MEDIATES_P38_MAPK_ACTIVATION",0.376811594202899,0.562770562770563,0.096887770327544,0.350512431112358,1.05314635906408,23,"RPS27A;IRAK1;RIPK2;MAPK14;TRAF6;MAP2K6;MAP3K7","wald_stat",FALSE
"REACTOME_DEGRADATION_OF_AXIN",0.378,0.563068553421725,0.0946646223153342,-0.310811701450455,-1.04684832693307,42,"PSMB4;PSMC3;UBB;PSMD8;PSMB7;RNF146;PSMA5;PSMB3;PSMA6;AXIN2;PSMD6;PSMA2;PSMD13;PSMA7;ADRM1;PSMB1;UBA52;PSMC5;PSMD1;PSMA1;PSMA3","wald_stat",FALSE
"REACTOME_BETA_CATENIN_PHOSPHORYLATION_CASCADE",0.378099173553719,0.563068553421725,0.0965629554309422,0.380941927945698,1.062046107584,17,"GSK3B;PPP2R5D;APC;PPP2CA;CSNK1A1;PPP2R5B;PPP2R5E;FRAT1;AMER1;AXIN1;PPP2R5A","wald_stat",FALSE
"REACTOME_RNA_POLYMERASE_III_CHAIN_ELONGATION",0.379647749510763,0.564562386125919,0.0931454575337804,-0.377077842960814,-1.05696604309535,18,"POLR2L;POLR2F;CRCP;POLR2H;POLR3C;POLR2K;POLR3GL;POLR1D","wald_stat",FALSE
"REACTOME_SIGNALING_BY_RETINOIC_ACID",0.382765531062124,0.568382101361978,0.0940503465727813,0.325204344819415,1.04244953451945,29,"RDH10;ALDH1A3;SDR16C5;CYP26B1;ALDH1A2;DHRS3;DHRS9;RARA;RXRA;RXRB;CYP26A1","wald_stat",FALSE
"REACTOME_ATP_DEPENDENT_CHROMATIN_REMODELERS",0.383697813121272,0.568950195674093,0.0934449219410994,-0.342606035095136,-1.05117045910686,28,"ACTB;SMARCD1;DPF3;BCL7A;BRD7;PBRM1;BCL7C;SMARCD2;SMARCC2;SMARCD3;ARID1A","wald_stat",FALSE
"REACTOME_HOMOLOGOUS_DNA_PAIRING_AND_STRAND_EXCHANGE",0.384458077709611,0.569102564102564,0.0949751525905595,0.299930076833805,1.04659084700707,43,"RPA1;RAD51B;NBN;BARD1;RAD51AP1;RAD17;XRCC3;EXO1;RAD9A;HUS1;RMI1;MRE11;RAD9B;RAD51;RAD50;BRIP1","wald_stat",FALSE
"REACTOME_B_WICH_COMPLEX_POSITIVELY_REGULATES_RRNA_EXPRESSION",0.385395537525355,0.569102564102564,0.0943563635421779,0.283470965195373,1.04013081944324,55,"GSK3B;H3C4;H2BC5;H2BC8;SMARCA5;H2BC21;H2AC19;TAF1A;TAF1D;H2BC4;ERCC6;POLR1A;DEK","wald_stat",FALSE
"REACTOME_NUCLEAR_ENVELOPE_BREAKDOWN",0.385658914728682,0.569102564102564,0.0916795246008379,-0.293491764411835,-1.03596474621311,53,"NUP210;PLK1;CCNB1;LMNB1;NEK6;PRKCB;TPR;BANF1;AAAS;LMNA;NUP93;POM121;LPIN1;VRK1;NUP85;RAE1;LEMD2","wald_stat",FALSE
"REACTOME_ACTIVATION_OF_GENE_EXPRESSION_BY_SREBF_SREBP",0.386,0.569102564102564,0.0934449219410994,-0.307688083946584,-1.03632763629418,42,"DHCR7;HELZ2;ELOVL6;CHD9;SQLE","wald_stat",FALSE
"REACTOME_RESPONSE_OF_EIF2AK1_HRI_TO_HEME_DEFICIENCY",0.387096774193548,0.569907768549534,0.0937465422491719,0.394537236435343,1.05800495459451,15,"GRB10;EIF2S1;ATF3;DDIT3","wald_stat",FALSE
"REACTOME_GLUCAGON_SIGNALING_IN_METABOLIC_REGULATION",0.389583333333333,0.57275390625,0.0952879846194844,0.331610922267849,1.03090459899635,26,"GNG2;ADCY3;GNG11;GNB1;GNG12;ADCY9","wald_stat",FALSE
"REACTOME_CARDIOGENESIS",0.391969407265774,0.575444448964648,0.0899860794997137,-0.360102032751797,-1.03270727861115,19,"CTNNB1;HEY1;KAT5;NKX2-5;WDR5;LDB1;LEF1","wald_stat",FALSE
"REACTOME_GLUCAGON_TYPE_LIGAND_RECEPTORS",0.392561983471074,0.57549809191581,0.0943563635421779,0.379478615837055,1.05796647020319,17,"GNG2;GNG11;GNB1;GNG12;GNB5","wald_stat",FALSE
"REACTOME_DISEASES_ASSOCIATED_WITH_N_GLYCOSYLATION_OF_PROTEINS",0.393822393822394,0.576529246967719,0.0902635484340068,-0.357329481891044,-1.03450469603868,20,"MAN1B1;MPDU1;CTSA;ALG6;ALG11;NEU1;ALG3;ALG2;ALG8","wald_stat",FALSE
"REACTOME_SLC_MEDIATED_TRANSMEMBRANE_TRANSPORT",0.39662447257384,0.579367088607595,0.0949751525905595,0.240216176322773,1.02659315382553,142,"SLC1A3;SLC7A11;SLC14A1;SLC25A1;SLC16A3;SLCO1B3;SLC2A3;SLC12A6;SLC6A6;SLC11A2;SLC9A5;SLC24A1;SLC25A22;CALM1;SLC47A1;AHCYL2;SLC39A6;SLC17A5;SLC44A1;SLC16A1;SLC16A2;SLC12A4;SLC2A11;ARL2;SLC15A4;SLC2A9;SLC26A9;SLC30A5","wald_stat",FALSE
"REACTOME_REGULATION_OF_PLK1_ACTIVITY_AT_G2_M_TRANSITION",0.397637795275591,0.579367088607595,0.0908241419007155,-0.266897267981112,-1.01716494405655,87,"TUBB;PLK1;TUBB4A;TUBA1A;CCNB1;CEP192;DYNLL1;TUBB4B;CLASP1;RAB8A;PPP2R1A;AURKA;UBB;CEP43;CSNK1D;PRKACA;ALMS1;CEP70;HAUS5","wald_stat",FALSE
"REACTOME_CONVERSION_FROM_APC_C_CDC20_TO_APC_C_CDH1_IN_LATE_ANAPHASE",0.397683397683398,0.579367088607595,0.0897104652742981,-0.355580299053851,-1.02944063625349,20,"UBE2C;CDC27;FZR1;CDC23;ANAPC7;ANAPC15;UBE2S","wald_stat",FALSE
"REACTOME_AUF1_HNRNP_D0_BINDS_AND_DESTABILIZES_MRNA",0.398,0.579367088607595,0.0916795246008379,-0.303641215379934,-1.02269733354642,42,"PSMB4;PSMC3;UBB;PSMD8;PSMB7;EIF4G1;PSMA5;PSMB3;PSMA6;PSMD6;PSMA2;PSMD13;PSMA7;ADRM1;PSMB1;UBA52;PSMC5;PSMD1;PSMA1;PSMA3","wald_stat",FALSE
"REACTOME_WNT5A_DEPENDENT_INTERNALIZATION_OF_FZD4",0.403225806451613,0.586149873142443,0.0913924325943768,0.388032355381501,1.04056123636352,15,"FZD4;PRKCA;WNT5A;CLTC;CLTB","wald_stat",FALSE
"REACTOME_ACTIVATION_OF_SMO",0.404081632653061,0.586570111915734,0.0919686140000427,0.379670167983474,1.03880206692899,16,"EVC;SMO;EVC2;PTCH1;CSNK1A1;CDON","wald_stat",FALSE
"REACTOME_DISORDERS_OF_DEVELOPMENTAL_BIOLOGY",0.407331975560081,0.589855051393513,0.0913924325943768,0.365451273210904,1.03690379820758,18,"TBL1X;CALM1;BDNF;SIN3A;MECP2;CAMK4","wald_stat",FALSE
"REACTOME_NUCLEOTIDE_EXCISION_REPAIR",0.407484407484408,0.589855051393513,0.0925528864684773,0.251667352638536,1.0323802403555,108,"RPS27A;CUL4A;USP7;POLR2A;RPA1;POLK;COPS4;TCEA1;RFC1;GTF2H2;POLD3;PARP2;ERCC8;ERCC6;COPS2","wald_stat",FALSE
"REACTOME_REGULATION_OF_INSULIN_SECRETION",0.40973630831643,0.59206655334728,0.0908241419007155,0.28038097137703,1.0287928053361,55,"GNG2;ITPR3;GNG11;GNB1;ACSL4;PRKCA;IQGAP1;GNG12;AHCYL1;RAP1A;PLCB3;GNB5;ITPR2;PRKAR2A;AKAP5;PRKACB","wald_stat",FALSE
"REACTOME_TRAF6_MEDIATED_IRF7_ACTIVATION",0.41015625,0.59206655334728,0.0886261133285098,-0.375710836537991,-1.02768599407057,16,"RIGI;IFIH1;CREBBP;IRF7;SIKE1;TRAF2","wald_stat",FALSE
"REACTOME_ADP_SIGNALLING_THROUGH_P2Y_PURINOCEPTOR_12",0.411290322580645,0.592234950116632,0.0902635484340068,0.385630379847158,1.03412001413793,15,"GNG2;GNG11;GNB1;GNG12;GNB5","wald_stat",FALSE
"REACTOME_DEVELOPMENTAL_CELL_LINEAGES_OF_THE_INTEGUMENTARY_SYSTEM",0.411417322834646,0.592234950116632,0.088894528862045,0.29500196242253,1.01376476638766,38,"ITGA6;KRT15;EGF;EGFR;ALDH1A3;TGFA;CSPG4;GJB3;CD44;NUMB;DLL1;ABCG2;KRT14","wald_stat",FALSE
"REACTOME_CLASS_I_PEROXISOMAL_MEMBRANE_PROTEIN_IMPORT",0.41491395793499,0.596438814531549,0.086794975677172,-0.35599567607546,-1.02093099288507,19,"PEX19;PXMP2;SLC25A17;PEX16;PEX3;FIS1;PXMP4","wald_stat",FALSE
"REACTOME_RESOLUTION_OF_D_LOOP_STRUCTURES_THROUGH_SYNTHESIS_DEPENDENT_STRAND_ANNEALING_SDSA",0.418891170431211,0.601262019230769,0.0902635484340068,0.323442716324343,1.01197261120249,27,"RAD51B;NBN;BARD1;RAD51AP1;XRCC3;EXO1;RMI1;MRE11;RAD51;RAD50;BRIP1","wald_stat",FALSE
"REACTOME_ION_TRANSPORT_BY_P_TYPE_ATPASES",0.420118343195266,0.601262019230769,0.0878312634480124,0.303977773874535,1.02220299051069,35,"ATP11C;ATP2B1;CAMK2G;ATP11B;ATP9A;CALM1;ATP7A;ATP2A3;ATP11A;ATP2B4;ATP1A3","wald_stat",FALSE
"REACTOME_MTORC1_MEDIATED_SIGNALLING",0.420454545454545,0.601262019230769,0.0855356947987884,-0.331008519208607,-1.01134087007555,24,"FKBP1A;AKT1S1;RRAGA;MLST8;EIF4G1;LAMTOR4","wald_stat",FALSE
"REACTOME_EPH_EPHRIN_MEDIATED_REPULSION_OF_CELLS",0.421052631578947,0.601262019230769,0.0870515867946735,-0.296032038604174,-1.01027701002102,43,"AP2M1;DNM1;ACTB;EPHB4;EPHB2;AP2S1;NCSTN","wald_stat",FALSE
"REACTOME_COMPLEMENT_CASCADE",0.421455938697318,0.601262019230769,0.0860347242455604,-0.330080919119373,-1.0140033209473,26,"CLU;C3;C1R;SERPING1;C4A;COLEC10","wald_stat",FALSE
"REACTOME_N_GLYCAN_TRIMMING_IN_THE_ER_AND_CALNEXIN_CALRETICULIN_CYCLE",0.422222222222222,0.601262019230769,0.088894528862045,-0.310570887970274,-1.00994741765005,35,"CALR;MAN1B1;GANAB;OS9;PRKCSH;UBB;VCP;DERL2","wald_stat",FALSE
"REACTOME_SIGNALING_BY_HEDGEHOG",0.422641509433962,0.601262019230769,0.0850427463764322,-0.248201325631321,-1.01805436742702,128,"TUBB3;TUBA1C;TUBA1B;TUBB4A;TUBA1A;TUBB4B;ARRB1;OS9;PSMB4;GAS1;PSMC3;GRK2;UBB;IFT122;PSMD8;PRKAR1B;PSMB7;TUBB2A;GNAS;VCP;PSMA5;PRKACA;DERL2;ADCY6;ADCY7;PSMB3;PSMA6;TTC21B;IQCE;PSMD6;GPC5;PSMA2;PSMD13;ADCY1;RBX1;P4HB;PSMA7;RPGRIP1L;DZIP1;ADRM1;TUBB6;PSMB1;UBA52;PSMC5;PSMD1;PSMA1;PSMA3","wald_stat",FALSE
"REACTOME_METALLOPROTEASE_DUBS",0.422916666666667,0.601262019230769,0.0905428948469474,0.326525928757364,1.01509648519848,26,"RPS27A;UIMC1;H2AC19;BARD1;PSMD14","wald_stat",FALSE
"REACTOME_DECTIN_1_MEDIATED_NONCANONICAL_NF_KB_SIGNALING",0.424361493123772,0.601761252446184,0.0870515867946735,-0.292854885781203,-1.01180789712705,47,"PSMB4;PSMC3;UBB;PSMD8;PSMB7;PSMA5;UBE2M;MAP3K14;PSMB3;PSMA6;PSMD6;PSMA2;PSMD13;PSMA7;ADRM1;PSMB1;UBA52;PSMC5;PSMD1;PSMA1;PSMA3","wald_stat",FALSE
"REACTOME_DNA_REPAIR",0.424430641821946,0.601761252446184,0.0899860794997137,0.214564357483775,1.01143355801371,302,"RPS27A;NSD2;CUL4A;FANCI;USP7;POLR2A;RPA1;POLK;GEN1;COPS4;FANCM;RAD51B;UFD1;TCEA1;RFC1;XRCC5;SMUG1;RNF168;GTF2H2;UIMC1;H2BC5;POLD3;H2BC8;NBN;SMARCA5;H2BC21;RNF8;H2AC19;BARD1;PARP2;ERCC8;ASCC2;FAAP24;RAD51AP1;MSH6;POLI;EYA3;H2BC4;APBB1;RAD17;RAD52;POT1;RAD18;MAPK8;NHEJ1;ERCC6","wald_stat",FALSE
"REACTOME_HYALURONAN_METABOLISM",0.428853754940711,0.607200596940679,0.086794975677172,-0.37573491542521,-1.00986680087885,15,"CEMIP;HAS3;HYAL3;HMMR;HEXA;ABCC5;HAS2;GUSB","wald_stat",FALSE
"REACTOME_CYTOCHROME_P450_ARRANGED_BY_SUBSTRATE_TYPE",0.429735234215886,0.607617441821642,0.0883594442500905,0.309976800385503,1.02005799045125,33,"CYP27A1;NCOA1;CYP26B1;CYP46A1;NCOA2;CYP4F12;RXRA;CYP26A1;CYP4F11;CYP2U1;CYP27B1;ARNT2;CYP1B1;FDX1","wald_stat",FALSE
"REACTOME_TP53_REGULATES_TRANSCRIPTION_OF_ADDITIONAL_CELL_CYCLE_GENES_WHOSE_EXACT_ROLE_IN_THE_P53_PATHWAY_REMAIN_UNCERTAIN",0.43050193050193,0.60787107512892,0.0852884689790502,-0.344890730929439,-1.01049347731569,21,"PLK2;TP53;CNOT10;CDC25C;CNOT6;NPM1;BTG2;CNOT3;RGCC","wald_stat",FALSE
"REACTOME_TERMINATION_OF_TRANSLESION_DNA_SYNTHESIS",0.433734939759036,0.611601720232428,0.0870515867946735,0.313776002558566,1.01544403612737,31,"RPS27A;RPA1;POLK;RFC1;POLD3;POLI","wald_stat",FALSE
"REACTOME_DISEASES_ASSOCIATED_WITH_GLYCOSYLATION_PRECURSOR_BIOSYNTHESIS",0.435546875,0.612705164943971,0.0852884689790502,-0.367051128501272,-1.00399899918886,16,"DPM2;GALM;DOLK;PMM2;GNE;PGM1;DPM3","wald_stat",FALSE
"REACTOME_SIGNALING_BY_PDGFR_IN_DISEASE",0.435946462715105,0.612705164943971,0.0840745577910723,-0.350348935291554,-1.00473716508741,19,"STAT3;STAT1","wald_stat",FALSE
"REACTOME_ABERRANT_REGULATION_OF_MITOTIC_EXIT_IN_CANCER_DUE_TO_RB1_DEFECTS",0.436293436293436,0.612705164943971,0.0845557442441281,-0.348269508693154,-1.00827516476799,20,"UBE2C;CDC27;FZR1;CDC23;ANAPC7;ANAPC15;UBE2S","wald_stat",FALSE
"REACTOME_MECHANICAL_LOAD_ACTIVATES_SIGNALING_BY_PIEZO1_AND_INTEGRINS_IN_OSTEOCYTES",0.438735177865613,0.614690333589855,0.0855356947987884,-0.372457029839979,-1.00105679229645,15,"HSPG2;ITGB1;ITGAV","wald_stat",FALSE
"REACTOME_VOLTAGE_GATED_POTASSIUM_CHANNELS",0.439770554493308,0.614690333589855,0.0835990603684159,-0.349196664112503,-1.00143266046008,19,"KCNA2;KCNH2;KCNAB3;KCNQ5;KCNG1;KCNC3;KCNH1","wald_stat",FALSE
"REACTOME_PCNA_DEPENDENT_LONG_PATCH_BASE_EXCISION_REPAIR",0.440082644628099,0.614690333589855,0.0878312634480124,0.343042323533088,1.01226148657571,21,"RPA1;RFC1;POLD3","wald_stat",FALSE
"REACTOME_SIGNALING_BY_ERYTHROPOIETIN",0.440082644628099,0.614690333589855,0.0878312634480124,0.343394784015412,1.01330153950015,21,"CRKL;GRB2;STAT5B;SOS1;EPOR;JAK2","wald_stat",FALSE
"REACTOME_SPHINGOLIPID_METABOLISM",0.442307692307692,0.616492634719373,0.0835990603684159,-0.260251699699112,-1.00011484804378,89,"ST8SIA5;CYB5B;SUMF2;UGT8;ARSA;B4GALT5;ORMDL3;ST3GAL2;GLA;CERS6;PLPP3;PSAP;CTSA;SPTLC3;CERS4;ARSD;SPTSSA;SMPD4;FUT1;M6PR;HEXA;ST6GALNAC6;ACER3;ARSB;VAPB;GM2A;SPTLC1;ORMDL2;NEU2;CERS1;NEU1","wald_stat",FALSE
"REACTOME_TRANSLESION_SYNTHESIS_BY_Y_FAMILY_DNA_POLYMERASES_BYPASSES_LESIONS_ON_DNA_TEMPLATE",0.442913385826772,0.616492634719373,0.0847985102819124,0.288892025169575,0.992768163310782,38,"RPS27A;RPA1;POLK;UFD1;RFC1;POLD3;POLI","wald_stat",FALSE
"REACTOME_ABORTIVE_ELONGATION_OF_HIV_1_TRANSCRIPT_IN_THE_ABSENCE_OF_TAT",0.443159922928709,0.616492634719373,0.0835990603684159,-0.330184775545855,-0.996771257312873,23,"POLR2I;POLR2L;POLR2F;CTDP1;GTF2F1;SUPT5H;POLR2H;POLR2K;SUPT4H1;NELFE","wald_stat",FALSE
"REACTOME_MATURATION_OF_SARS_COV_2_SPIKE_PROTEIN",0.444223107569721,0.617142169576727,0.0852884689790502,0.29129868025731,0.99911613590143,39,"FUT8;ZDHHC8;MGAT5;ST3GAL4;ZDHHC20;CANX;DAD1;OSTC;MAN2A1","wald_stat",FALSE
"REACTOME_UBIQUITIN_DEPENDENT_DEGRADATION_OF_CYCLIN_D",0.446,0.618780160857909,0.0852884689790502,-0.303780515097339,-1.00654692872197,39,"CDK4;PSMB4;PSMC3;UBB;PSMD8;PSMB7;PSMA5;PSMB3;PSMA6;PSMD6;PSMA2;PSMD13;PSMA7;ADRM1;PSMB1;UBA52;PSMC5;PSMD1;PSMA1;PSMA3","wald_stat",FALSE
"REACTOME_CYTOPROTECTION_BY_HMOX1",0.448616600790514,0.62157721796276,0.0843144320642653,-0.287738721168712,-0.99638682225566,49,"HELZ2;STAT3;COX6A1;CYCS;CHD9;COX8A;COX7B;COX6B1;COX5A;COX5B;CREBBP","wald_stat",FALSE
"REACTOME_GABA_B_RECEPTOR_ACTIVATION",0.449691991786448,0.62223423997189,0.0862865626267245,0.319032709688647,0.998174786409085,27,"GNG2;ADCY3;GNG11;GNB1;GNG12;ADCY9;GNB5","wald_stat",FALSE
"REACTOME_TRAF6_MEDIATED_INDUCTION_OF_TAK1_COMPLEX_WITHIN_TLR4_COMPLEX",0.451612903225806,0.623397683397683,0.0850427463764322,0.376484042824323,1.00959287450979,15,"RPS27A;TRAF6;MAP3K7;LY96;TAB2;IRAK2;TAB3;TICAM1;TICAM2","wald_stat",FALSE
"REACTOME_PLASMA_LIPOPROTEIN_REMODELING",0.451737451737452,0.623397683397683,0.0826646449123753,-0.358773079761415,-0.997014440530388,17,"LMF2;APOE;PCSK5","wald_stat",FALSE
"REACTOME_SIGNALING_BY_FGFR2_IN_DISEASE",0.453815261044177,0.625431152038246,0.0845557442441281,0.309136705292787,1.00043031072471,31,"POLR2A;FGF1;FGFR2;GRB2;FGF2;SOS1","wald_stat",FALSE
"REACTOME_COPII_MEDIATED_VESICLE_TRANSPORT",0.458174904942966,0.628542510121458,0.0810802057550866,-0.273121763148029,-0.987182995794905,62,"CTSC;SEC22B;SEC16A;LMAN2;TMED10;RAB1B;TRAPPC2;NAPA;CNIH3;TRAPPC4;CSNK1D","wald_stat",FALSE
"REACTOME_ER_QUALITY_CONTROL_COMPARTMENT_ERQC",0.458677685950413,0.628542510121458,0.0855356947987884,0.339145119834049,1.00076147931933,21,"RPS27A;AMFR;SEL1L;RNF103","wald_stat",FALSE
"REACTOME_DOWNSTREAM_SIGNALING_EVENTS_OF_B_CELL_RECEPTOR_BCR",0.459047619047619,0.628542510121458,0.0810802057550866,-0.270285715285761,-0.986637142703813,66,"PPIA;FKBP1A;PRKCB;PSMB4;PSMC3;UBB;PSMD8;PSMB7;RASGRP3;PSMA5;NFKBIB;PSMB3;PSMA6;PSMD6;PSMA2;NFKBIE;PSMD13;PSMA7;ADRM1;PPP3CB;NFATC3;PSMB1;UBA52;PSMC5;PSMD1;PSMA1;PSMA3","wald_stat",FALSE
"REACTOME_DAP12_SIGNALING",0.45945945945946,0.628542510121458,0.0817515582532145,-0.336680549551536,-0.986438511536845,21,"SHC1;HLA-E;PIK3R2;B2M","wald_stat",FALSE
"REACTOME_REGULATION_OF_MITF_M_DEPENDENT_GENES_INVOLVED_IN_CELL_CYCLE_AND_PROLIFERATION",0.45945945945946,0.628542510121458,0.0817515582532145,-0.357878119015026,-0.994527384398833,17,"PLK1;CDC25B;CCNB1;CTNNB1;TCF7L2","wald_stat",FALSE
"REACTOME_SEMA4D_INDUCED_CELL_MIGRATION_AND_GROWTH_CONE_COLLAPSE",0.460803059273423,0.628542510121458,0.0810802057550866,-0.34534812005705,-0.990395734542859,19,"PLXNB1;MYH14;ERBB2;LIMK1;SEMA4D;MYL6;RHOA;RHOC","wald_stat",FALSE
"REACTOME_METABOLISM_OF_COFACTORS",0.461538461538462,0.628542510121458,0.0870515867946735,0.338880059562305,0.998434079936595,22,"HSP90AA1;CALM1;ACO1;IDH1;DHFR;COQ3","wald_stat",FALSE
"REACTOME_POTENTIAL_THERAPEUTICS_FOR_SARS",0.461538461538462,0.628542510121458,0.0840745577910723,0.25346499320827,0.992416687664187,80,"HSP90AA1;NR3C1;ROCK2;FURIN;IL1R1;IMPDH1;ROCK1;RCOR1;PTGES3;GRB2;GATAD2A;COMT;CHD3;FKBP4;IFNAR1;JAK3;SOS1;FNTA;SUDS3;ATP1A3;RBBP7","wald_stat",FALSE
"REACTOME_SIGNALING_BY_NTRK2_TRKB",0.461538461538462,0.628542510121458,0.0870515867946735,0.338481243335547,0.997259057384539,22,"DOCK3;PTPN11;GRB2;BDNF;SOS1","wald_stat",FALSE
"REACTOME_RESOLUTION_OF_AP_SITES_VIA_THE_MULTIPLE_NUCLEOTIDE_PATCH_REPLACEMENT_PATHWAY",0.464583333333333,0.629600024131274,0.0852884689790502,0.322249112406751,0.987007369917238,25,"RPA1;RFC1;POLD3;PARP2","wald_stat",FALSE
"REACTOME_ERCC6_CSB_AND_EHMT2_G9A_POSITIVELY_REGULATE_RRNA_EXPRESSION",0.464929859719439,0.629600024131274,0.083129129135339,0.287878432329553,0.993875434212758,40,"H3C4;H2BC5;GATAD2A;H2BC8;H2BC21;H2AC19;CHD3;H2BC4;ERCC6","wald_stat",FALSE
"REACTOME_ENDOSOMAL_SORTING_COMPLEX_REQUIRED_FOR_TRANSPORT_ESCRT",0.465069860279441,0.629600024131274,0.0828962134571565,-0.314012625092546,-0.98196668977306,30,"VPS36;VPS37B;UBB;CHMP3;TSG101;SNF8;UBAP1;CHMP4A;CHMP5;HGS;VPS37C;VPS28;UBA52;VPS25;CHMP2B","wald_stat",FALSE
"REACTOME_RECEPTOR_TYPE_TYROSINE_PROTEIN_PHOSPHATASES",0.465250965250965,0.629600024131274,0.0810802057550866,-0.354672933546803,-0.98562031645906,17,"SLITRK2;SLITRK4","wald_stat",FALSE
"REACTOME_SIGNALING_BY_FGFR2_IIIA_TM",0.465553235908142,0.629600024131274,0.0852884689790502,0.347946489926636,0.993967703269161,19,"POLR2A;FGF1;FGFR2;FGF2","wald_stat",FALSE
"REACTOME_ANTIGEN_PROCESSING_UBIQUITINATION_PROTEASOME_DEGRADATION",0.466666666666667,0.629600024131274,0.086794975677172,0.217020498234636,1.00303318502414,272,"RPS27A;RNF217;UBE3A;UBR1;FBXW11;UBE2Q2;SMURF2;FBXO21;NEDD4;UBA6;LMO7;MEX3C;UBE2L3;FBXO11;BTBD1;ITCH;PJA2;ANAPC1;SH3RF1;UBE2H;UBE2D3;LTN1;TRIM36;KLHL2;UBE2F;ANAPC4;KLHL3;FBXO41;SPSB1;RNF6;KLHL21;PSMD7;ZNRF1;CUL2;PSMD14;CUL5;RNF182;UBE2W;HERC3;FBXL20;ANAPC11;HERC4;RCHY1;ATG7;FBXO31;SKP1;UBE4A;KBTBD7;SOCS1","wald_stat",FALSE
"REACTOME_GSK3B_MEDIATED_PROTEASOMAL_DEGRADATION_OF_PD_L1_CD274",0.466666666666667,0.629600024131274,0.0817515582532145,-0.286022342667874,-0.97929319583479,44,"PSMB4;PSMC3;COPS5;UBB;PSMD8;PSMB7;PSMA5;PSMB3;PSMA6;PSMD6;PSMA2;PSMD13;RBX1;PSMA7;ADRM1;PSMB1;UBA52;PSMC5;PSMD1;PSMA1;PSMA3","wald_stat",FALSE
"REACTOME_FORMATION_OF_THE_NON_CANONICAL_BAF_NCBAF_COMPLEX",0.467181467181467,0.629600024131274,0.0808589150280032,-0.353901742076209,-0.983477209643166,17,"ACTB;SMARCD1;BCL7A;BCL7C;SMARCD2;SMARCC2;SMARCD3","wald_stat",FALSE
"REACTOME_C_TYPE_LECTIN_RECEPTORS_CLRS",0.472164948453608,0.635488584719746,0.0838361057159929,0.247847131343392,1.00118374248311,99,"RPS27A;PAK1;PAK3;ITPR3;FBXW11;NFATC1;TRAF6;CALM1;MALT1;AHCYL1;RELA;PSMD7;PSMD14;ITPR2;MAP3K7;SKP1;BCL10;MUC20;PPP3CA;PRKACB","wald_stat",FALSE
"REACTOME_ACYL_CHAIN_REMODELLING_OF_PC",0.473469387755102,0.63641664457991,0.083129129135339,0.365359266153597,0.999646516522036,16,"MBOAT2;LPCAT2;PNPLA8;PLA2G4C;PLA2G4A;PLA2G4B;LPCAT4;PLAAT3","wald_stat",FALSE
"REACTOME_DEACTIVATION_OF_THE_BETA_CATENIN_TRANSACTIVATING_COMPLEX",0.476,0.638988326848249,0.0817515582532145,-0.29616721136558,-0.988064456958666,41,"SOX9;CTNNBIP1;CTNNB1;SOX6;UBB;TCF7L2;CBY1;SOX13;MEN1;WDR5;TLE3;PYGO2;LEF1;XIAP;HDAC1;UBA52;KMT2B;TLE1","wald_stat",FALSE
"REACTOME_TRANSLATION_OF_SARS_COV_2_STRUCTURAL_PROTEINS",0.479253112033195,0.641957149692534,0.0833634065110386,0.268854491786521,0.992547685873981,58,"FUT8;RPS27A;ZDHHC8;MGAT5;GSK3B;ST3GAL4;SRPK2;PARP6;ZDHHC20;CANX;DAD1;OSTC;MAN2A1;CSNK1A1;SRPK1;PARP4;MAGT1;MGAT4B;MGAT1;ST3GAL3","wald_stat",FALSE
"REACTOME_CHEMOKINE_RECEPTORS_BIND_CHEMOKINES",0.47945205479452,0.641957149692534,0.0802023444698144,-0.350779656233519,-0.983251050595461,18,"CX3CL1;CXCL12;CXCL16;CCL2","wald_stat",FALSE
"REACTOME_TICAM1_RIP1_MEDIATED_IKK_COMPLEX_RECRUITMENT",0.480651731160896,0.642316891848213,0.0822054920415869,0.344708446664746,0.978049671247515,18,"RPS27A;UBE2D3;TRAF6;BIRC2","wald_stat",FALSE
"REACTOME_DISEASES_OF_CARBOHYDRATE_METABOLISM",0.480961923847695,0.642316891848213,0.0813027345384498,0.304953708986764,0.977535685016018,29,"GBE1;RPS27A;PPP1R3C","wald_stat",FALSE
"REACTOME_REGULATION_OF_NF_KAPPA_B_SIGNALING",0.484725050916497,0.64650828311672,0.0817515582532145,0.343127978773475,0.973565371206621,18,"RPS27A;NLRC5;TRAF6","wald_stat",FALSE
"REACTOME_REGULATION_OF_CDH1_FUNCTION",0.486761710794297,0.648389151444141,0.0815265143256594,0.271523352515786,0.997417977208129,56,"CTSB;RPS27A;JUP;EPS15;ACTG1","wald_stat",FALSE
"REACTOME_INTERLEUKIN_12_FAMILY_SIGNALING",0.488326848249027,0.649637902233603,0.0789209638180035,-0.28215987966878,-0.97280863062011,46,"CFL1;STAT3;STAT1;PPIA;LMNB1;HNRNPDL;IL12A;PSME2;HNRNPA2B1;CRLF1;HSPA9;TYK2;CNN2","wald_stat",FALSE
"REACTOME_IRON_UPTAKE_AND_TRANSPORT",0.490157480314961,0.651236190148889,0.0793434960134973,-0.281223696385375,-0.979525769450448,51,"HEPH;ATP6V0E2;ATP6V0C;GLRX3;SLC46A1;SLC22A17;UBB;ATP6V0D1;ATP6AP1;ATP6V1G1;ATP6V1H;TF;ATP6V0B;ATP6V1F;ATP6V1C1;ATP6V0A1;HMOX2","wald_stat",FALSE
"REACTOME_RUNX1_REGULATES_GENES_INVOLVED_IN_MEGAKARYOCYTE_DIFFERENTIATION_AND_PLATELET_FUNCTION",0.49290060851927,0.653157489410859,0.0806388495950661,0.26914183476974,0.987553405875501,55,"THBS1;H3C4;AGO4;TNRC6A;H2BC5;H2BC8;H2BC21;H2AC19;H2BC4;AGO1;AGO3","wald_stat",FALSE
"REACTOME_FANCONI_ANEMIA_PATHWAY",0.493927125506073,0.653157489410859,0.080419996876154,-0.29617892686286,-0.973697820705291,38,"FANCD2;FANCA;EME1;ATRIP;UBB;MUS81;EME2;RPA3;FAAP100;FANCE","wald_stat",FALSE
"REACTOME_TRANSCRIPTIONAL_REGULATION_OF_PLURIPOTENT_STEM_CELLS",0.494208494208494,0.653157489410859,0.0778840111977068,-0.348694123369858,-0.969005468746496,17,"STAT3;FOXP1;KLF4;TSC22D1","wald_stat",FALSE
"REACTOME_TCF_DEPENDENT_SIGNALING_IN_RESPONSE_TO_WNT",0.494623655913978,0.653157489410859,0.0835990603684159,0.225315090766418,0.981514597420153,164,"CAV1;RPS27A;DKK1;FZD4;GSK3B;SMURF2;H3C4;CDC73;YWHAZ;SOX2;WNT3;XPO1;PPP2R5D;APC;WNT5A;TNKS2;RUNX3;H2BC5;H2BC8;H2BC21;CSNK2A1;H2AC19;PPP2CA;H2BC4;PSMD7;TNKS;PSMD14;MYC;TCF7;CSNK1E;BCL9;KLHL12","wald_stat",FALSE
"REACTOME_POSITIVE_EPIGENETIC_REGULATION_OF_RRNA_EXPRESSION",0.49475890985325,0.653157489410859,0.0822054920415869,0.254554416291334,0.971731377423112,70,"GSK3B;H3C4;H2BC5;GATAD2A;H2BC8;SMARCA5;H2BC21;H2AC19;TAF1A;CHD3;TAF1D;H2BC4;ERCC6;POLR1A;DEK","wald_stat",FALSE
"REACTOME_RET_SIGNALING",0.495983935742972,0.653212718639178,0.0797705918628453,0.300383039513272,0.972101637921249,31,"GRB10;GFRA1;PTPN11;PRKCA;GRB2;GAB2","wald_stat",FALSE
"REACTOME_RND1_GTPASE_CYCLE",0.496062992125984,0.653212718639178,0.0787113806986485,0.281043252414109,0.965796107892795,38,"CAV1;CCDC88A;CPD;KIDINS220;EPHA2;RASAL2;ALDH3A2;TMEM59;PLEKHG5;UBXN11","wald_stat",FALSE
"REACTOME_INTERLEUKIN_20_FAMILY_SIGNALING",0.5,0.65717708511604,0.0785029047348687,-0.349015341874585,-0.938052313710738,15,"STAT3;STAT1;STAT2;TYK2;IFNLR1","wald_stat",FALSE
"REACTOME_SIGNALING_BY_ROBO_RECEPTORS",0.500945179584121,0.65717708511604,0.0760837160951725,-0.223377666126031,-0.969829569744906,191,"ROBO1;ROBO2;GPC1;PFN2;PFN1;ABL1;SRGAP3;CXCL12;NCK2;RPL41;COL4A5;CLASP1;DAG1;RPL29;PSMB4;PSMC3;UBB;RBM8A;ARHGAP39;PSMD8;RPL22L1;PSMB7;EVL;SRGAP2;RPS9;FLRT3;EIF4G1;UPF3B;SLIT3;PSMA5;RPL35;PRKACA","wald_stat",FALSE
"REACTOME_RECRUITMENT_OF_MITOTIC_CENTROSOME_PROTEINS_AND_COMPLEXES",0.500978473581213,0.65717708511604,0.0778840111977068,-0.254559014386792,-0.957136664819155,81,"TUBB;PLK1;TUBB4A;TUBA1A;CEP192;DYNLL1;TUBB4B;CLASP1;PPP2R1A;CEP43;CSNK1D;PRKACA;ALMS1;CEP70;HAUS5","wald_stat",FALSE
"REACTOME_APC_C_CDC20_MEDIATED_DEGRADATION_OF_CYCLIN_B",0.501893939393939,0.657544591484465,0.0760837160951725,-0.313999431087179,-0.959372461464665,24,"UBE2C;CCNB1;CDC27;UBB","wald_stat",FALSE
"REACTOME_AMINO_ACIDS_REGULATE_MTORC1",0.503875968992248,0.659306735659895,0.0770736734944102,-0.2739043306472,-0.966825188278285,53,"ATP6V0E2;ATP6V0C;CASTOR1;RRAGA;MLST8;ATP6V0D1;SZT2;ATP6V1G1;LAMTOR4;ATP6V1H;ATP6V0B;ATP6V1F;ATP6V1C1;RPTOR;ATP6V1E2;ATP6V1A;FLCN;LAMTOR5;SAMTOR;LAMTOR3;RHEB;LAMTOR2;MTOR;SEH1L;SLC38A9;WDR59;LAMTOR1","wald_stat",FALSE
"REACTOME_REGULATION_OF_CDH1_POSTTRANSLATIONAL_PROCESSING_AND_TRAFFICKING_TO_PLASMA_MEMBRANE",0.506986027944112,0.662538559245146,0.0782955249944794,-0.305778010614776,-0.956215759797205,30,"GANAB;CTNNB1;TMEM258;PRKCSH;PIP5K1C;RPN2;POMT1;OST4;DDOST;PCSK7;ANK3","wald_stat",FALSE
"REACTOME_REGULATION_OF_RUNX3_EXPRESSION_AND_ACTIVITY",0.507843137254902,0.662821749128403,0.077274697304471,-0.279961478024408,-0.958541797706726,44,"MDM2;PSMB4;PSMC3;UBB;PSMD8;PSMB7;PSMA5;PSMB3;PSMA6;PSMD6;PSMA2;PSMD13;PSMA7;ADRM1;PSMB1;UBA52;PSMC5;PSMD1;PSMA1;PSMA3","wald_stat",FALSE
"REACTOME_RESPONSE_OF_MTB_TO_PHAGOCYTOSIS",0.508547008547009,0.662904475876768,0.0817515582532145,0.326369520247078,0.961574582134209,22,"MAPK1;RPS27A;RAB5A;KPNA1;PGK1","wald_stat",FALSE
"REACTOME_REGULATION_OF_CHOLESTEROL_BIOSYNTHESIS_BY_SREBP_SREBF",0.510805500982318,0.665010935241131,0.0770736734944102,-0.272401285271718,-0.958313127790292,55,"DHCR7;HELZ2;ELOVL6;KPNB1;CHD9;SQLE","wald_stat",FALSE
"REACTOME_NS1_MEDIATED_EFFECTS_ON_HOST_PATHWAYS",0.514,0.668329145728643,0.0776798560117236,-0.285208841973818,-0.960615052951608,42,"KPNA2;NUP210;ISG15;KPNB1;TPR;AAAS;PABPN1;GBP1;NUP93;POM121;NUP85;RAE1","wald_stat",FALSE
"REACTOME_DEGRADATION_OF_GLI1_BY_THE_PROTEASOME",0.51556420233463,0.668662244810061,0.0760837160951725,-0.275880816899867,-0.951160172090237,46,"PSMB4;PSMC3;UBB;PSMD8;PSMB7;PSMA5;PRKACA;PSMB3;PSMA6;PSMD6;PSMA2;PSMD13;RBX1;PSMA7;ADRM1;PSMB1;UBA52;PSMC5;PSMD1;PSMA1;PSMA3","wald_stat",FALSE
"REACTOME_FORMATION_OF_WDR5_CONTAINING_HISTONE_MODIFYING_COMPLEXES",0.51593625498008,0.668662244810061,0.077274697304471,0.273466640044274,0.954801738514358,42,"PHF20;PSIP1;KDM6A;CXXC1;KAT14;TADA2A;NCOA6;ZZZ3;KAT2A;AKAP8L","wald_stat",FALSE
"REACTOME_CA_DEPENDENT_EVENTS",0.516194331983806,0.668662244810061,0.0780892306943345,0.296726383008104,0.968748586549623,32,"MAPK1;ADCY3;CAMK2G;CAMKK2;PRKCA;CALM1;NBEA;ADCY9","wald_stat",FALSE
"REACTOME_EVASION_BY_RSV_OF_HOST_INTERFERON_RESPONSES",0.517374517374517,0.669353281853282,0.0755015292281669,-0.322547540631496,-0.945030285545792,21,"RIGI;IFIH1;UBB;STAT2;CREBBP;TYK2;ELOC;RBX1;ELOB;UBA52","wald_stat",FALSE
"REACTOME_RRNA_MODIFICATION_IN_THE_MITOCHONDRION",0.525691699604743,0.678377138362719,0.0758886900606117,-0.343440423702447,-0.923068545770814,15,"MT-RNR1;RCC1L;MTERF4;RPUSD4;MRM1","wald_stat",FALSE
"REACTOME_TIGHT_JUNCTION_INTERACTIONS",0.525691699604743,0.678377138362719,0.0758886900606117,-0.343510627126647,-0.923257232274243,15,"CLDN4;PARD6G;F11R;CLDN15;CLDN1;PARD3","wald_stat",FALSE
"REACTOME_CO_INHIBITION_BY_PD_1",0.526315789473684,0.678377138362719,0.0791316651768349,0.224445680312388,0.972953396819417,157,"RPS27A;CCND1;CD274;PTPN11;GSK3B;H3C4;FOSB;PRKAG2;PDCD1LG2;AGO4;ATF3;TNRC6A;H2BC5;SEL1L;H2BC8;H2BC21;CSNK2A1;H2AC19;JUND;DERL1;H2BC4;AGO1;RELA;PSMD7;DAD1;AGO2;OSTC;PSMD14;AGO3;MYC;TCF7;SKP1","wald_stat",FALSE
"REACTOME_BIOSYNTHESIS_OF_THE_N_GLYCAN_PRECURSOR_DOLICHOL_LIPID_LINKED_OLIGOSACCHARIDE_LLO_AND_TRANSFER_TO_A_NASCENT_PROTEIN",0.527938342967245,0.678683409207392,0.0743625384422526,-0.255505084290355,-0.941153234452271,72,"ST8SIA5;GMDS;ST3GAL2;MPDU1;ST8SIA1;CTSA;DPM2;NPL;HK1;DOLK;DOLPP1;AMDHD2;ST8SIA2;ALG6;ST6GALNAC4;NUDT14;ST6GALNAC6;ALG11;FPGT;PMM2;ALG5;NEU2;NEU1;GNE;NAGK;ST6GAL1;SLC35C1;GFUS;ALG10B;ALG3;DPM3;ALG2;ALG8","wald_stat",FALSE
"REACTOME_FGFR2_ALTERNATIVE_SPLICING",0.528735632183908,0.678683409207392,0.0739901439101341,-0.307796421210825,-0.945545698661242,26,"PTBP1;POLR2I;POLR2L;POLR2F","wald_stat",FALSE
"REACTOME_INFECTION_WITH_MYCOBACTERIUM_TUBERCULOSIS",0.530020703933747,0.678683409207392,0.0778840111977068,0.311631688610093,0.936325645247961,23,"MAPK1;RPS27A;RAB5A;KPNA1;PGK1","wald_stat",FALSE
"REACTOME_HIV_INFECTION",0.530097087378641,0.678683409207392,0.0745500777420554,-0.221373987774646,-0.968161816585697,208,"NUP210;HLA-A;AP2M1;PPIA;AP1S3;KPNB1;SLC25A6;POLR2I;SLC25A5;POLR2L;AP2S1;PSMB4;RCC1;PSMC3;VPS37B;TPR;POLR2F;UBB;TAF9;PSMD8;PSMB7;CHMP3;BANF1;TAF11;AAAS;TSG101;CTDP1;PSMA5;AP1B1;B2M;GTF2H5;GTF2A2;ATP6V1H;GTF2H4;PSMB3;PSMA6;ELMO1;APOBEC3G;GTF2F1;NUP93;UBAP1;GTF2H3;ELOC;PSMD6;POM121;CHMP4A;DOCK2;SUPT5H;PSMA2;NUP85;RAE1;PSMD13;CHMP5;RBX1;AP2A2;TAF7;NPM1;RANBP2;ELOB;PSMA7;VPS37C;VPS28;ADRM1;PSMB1;UBA52;RAN;POLR2H;PSMC5;TAF2;PSMD1;PSMA1","wald_stat",FALSE
"REACTOME_DDX58_IFIH1_MEDIATED_INDUCTION_OF_INTERFERON_ALPHA_BETA",0.530398322851153,0.678683409207392,0.0785029047348687,0.25278650923959,0.955338326808403,66,"TNFAIP3;HSP90AA1;RPS27A;NLRC5;ITCH;UBE2D3;TRAF6;CYLD;RELA;RNF216","wald_stat",FALSE
"REACTOME_MEIOTIC_RECOMBINATION",0.530487804878049,0.678683409207392,0.0768736734126542,0.269902977849582,0.960491553926996,48,"RPA1;H3C4;H2BC5;H2BC8;NBN;H2BC21;MLH3;H2AC19;PSMC3IP;H2BC4","wald_stat",FALSE
"REACTOME_SIGNALING_BY_MODERATE_KINASE_ACTIVITY_BRAF_MUTANTS",0.533066132264529,0.681140057893565,0.0758886900606117,0.276812647835257,0.955671768588431,40,"MAPK1;ACTG1;CAMK2G;RAP1B;MARK3;IQGAP1;CALM1;RAP1A;KSR1;ITGB3;MAP2K1;JAK2;SRC","wald_stat",FALSE
"REACTOME_TRANSCRIPTION_OF_E2F_TARGETS_UNDER_NEGATIVE_CONTROL_BY_DREAM_COMPLEX",0.536534446764092,0.684726451788946,0.0776798560117236,0.333747083283766,0.953404708621407,19,"E2F1;RBL1;TFDP1;MYC;LIN54","wald_stat",FALSE
"REACTOME_TRANSCRIPTIONAL_ACTIVATION_OF_MITOCHONDRIAL_BIOGENESIS",0.538934426229508,0.686942279738351,0.0764767053228531,0.264385442571428,0.957207583769979,52,"NR1D1;PPARA;SOD2;TBL1X;NCOA1;CALM1;NCOA2;MED1;PPARGC1A;NCOA6;CRTC2;RXRA;GABPB1;CREB1;SIRT3;MEF2D;CAMK4","wald_stat",FALSE
"REACTOME_SYNTHESIS_OF_SUBSTRATES_IN_N_GLYCAN_BIOSYTHESIS",0.541747572815534,0.688474763600639,0.0734381410838857,-0.26540678626147,-0.940997211810227,57,"ST8SIA5;GMDS;ST3GAL2;ST8SIA1;CTSA;DPM2;NPL;HK1;DOLK;DOLPP1;AMDHD2;ST8SIA2;ST6GALNAC4;NUDT14;ST6GALNAC6;FPGT;PMM2;ALG5;NEU2;NEU1;GNE;NAGK;ST6GAL1;SLC35C1;GFUS","wald_stat",FALSE
"REACTOME_PKMTS_METHYLATE_HISTONE_LYSINES",0.542682926829268,0.688474763600639,0.0756946307932749,0.267781263292065,0.952941104026161,48,"NSD2;H3C4;NSD3;MECOM;DOT1L","wald_stat",FALSE
"REACTOME_NUCLEOTIDE_CATABOLISM",0.542743538767396,0.688474763600639,0.0745500777420554,-0.301137157389739,-0.931983050424472,29,"ENTPD2;NUDT16;SAMHD1;NT5E;ENTPD6;NUDT9;DNPH1;NT5C;ENTPD4;ADPRM;NUDT1;NT5C1A","wald_stat",FALSE
"REACTOME_PURINERGIC_SIGNALING_IN_LEISHMANIASIS_INFECTION",0.542797494780793,0.688474763600639,0.0770736734944102,0.332363546468577,0.949452402877866,19,"TXNIP;SUGT1;RELA;C3AR1","wald_stat",FALSE
"REACTOME_INHIBITION_OF_THE_PROTEOLYTIC_ACTIVITY_OF_APC_C_REQUIRED_FOR_THE_ONSET_OF_ANAPHASE_BY_MITOTIC_SPINDLE_CHECKPOINT_COMPONENTS",0.544401544401544,0.689664135196571,0.0728938564822936,-0.317055841404666,-0.928940185840483,21,"UBE2C;CDC27;CDC23;BUB3;ANAPC7;ANAPC15;UBE2S","wald_stat",FALSE
"REACTOME_MITOTIC_PROPHASE",0.546666666666667,0.691687041564792,0.072003313661988,-0.241960230648309,-0.954480264178663,106,"NUP210;PLK1;CCNB1;LMNB1;H2AX;NEK6;H3-3A;PRKCB;H3-3B;RAB1B;NUMA1;H3C6;TPR;PPP2R1A;NCAPG2;SMC4;BANF1;AAAS;LMNA;GOLGA2;NUP93;POM121;LPIN1;VRK1;NUP85;H3C10;RAE1;ENSA;LEMD2","wald_stat",FALSE
"REACTOME_TRNA_PROCESSING_IN_THE_NUCLEUS",0.548319327731092,0.691794970923395,0.0768736734126542,0.256066994267351,0.949296485979565,59,"XPOT;NUP58;NUP50;NUP133;POM121C;DDX1;TSEN54;SEC13;NDC1;ZBTB8OS;RPP38;NUP188;NUP155;NUP43;NUP160;CPSF4;NUP153","wald_stat",FALSE
"REACTOME_DOWNSTREAM_SIGNALING_OF_ACTIVATED_FGFR1",0.548757170172084,0.691794970923395,0.072003313661988,-0.323858530861608,-0.928767492661223,19,"SHC1;FGFR1;FLRT2;FRS2;FLRT3","wald_stat",FALSE
"REACTOME_RRNA_PROCESSING_IN_THE_MITOCHONDRION",0.548757170172084,0.691794970923395,0.072003313661988,-0.32370903141225,-0.928338755371626,19,"MT-RNR1;RCC1L;MTERF4;TRMT10C;RPUSD4;MRM1","wald_stat",FALSE
"REACTOME_KERATAN_SULFATE_KERATIN_METABOLISM",0.552083333333333,0.695141423357664,0.0760837160951725,0.302682758735785,0.940973372902312,26,"ST3GAL4;B4GAT1;B3GNT2;CHST6;CHST1;GLB1;ST3GAL6;HEXB;B4GALT4;ST3GAL3","wald_stat",FALSE
"REACTOME_FGFR2_MUTANT_RECEPTOR_ACTIVATION",0.553719008264463,0.696353795326512,0.0755015292281669,0.315382602844271,0.930642199210927,21,"POLR2A;FGF1;FGFR2;FGF2","wald_stat",FALSE
"REACTOME_TRANSCRIPTIONAL_REGULATION_BY_VENTX",0.554455445544555,0.696433721042007,0.0732558655828455,-0.284643925328706,-0.930918548060945,36,"UBE2C;TNRC6B;TP53;CTNNB1;CDC27;TCF7L2;FZR1;CDC23;MOV10;ANAPC7;LEF1;CEBPB;ANAPC15;UBE2S","wald_stat",FALSE
"REACTOME_DAG_AND_IP3_SIGNALING",0.55533199195171,0.696689226266691,0.0739901439101341,0.279141327832463,0.941055279799852,36,"ITPR3;ADCY3;CAMK2G;CAMKK2;PRKCA;CALM1;NBEA;AHCYL1;ADCY9;ITPR2;PRKAR2A;PRKACB;PRKCE;CREB1","wald_stat",FALSE
"REACTOME_GLOBAL_GENOME_NUCLEOTIDE_EXCISION_REPAIR_GG_NER",0.557377049180328,0.697574389553479,0.0747385227439092,0.238629528550279,0.942555505970715,84,"RPS27A;CUL4A;RPA1;POLK;COPS4;RFC1;GTF2H2;POLD3","wald_stat",FALSE
"REACTOME_INSERTION_OF_TAIL_ANCHORED_PROTEINS_INTO_THE_ENDOPLASMIC_RETICULUM_MEMBRANE",0.557915057915058,0.697574389553479,0.0716527366829457,-0.313770903959412,-0.919315665480446,21,"VAMP2;UBE2J2;BAG6;GET4;SGTA;GET3","wald_stat",FALSE
"REACTOME_VLDLR_INTERNALISATION_AND_DEGRADATION",0.559288537549407,0.697574389553479,0.0727141077934447,-0.334803768434643,-0.899855713884483,15,"AP2M1;AP2S1;UBB;NR1H3","wald_stat",FALSE
"REACTOME_CARDIAC_CONDUCTION",0.559615384615385,0.697574389553479,0.0713052987340038,-0.249328199989139,-0.921285870941904,73,"FXYD6;FGF14;NPR1;SCN9A;KCNH2;NPR2;CACNG4;ATP1B3;KCNIP1;ASPH;KCNJ12;ATP1B2;PRKACA;NKX2-5;CACNB2;KCNK3;WWTR1;KCNK13;CAMK2B;KCNIP4;FGF13;CAMK2D;DMPK;ATP1B1;ORAI2;ATP1A1;KCNK6","wald_stat",FALSE
"REACTOME_CASPASE_ACTIVATION_VIA_EXTRINSIC_APOPTOTIC_SIGNALLING_PATHWAY",0.55982905982906,0.697574389553479,0.0766746872490091,0.318310704577503,0.937831089469509,22,"TNFRSF10A;APPL1;LY96;DAPK1","wald_stat",FALSE
"REACTOME_SIGNALLING_TO_RAS",0.560081466395112,0.697574389553479,0.0741758965588009,0.326386688587901,0.926064900821618,18,"RALA;MAPK14;GRB2;RALB;SOS1;SHC3;SRC","wald_stat",FALSE
"REACTOME_METABOLIC_DISORDERS_OF_BIOLOGICAL_OXIDATION_ENZYMES",0.56404958677686,0.701672262396694,0.0745500777420554,0.323838945122893,0.937642771543316,20,"CYP27A1;CYP26B1;GCLC;TPMT;CYP2U1;CYP27B1;CYP1B1;FDX1","wald_stat",FALSE
"REACTOME_INTERACTIONS_OF_VPR_WITH_HOST_CELLULAR_PROTEINS",0.567460317460317,0.704355434571262,0.0721797965581253,0.276589503986791,0.941405048987166,37,"NUP58;NUP50;PSIP1;NUP133;KPNA1;HMGA1;POM121C;SEC13;NDC1;NUP188;NUP155;NUP43;NUP160;NUP153","wald_stat",FALSE
"REACTOME_GLUCONEOGENESIS",0.567567567567568,0.704355434571262,0.0707899094502623,-0.326904038283141,-0.908451790900069,17,"G6PC3;PC;ENO1;PCK2;TPI1;PGAM1;ENO3","wald_stat",FALSE
"REACTOME_AMPK_INDUCED_ERAD_AND_LYSOSOME_MEDIATED_DEGRADATION_OF_PD_L1_CD274",0.569767441860465,0.704813627341927,0.0707899094502623,-0.264420472020425,-0.93334914435897,53,"OS9;PSMB4;PSMC3;UBB;ERLIN2;PSMD8;PSMB7;VCP;PSMA5;DERL2;PSMB3;PSMA6;PSMD6;PSMA2;PSMD13;PSMA7;ADRM1;PSMB1;UBA52;PSMC5;PSMD1;PSMA1;PSMA3;PRKAG1","wald_stat",FALSE
"REACTOME_INWARDLY_RECTIFYING_K_CHANNELS",0.569937369519833,0.704813627341927,0.0745500777420554,0.325263666980015,0.929170402302945,19,"GNG2;GNG11;GNB1;GNG12;GNB5;KCNJ2;GNG3","wald_stat",FALSE
"REACTOME_MATURATION_OF_DENV_PROTEINS",0.569979716024341,0.704813627341927,0.0730744399126987,0.263743483948762,0.937630328244562,47,"RPS27A;P4HA1;KPNA5;IPO7;XPO1;KPNA1;P4HA2;KPNA3;DNAJC10;CANX;DAD1;OSTC","wald_stat",FALSE
"REACTOME_RND3_GTPASE_CYCLE",0.572874493927126,0.707547853478013,0.0727141077934447,-0.280944241870335,-0.923613300062733,38,"DST;KTN1;WDR6;FLOT2;VANGL2;RND3;DLG5;PIK3R2;ARHGAP35;TNFAIP1","wald_stat",FALSE
"REACTOME_ADORA2B_MEDIATED_ANTI_INFLAMMATORY_CYTOKINES_PRODUCTION",0.574338085539715,0.708510034009064,0.0728938564822936,0.284374627196251,0.935807487503499,33,"GNG2;ADCY3;GNG11;GNB1;GNG12;ADCY9;GNB5;PRKAR2A;PRKACB;CREB1;GNG3","wald_stat",FALSE
"REACTOME_REGULATION_OF_EXPRESSION_OF_SLITS_AND_ROBOS",0.576923076923077,0.710851648351648,0.0751181635276301,0.222248630697153,0.95475419775607,150,"RPS27A;RPS3A;RPL9;RPL7;GSPT1;ETF1;RPLP0;RPS15A;RPL23;LHX9;RPS7;RPS17;RPS23;RPLP2;UPF2;RPS11;RPS13;RPL5;RPL17;RPL39;RPL27A;RPS10;PSMD7;CUL2;PSMD14;RPL22;RPL11;RPS25;RPS21;RPL26;RPL27;RPS3;RPS18;RPS29;RPS20;CASC3;USP33;LHX2;RPL4;RPL30;RPL34;RPL18A;RPS27;RPS27L;RPS12;PSMC4;RPS14;RPS2;RPS6;RPS4X;RPS8;RPS19","wald_stat",FALSE
"REACTOME_FORMATION_OF_RNA_POL_II_ELONGATION_COMPLEX",0.581108829568789,0.715157715343277,0.0727141077934447,0.254798156253772,0.940885416391448,57,"POLR2A;AFF4;CDC73;TCEA1;CCNK;GTF2H2;MLLT3;CCNT2;SSRP1;EAF2;NELFB;CDK7;ERCC3;CTR9;POLR2D;NELFA","wald_stat",FALSE
"REACTOME_RETROGRADE_TRANSPORT_AT_THE_TRANS_GOLGI_NETWORK",0.582661290322581,0.716216669220749,0.0716527366829457,0.263064620226776,0.940138679807015,49,"COG5;VPS51;TMF1;RAB6A;SCOC;RHOBTB3;NAA30;VTI1A;VPS54;RIC1;STX6;COG4;ARL1;COG8;NAPG;NAA35","wald_stat",FALSE
"REACTOME_REGULATION_OF_ENDOGENOUS_RETROELEMENTS_BY_PIWI_INTERACTING_RNAS_PIRNAS",0.585551330798479,0.718192781462658,0.0684714904492087,-0.254086991710483,-0.914656174112057,59,"MBD3;ACTB;H2AX;H3-3A;SMARCD1;H3-3B;H3C6;DPF3;MTA3;BCL7A","wald_stat",FALSE
"REACTOME_DEADENYLATION_DEPENDENT_MRNA_DECAY",0.586558044806517,0.718192781462658,0.0718276293603809,0.254546408844047,0.935054616343037,56,"SKIC3;DIS3;XRN1;CNOT1;SKIC2;CNOT2;PAN3;DCP2;EIF4B;HBS1L;NT5C3B;EIF4A2;EIF4E;CNOT9;CNOT8;PAIP1","wald_stat",FALSE
"REACTOME_CELL_CYCLE_CHECKPOINTS",0.586837294332724,0.718192781462658,0.066436413766281,-0.20974731348005,-0.949945702786645,268,"UBE2C;SFN;GTSE1;DYNC1I1;RCC2;PLK1;CCNB1;BABAM1;TP53;CENPA;DYNLL1;CDCA8;H2AX;CLASP1;CENPF;ATRIP;MDM2;MAD1L1;PSMB4;PSMC3;CENPL;CDC27;PPP2R1A;SGO1;ZWINT;UBB;CENPT;PSMD8;PPP2R5C;PSMB7;BLM;CHEK2;CENPM;DNA2;KIF2C;UBE2N;KAT5;MDC1;PSMA5;BIRC5;RPA3;CDC25C;HERC2;PMF1;PSMB3;MAPK11;KNL1;PSMA6;INCENP;AURKB;NUF2;PSMD6;CDC23;ORC6;NEK11;SKA2;BUB3;SPC24;PSMA2;NUP85;ANAPC7;CENPK","wald_stat",FALSE
"REACTOME_ARACHIDONATE_METABOLISM",0.587044534412955,0.718192781462658,0.0714786287425507,-0.277705936005093,-0.912967264582894,38,"AKR1C3;CYP4F3;ALOX12B;PON2;PTGS1;TBXAS1;GPX4;CYP2C19;MAPKAPK2;GGT5","wald_stat",FALSE
"REACTOME_TGF_BETA_RECEPTOR_SIGNALING_IN_EMT_EPITHELIAL_TO_MESENCHYMAL_TRANSITION",0.587755102040816,0.718213141218707,0.0718276293603809,0.330714426344412,0.904856000339654,16,"RPS27A;TGFB1;CGN","wald_stat",FALSE
"REACTOME_P53_DEPENDENT_G1_DNA_DAMAGE_RESPONSE",0.589494163424125,0.719257950530035,0.0692836467392548,-0.261483657361174,-0.915331030641742,52,"TP53;MDM2;PSMB4;PSMC3;UBB;PSMD8;PSMB7;CHEK2;PSMA5;PSMB3;PSMA6;PSMD6;PSMA2;PSMD13;PSMA7;ADRM1;PSMB1;UBA52;PSMC5;PSMD1;PSMA1;PSMA3","wald_stat",FALSE
"REACTOME_TAK1_DEPENDENT_IKK_AND_NF_KAPPA_B_ACTIVATION",0.59,0.719257950530035,0.070619624712259,-0.271462694285967,-0.91431650099347,42,"HMGB1;TP53;TAB1;NOD2;S100B;UBE2V1;UBB;AGER;UBE2N","wald_stat",FALSE
"REACTOME_LYSOSOME_VESICLE_BIOGENESIS",0.591269841269841,0.719957983193277,0.070113215764256,-0.285109982994511,-0.900439978931149,31,"GNS;AP1S3;VAMP2;ARRB1;DNASE2;AP1B1;CLVS2;M6PR;AP4B1;DNAJC6","wald_stat",FALSE
"REACTOME_GLUCOSE_METABOLISM",0.592592592592593,0.71996166186307,0.0718276293603809,0.238985989955308,0.918359246553467,71,"PGM2L1;NUP58;NUP50;NUP133;PPP2R5D;SLC37A2;GNPDA1;GPI;GNPDA2;PPP2CA;ALDOC;POM121C;PGK1;SLC37A1;SEC13;BPGM;NDC1;PRKACB;NUP188;NUP155;NUP43","wald_stat",FALSE
"REACTOME_SLC_MEDIATED_TRANSPORT_OF_INORGANIC_ANIONS",0.592664092664093,0.71996166186307,0.0686325631836726,-0.314324096375811,-0.909999790831817,20,"SLC4A4;SLC4A2","wald_stat",FALSE
"REACTOME_ACTIVATION_OF_NF_KAPPAB_IN_B_CELLS",0.596899224806202,0.723988895613504,0.0684714904492087,-0.258516928433637,-0.912510866167752,53,"PRKCB;PSMB4;PSMC3;UBB;PSMD8;PSMB7;PSMA5;NFKBIB;PSMB3;PSMA6;PSMD6;PSMA2;NFKBIE;PSMD13;PSMA7;ADRM1;PSMB1;UBA52;PSMC5;PSMD1;PSMA1;PSMA3","wald_stat",FALSE
"REACTOME_DISEASES_OF_IMMUNE_SYSTEM",0.597378277153558,0.723988895613504,0.0667426134241917,-0.296606747667651,-0.888997249818938,22,"HMGB1;MYD88","wald_stat",FALSE
"REACTOME_SIGNALING_BY_CSF3_G_CSF",0.6,0.725948050017651,0.0718276293603809,0.288460604082239,0.896759857437536,26,"RPS27A;PTPN11;GRB2;UBE2D3;GAB2;STAT5B;CUL5;SOCS1","wald_stat",FALSE
"REACTOME_DNA_METHYLATION",0.600397614314115,0.725948050017651,0.0694481442003175,-0.293224320010102,-0.899659409095714,28,"H2AX;H3-3A;H3-3B;H3C6;UHRF1","wald_stat",FALSE
"REACTOME_M_DECAY_DEGRADATION_OF_MATERNAL_MRNAS_BY_MATERNALLY_STORED_FACTORS",0.601642710472279,0.726604673674223,0.0709609456938284,0.293119287295716,0.917098068954515,27,"CNOT1;CNOT2;AGO2;EIF4B;EIF4A2;EIF4E;CNOT9;ZFP36L2;CNOT8;PAIP1;POLR2D;RPS2","wald_stat",FALSE
"REACTOME_RIBOSOME_QUALITY_CONTROL_RQC_COMPLEX_EXTRACTS_AND_DEGRADES_NASCENT_PEPTIDE",0.603340292275574,0.72780559732543,0.0716527366829457,0.231146044047017,0.934771736970362,101,"RPS27A;RPL9;RPL7;RPLP0;UFD1;KLHDC10;RPL23;LTN1;RPLP2;RPL5;RPL17;RPL39;RPL27A;PSMD7;CUL2;PSMD14;RPL22;RPL11","wald_stat",FALSE
"REACTOME_RESOLUTION_OF_ABASIC_SITES_AP_SITES",0.604330708661417,0.728122059416588,0.0686325631836726,0.263712978597733,0.906241178689551,38,"RPA1;RFC1;SMUG1;POLD3;PARP2","wald_stat",FALSE
"REACTOME_DEGRADATION_OF_BETA_CATENIN_BY_THE_DESTRUCTION_COMPLEX",0.605009633911368,0.728122059416588,0.0675188953767744,-0.245195782259202,-0.903178910072335,72,"CTNNB1;PSMB4;PSMC3;PPP2R1A;UBB;PSMD8;PPP2R5C;PSMB7;TCF7L2;PSMA5;PSMB3;TLE3;PSMA6;AXIN2;PSMD6;PSMA2;LEF1;PSMD13;RBX1;HDAC1;PSMA7;ADRM1;TLE5;PSMB1;UBA52;PSMC5;PSMD1;PSMA1;TLE1;PSMA3","wald_stat",FALSE
"REACTOME_INTERACTIONS_OF_REV_WITH_HOST_CELLULAR_PROTEINS",0.607142857142857,0.729840716774515,0.0687943095604775,0.268394612542757,0.913512767934867,37,"NUP58;NUP50;RANBP1;NUP133;XPO1;POM121C;SEC13;NDC1;NUP188;NUP155;NUP43;NUP160;NUP153","wald_stat",FALSE
"REACTOME_GROWTH_HORMONE_RECEPTOR_SIGNALING",0.611691022964509,0.734454998571076,0.0709609456938284,0.313752712114461,0.896287422587984,19,"MAPK1;IRS1;STAT5B;SOCS1;CISH;JAK2","wald_stat",FALSE
"REACTOME_REGULATION_OF_GLUCOKINASE_BY_GLUCOKINASE_REGULATORY_PROTEIN",0.614457831325301,0.736903713178949,0.0687943095604775,0.280496339671843,0.907744164476588,31,"NUP58;NUP50;NUP133;POM121C;SEC13;NDC1;NUP188;NUP155;NUP43;NUP160;NUP153","wald_stat",FALSE
"REACTOME_SIGNALING_BY_HIPPO",0.615702479338843,0.736903713178949,0.070113215764256,0.311491703728245,0.901892588260701,20,"LATS2;MOB1B;TJP2;STK4;SAV1;TJP1","wald_stat",FALSE
"REACTOME_INTERLEUKIN_1_FAMILY_SIGNALING",0.615866388308977,0.736903713178949,0.070619624712259,0.225714216997588,0.938385695739429,116,"RPS27A;FBXW11;IRAK1;PTPN11;RIPK2;IL1R1;SQSTM1;NLRC5;PTPN12;TRAF6;IL33;SMAD3;MAPK8;RELA;TNIP2;PSMD7;MAP2K6;PTPN4;PSMD14;MAP3K3;N4BP1;MAP3K7;PTPN18;SKP1;MAP2K4;IL1RAPL1;PELI2;MAP2K1;ALPK1;BTRC","wald_stat",FALSE
"REACTOME_NPAS4_REGULATES_EXPRESSION_OF_TARGET_GENES",0.618367346938775,0.739041806098883,0.0692836467392548,0.324218185269393,0.887081865774803,16,"MAPK1;XPO1;BDNF","wald_stat",FALSE
"REACTOME_FORMATION_OF_THE_EARLY_ELONGATION_COMPLEX",0.620352250489237,0.740170888405399,0.0670512579829467,-0.273698498195608,-0.885206254901946,33,"POLR2I;POLR2L;POLR2F;CTDP1;GTF2H5;GTF2H4;GTF2F1;GTF2H3;SUPT5H","wald_stat",FALSE
"REACTOME_ASSEMBLY_OF_THE_ORC_COMPLEX_AT_THE_ORIGIN_OF_REPLICATION",0.621181262729124,0.740170888405399,0.0689567351672811,0.275156344879242,0.905472370410845,33,"H3C4;H2BC5;H2BC8;H2BC21;KPNA1;H2AC19;H2BC4","wald_stat",FALSE
"REACTOME_RAB_GEFS_EXCHANGE_GTP_FOR_GDP_ON_RABS",0.621457489878543,0.740170888405399,0.0686325631836726,0.228062783123975,0.909889680953988,87,"AKT3;DENND1B;CCZ1B;RABGEF1;RAB5A;RIN2;RAB38;TRAPPC6B;DENND3;CHML;RAB6A;RAB35;GAPVD1;RIC1;RAB21;RAB1A;RAB27A;RAB3GAP1;DENND4C;DENND5A;RAB39A;RINL;GDI2;ULK1;RAB5B;MADD;SBF2;HPS4;TRAPPC8;DENND6A;RAB7B;TRAPPC5;DENND5B","wald_stat",FALSE
"REACTOME_PHASE_0_RAPID_DEPOLARISATION",0.623552123552124,0.741812009053388,0.066132620475844,-0.306138432877587,-0.886301473849152,20,"FGF14;SCN9A;CACNG4;CACNB2;CAMK2B;FGF13;CAMK2D","wald_stat",FALSE
"REACTOME_MITOTIC_G1_PHASE_AND_G1_S_TRANSITION",0.625531914893617,0.742683442215922,0.0707899094502623,0.218711200678607,0.932074303390231,136,"RPS27A;CCND1;AKT3;RPA1;MCM4;E2F1;MCM6;CDC45;RRM2;MCM3;CABLES1;CDKN1B;RBL1;PPP2CA;TFDP1;PSMD7;CCNE2;DYRK1A;PSMD14;MYC;SKP1;CDKN1C;CCNA1;DHFR;POLA1","wald_stat",FALSE
"REACTOME_TP53_REGULATES_TRANSCRIPTION_OF_DNA_REPAIR_GENES",0.625719769673704,0.742683442215922,0.065681360193401,-0.248561173075042,-0.89529117517817,61,"FANCD2;TP53;POLR2I;POLR2L;MLH1;FOS;POLR2F;CTDP1;MDC1;GTF2H5;GTF2H4;GTF2F1;GTF2H3;ELOC;SUPT5H;RAD51D","wald_stat",FALSE
"REACTOME_HDR_THROUGH_SINGLE_STRAND_ANNEALING_SSA",0.626984126984127,0.743331696939944,0.0672065093710464,0.265129623419419,0.90239999177636,37,"RPA1;NBN;BARD1;RAD17;RAD52;ERCC4;EXO1;RAD9A;HUS1;RMI1;MRE11;RAD9B;RAD51;RAD50;BRIP1","wald_stat",FALSE
"REACTOME_SUMOYLATION_OF_UBIQUITINYLATION_PROTEINS",0.628,0.743376623376623,0.0675188953767744,-0.266066001640691,-0.881583589069103,39,"NUP210;PML;MDM2;TPR;VHL;AAAS;NUP93;POM121;NUP85;RAE1","wald_stat",FALSE
"REACTOME_RIP_MEDIATED_NFKB_ACTIVATION_VIA_ZBP1",0.628458498023715,0.743376623376623,0.0668966276500666,-0.322994027436033,-0.868114545119323,15,"MYD88;NFKBIB;NKIRAS2","wald_stat",FALSE
"REACTOME_ASSEMBLY_OF_THE_HIV_VIRION",0.630612244897959,0.74507268660889,0.0683110858318647,0.320084719998938,0.875772438201563,16,"RPS27A;FURIN;VPS37A;MVB12B;NMT2","wald_stat",FALSE
"REACTOME_DARPP_32_EVENTS",0.633540372670807,0.747678775044796,0.0687943095604775,0.292672712952643,0.879361685020175,23,"PPP3CC;PPP2R5D;CALM1;PPP2CA;PRKAR2A;PPP3CA;PRKACB","wald_stat",FALSE
"REACTOME_INTERCONVERSION_OF_NUCLEOTIDE_DI_AND_TRIPHOSPHATES",0.634496919917864,0.747954797397483,0.0683110858318647,0.285067460975061,0.891905887169561,27,"TXNRD1;RRM2;RRM2B;DUT;CMPK1;NME2;CTPS2","wald_stat",FALSE
"REACTOME_SIGNALING_BY_KIT_IN_DISEASE",0.635437881873727,0.748211840431522,0.0678338263479455,0.311014668468799,0.882449493745388,18,"YES1;GRB2;STAT5B;SOS1;JAK2;SRC","wald_stat",FALSE
"REACTOME_REGULATION_OF_PD_L1_CD274_EXPRESSION",0.637218045112782,0.74945531442242,0.0637845390312975,-0.217704743081628,-0.920682410585474,154,"HIF1A;STAT3;STAT1;CDK4;TNRC6B;H2AX;H3-3A;IRF1;CTNNB1;TMEM258;H3-3B;OS9;PSMB4;H3C6;PSMC3;COPS5;FOS;UBB;ERLIN2;PSMD8;PSMB7;TCF7L2;VCP;PSMA5;CREBBP;DERL2;RPN2;BRD4;PSMB3;WDR5;WWTR1;PSMA6;OST4;PSMD6;DDOST;MOV10;PSMA2;H3C10;LEF1","wald_stat",FALSE
"REACTOME_REGULATION_OF_PYRUVATE_METABOLISM",0.63855421686747,0.749648502407226,0.0668966276500666,0.276772700405152,0.895693697725722,31,"RPS27A;MKLN1;RANBP9;ARMC8;RMND5A;GID4;PGAM5;WDR26","wald_stat",FALSE
"REACTOME_ADRENALINE_NORADRENALINE_INHIBITS_INSULIN_SECRETION",0.638830897703549,0.749648502407226,0.0687943095604775,0.309225078303418,0.883353474665833,19,"GNG2;GNG11;GNB1;GNG12;GNB5","wald_stat",FALSE
"REACTOME_IKK_COMPLEX_RECRUITMENT_MEDIATED_BY_RIP1",0.640495867768595,0.750751102084367,0.0681513438679483,0.294508638217919,0.869046562130996,21,"RPS27A;UBE2D3;TRAF6;BIRC2","wald_stat",FALSE
"REACTOME_SPOP_MEDIATED_PROTEASOMAL_DEGRADATION_OF_PD_L1_CD274",0.642023346303502,0.751690230117788,0.0650877566917313,-0.256888213596326,-0.885678968903882,46,"CDK4;PSMB4;PSMC3;UBB;PSMD8;PSMB7;PSMA5;PSMB3;PSMA6;PSMD6;PSMA2;PSMD13;RBX1;PSMA7;ADRM1;PSMB1;UBA52;PSMC5;PSMD1;PSMA1;PSMA3","wald_stat",FALSE
"REACTOME_SYNTHESIS_OF_BILE_ACIDS_AND_BILE_SALTS_VIA_7ALPHA_HYDROXYCHOLESTEROL",0.644268774703557,0.75346687211094,0.065681360193401,-0.319390948126621,-0.858430509843042,15,"AKR1C3;AKR1C1;AKR1C2","wald_stat",FALSE
"REACTOME_SWITCHING_OF_ORIGINS_TO_A_POST_REPLICATIVE_STATE",0.645472061657033,0.754022103628701,0.064358336791736,-0.235897844489641,-0.885518657250047,79,"UBE2C;PSMB4;PSMC3;CDC27;UBB;PSMD8;PSMB7;FZR1;PSMA5;PSMB3;PSMA6;PSMD6;CDC23;ORC6;PSMA2;ANAPC7;PSMD13;RBX1;PSMA7;ANAPC15;ADRM1;UBE2S;PSMB1;UBA52;PSMC5;PSMD1;PSMA1;PSMA3","wald_stat",FALSE
"REACTOME_REGULATION_OF_RUNX2_EXPRESSION_AND_ACTIVITY",0.64765784114053,0.755722509109862,0.0668966276500666,0.245603080975271,0.90220206090081,56,"RPS27A;NR3C1;BMP2;GSK3B","wald_stat",FALSE
"REACTOME_DNA_DAMAGE_RECOGNITION_IN_GG_NER",0.649606299212598,0.757142477122792,0.0650877566917313,0.257345806455447,0.88436059617963,38,"RPS27A;CUL4A;COPS4","wald_stat",FALSE
"REACTOME_FATTY_ACYL_COA_BIOSYNTHESIS",0.650698602794411,0.757562490317453,0.065681360193401,-0.278483971258859,-0.870863021291972,30,"SCD5;ELOVL6;PPT2;SLC27A3;ACSL5;CBR4","wald_stat",FALSE
"REACTOME_SUMOYLATION_OF_DNA_REPLICATION_PROTEINS",0.651750972762646,0.757935120010493,0.064358336791736,-0.254436921125467,-0.877227595609332,46,"NUP210;CDCA8;TPR;AURKA;AAAS;BIRC5;INCENP;NUP93;AURKB;POM121;NUP85;RAE1","wald_stat",FALSE
"REACTOME_SYNTHESIS_OF_PC",0.654008438818565,0.759706772365,0.0681513438679483,0.283940915579174,0.861628167402357,24,"STARD10;CSNK2A1;SLC44A1;ACHE;LPIN2;ABHD3;CHPT1","wald_stat",FALSE
"REACTOME_REGULATION_OF_PTEN_STABILITY_AND_ACTIVITY",0.655172413793103,0.760205659502088,0.066132620475844,0.244556621992315,0.897343681945769,55,"RPS27A;AKT3;NEDD4;TNKS2;CSNK2A1;PTEN;PSMD7;TNKS;PSMD14","wald_stat",FALSE
"REACTOME_SEMA4D_IN_SEMAPHORIN_SIGNALING",0.656314699792961,0.760678291473364,0.0670512579829467,0.286978651365685,0.862253361045586,23,"ROCK2;MET;ROCK1;RRAS","wald_stat",FALSE
"REACTOME_SIALIC_ACID_METABOLISM",0.657088122605364,0.76072282650621,0.0632191170859458,-0.282784620601677,-0.868709845961207,26,"ST8SIA5;ST3GAL2;ST8SIA1;CTSA;NPL;ST8SIA2;ST6GALNAC4;ST6GALNAC6;NEU2;NEU1;GNE;ST6GAL1","wald_stat",FALSE
"REACTOME_TP53_REGULATES_TRANSCRIPTION_OF_GENES_INVOLVED_IN_CYTOCHROME_C_RELEASE",0.659655831739962,0.760781534723628,0.0629394692018967,-0.303626070538801,-0.870744468242542,19,"TP53;PMAIP1;CREBBP;AIFM2;BAX","wald_stat",FALSE
"REACTOME_AZATHIOPRINE_ADME",0.659707724425887,0.760781534723628,0.0672065093710464,0.302271550592403,0.863489552572545,19,"IMPDH1;GMPS;NME2;TPMT;XDH;VAV2;GSTA2;SLC29A1;HPRT1;RAC1;IMPDH2","wald_stat",FALSE
"REACTOME_CLEC7A_DECTIN_1_SIGNALING",0.659919028340081,0.760781534723628,0.065681360193401,0.228093843396744,0.893078502380759,80,"RPS27A;ITPR3;FBXW11;NFATC1;TRAF6;CALM1;MALT1;AHCYL1;RELA;PSMD7;PSMD14;ITPR2;MAP3K7;SKP1;BCL10;PPP3CA","wald_stat",FALSE
"REACTOME_TP53_REGULATES_TRANSCRIPTION_OF_CELL_CYCLE_GENES",0.660079051383399,0.760781534723628,0.0645031249656493,-0.252553546704723,-0.874546966874747,49,"SFN;PLK2;CCNB1;TP53;AURKA;CNOT10;PRMT1;CDC25C;BAX;CNOT6;NPM1;E2F4;BTG2;CNOT3;CARM1;ARID3A;RGCC","wald_stat",FALSE
"REACTOME_REGULATION_OF_MITF_M_DEPENDENT_GENES_INVOLVED_IN_PIGMENTATION",0.662626262626263,0.761284306063611,0.0653834195468773,-0.263145978301215,-0.855726056576642,35,"TFAP2A;ACTB;SMARCD1;CTNNB1;DPF3","wald_stat",FALSE
"REACTOME_REGULATION_OF_ENDOGENOUS_RETROELEMENTS_BY_THE_HUMAN_SILENCING_HUB_HUSH_COMPLEX",0.662721893491124,0.761284306063611,0.0642140881844605,0.26000852053115,0.874345133387622,35,"H3C4;H2BC5;H2BC8;H2BC21;H2AC19;H2BC4;MORC2;ATF7IP;MPHOSPH8;H2BC15;TASOR;H2BC6;H4C14;H2AC18","wald_stat",FALSE
"REACTOME_SUMOYLATION_OF_SUMOYLATION_PROTEINS",0.662721893491124,0.761284306063611,0.0642140881844605,0.260335528607797,0.87544478165996,35,"NUP58;NUP50;NUP133;POM121C;SEC13;NDC1;NUP188;NUP155;NUP43;NUP160;NUP153","wald_stat",FALSE
"REACTOME_DEADENYLATION_OF_MRNA",0.664583333333333,0.762576219512195,0.0667426134241917,0.279010605371413,0.854573412878965,25,"CNOT1;CNOT2;PAN3;EIF4B;EIF4A2;EIF4E;CNOT9;CNOT8;PAIP1","wald_stat",FALSE
"REACTOME_METABOLISM_OF_STEROIDS",0.667300380228137,0.764845950759825,0.0621124188949471,-0.224093625149422,-0.901510007717,117,"DHCR7;HELZ2;ELOVL6;DHCR24;AKR1C3;KPNB1;AKR1C1;CHD9;SQLE;AKR1C2;AKR1B1;NFYC;CUBN;EBP;HSD11B2","wald_stat",FALSE
"REACTOME_ROLE_OF_PHOSPHOLIPIDS_IN_PHAGOCYTOSIS",0.669216061185469,0.765286439915129,0.062249042949858,-0.298907018847904,-0.857211084406603,19,"PLD1;PLD3;PLA2G6;PIK3R2;PLD2;PLCG2","wald_stat",FALSE
"REACTOME_NUCLEOTIDE_SALVAGE",0.66988416988417,0.765286439915129,0.0626618230932491,-0.295906801274498,-0.856679873958995,20,"APRT;ADA;GMPR;GMPR2;AMPD3;UCKL1;UCK1;TK2","wald_stat",FALSE
"REACTOME_FORMATION_OF_THE_BETA_CATENIN_TCF_TRANSACTIVATING_COMPLEX",0.669902912621359,0.765286439915129,0.0629394692018967,-0.246786920805255,-0.874980657654306,57,"H2AX;H3-3A;CTNNB1;H3-3B;H3C6;TCF7L2;KAT5;CREBBP;MEN1;WDR5;TLE3;PYGO2;AXIN2;RUVBL1;H3C10;LEF1;HDAC1;TRRAP;TERT;KMT2B;TLE1","wald_stat",FALSE
"REACTOME_UBIQUITIN_MEDIATED_DEGRADATION_OF_PHOSPHORYLATED_CDC25A",0.671259842519685,0.765375292715994,0.0635007968065945,-0.248055493634863,-0.863998131708422,51,"PSMB4;PSMC3;UBB;PSMD8;PSMB7;CHEK2;PSMA5;PSMB3;MAPK11;PSMA6;PSMD6;NEK11;PSMA2;PSMD13;RBX1;PSMA7;ADRM1;PSMB1;UBA52;PSMC5;PSMD1;PSMA1;PSMA3","wald_stat",FALSE
"REACTOME_TRANSCRIPTIONAL_REGULATION_BY_THE_AP_2_TFAP2_FAMILY_OF_TRANSCRIPTION_FACTORS",0.671968190854871,0.765375292715994,0.0639271933359996,-0.278043122417214,-0.860509807644118,29,"TFAP2A;APOE;MYBL2;NOP2;ERBB2;YEATS4;CREBBP","wald_stat",FALSE
"REACTOME_UNFOLDED_PROTEIN_RESPONSE_UPR",0.672199170124481,0.765375292715994,0.065981614400873,0.222707968570773,0.886639933323721,89,"SSR1;EIF2S1;DIS3;KDELR3;PDIA6;SRPRB;ATF3;CXXC1;SERP1;CREBRF;DDIT3;CTDSP2;DCP2;KHSRP;DCTN1;GOSR2;SEC31A;CXCL8;ATF6;DNAJC3;CREB3L4;CREB3L2;PPP2R5B","wald_stat",FALSE
"REACTOME_REGULATION_OF_MITF_M_DEPENDENT_GENES_INVOLVED_IN_APOPTOSIS",0.677551020408163,0.770621215519175,0.0647943366000727,0.311963785254825,0.853553036971319,16,"AGO4;TNRC6A;AGO1;AGO2;BCL2A1;AGO3;SIN3A","wald_stat",FALSE
"REACTOME_MAP2K_AND_MAPK_ACTIVATION",0.680473372781065,0.772770325619496,0.0629394692018967,0.255938864540809,0.860659874525923,35,"MAPK1;ACTG1;RAP1B;MARK3;IQGAP1;IL17RD;RAP1A;KSR1;ITGB3;MAP2K1;SRC","wald_stat",FALSE
"REACTOME_G2_M_DNA_DAMAGE_CHECKPOINT",0.680933852140078,0.772770325619496,0.062249042949858,-0.23482897111651,-0.868360079583939,76,"SFN;CCNB1;BABAM1;TP53;H2AX;ATRIP;BLM;CHEK2;DNA2;UBE2N;KAT5;MDC1;RPA3;CDC25C;HERC2","wald_stat",FALSE
"REACTOME_POSTMITOTIC_NUCLEAR_PORE_COMPLEX_NPC_REFORMATION",0.683778234086242,0.775148381466879,0.0646484568421928,0.273310318739784,0.855120684326467,27,"NUP58;NUP133;SEC13;NDC1;NUP188;NUP155;NUP43;AHCTF1;NUP160","wald_stat",FALSE
"REACTOME_PEROXISOMAL_LIPID_METABOLISM",0.685823754789272,0.776616615106014,0.0611692626746689,-0.272481130112356,-0.839286097341434,25,"CRAT;SLC25A17;ACOT8;ACBD4;NUDT19;ACAA1;ACOX3;CROT","wald_stat",FALSE
"REACTOME_NUCLEAR_IMPORT_OF_REV_PROTEIN",0.688755020080321,0.77908354730397,0.0632191170859458,-0.261105402879951,-0.844528958067482,34,"NUP210;KPNB1;RCC1;TPR;AAAS;NUP93;POM121;NUP85;RAE1;NPM1;RANBP2","wald_stat",FALSE
"REACTOME_METABOLISM_OF_STEROID_HORMONES",0.690802348336595,0.780546321537528,0.0618406035753285,-0.297586348805367,-0.834147832994498,18,"AKR1B1;HSD11B2;SRD5A1","wald_stat",FALSE
"REACTOME_INHIBITION_OF_DNA_RECOMBINATION_AT_TELOMERE",0.692,0.781046892039258,0.0628003977812234,-0.256991949845801,-0.857369086187273,41,"H2AX;POLR2I;POLR2L;H3-3A;H3-3B;POLR2F","wald_stat",FALSE
"REACTOME_IRE1ALPHA_ACTIVATES_CHAPERONES",0.693548387096774,0.781941808981657,0.0630790410571939,0.244991928937776,0.875550609718558,49,"SSR1;KDELR3;PDIA6;SRPRB;CXXC1;SERP1;CTDSP2;DCTN1;GOSR2;SEC31A","wald_stat",FALSE
"REACTOME_MISMATCH_REPAIR",0.695564516129032,0.782673176809985,0.0629394692018967,0.310781584253499,0.833402846605124,15,"RPA1;POLD3;MSH6;EXO1;MSH2;POLD4","wald_stat",FALSE
"REACTOME_LAGGING_STRAND_SYNTHESIS",0.696280991735537,0.782673176809985,0.0640703750499722,0.288931773057786,0.836572600537647,20,"RPA1;RFC1;POLD3","wald_stat",FALSE
"REACTOME_CYCLIN_A_CDK2_ASSOCIATED_EVENTS_AT_S_PHASE_ENTRY",0.696465696465696,0.782673176809985,0.064358336791736,0.227837612806776,0.882187140094361,75,"RPS27A;CCND1;AKT3;E2F1;CABLES1;CDKN1B;TFDP1;PSMD7;CCNE2;PSMD14;MYC;SKP1;CCNA1","wald_stat",FALSE
"REACTOME_PYRUVATE_METABOLISM",0.702,0.786502230385725,0.0621124188949471,-0.252982764288952,-0.852074044519226,42,"PDHB;PC;HAGH;LDHA;GSTZ1;UBB;PDP1;PDK1;MAEA;LDHB;DLD;PDHA1;PDHX;PDPR","wald_stat",FALSE
"REACTOME_PERK_REGULATES_GENE_EXPRESSION",0.702429149797571,0.786502230385725,0.0626618230932491,0.262060531327612,0.855571947261372,32,"EIF2S1;DIS3;ATF3;DDIT3;DCP2;KHSRP;CXCL8;ATF6","wald_stat",FALSE
"REACTOME_VXPX_CARGO_TARGETING_TO_CILIUM",0.702479338842975,0.786502230385725,0.0636424081651019,0.299119001765371,0.833928082536002,17,"EXOC4;EXOC6;EXOC5;EXOC1;ASAP1;RAB11A;PKD1;EXOC2","wald_stat",FALSE
"REACTOME_BUDDING_AND_MATURATION_OF_HIV_VIRION",0.702912621359223,0.786502230385725,0.060640400949416,-0.271512139345016,-0.83566026003821,27,"PPIA;VPS37B;UBB;CHMP3;TSG101;UBAP1;CHMP4A;CHMP5;VPS37C;VPS28;UBA52","wald_stat",FALSE
"REACTOME_GAMMA_CARBOXYLATION_HYPUSINYLATION_HYDROXYLATION_AND_ARYLSULFATASE_ACTIVATION",0.705761316872428,0.788836893048556,0.0632191170859458,0.241992442116185,0.877416291928314,53,"ARSK;FURIN;ETF1;TPST1;RPS23;JMJD7;RPL27A;ICMT;ARSL;FN3KRP;DPH3;TPST2;EIF5A2;RCCD1;DRG1","wald_stat",FALSE
"REACTOME_DISEASES_OF_DNA_REPAIR",0.708502024291498,0.791045949451673,0.062249042949858,0.245137085490863,0.884189649934239,51,"RPA1;RAD51B;NBN;BARD1;RAD51AP1;MSH6;RAD17;EXO1;RAD9A;HUS1;RMI1;MRE11;RAD9B;MSH2;RAD51;RAD50;BRIP1","wald_stat",FALSE
"REACTOME_ACTIVATION_OF_ANTERIOR_HOX_GENES_IN_HINDBRAIN_DEVELOPMENT_DURING_EARLY_EMBRYOGENESIS",0.710526315789474,0.791254894648518,0.0621124188949471,0.222833447324216,0.872481950643887,80,"POLR2A;H3C4;PAX6;KDM6A;MEIS1;H2BC5;H2BC8;H2BC21;H2AC19;H2BC4;RARA;HOXA4;NCOA6;RXRA;NCOA3;RBBP7;AJUBA","wald_stat",FALSE
"REACTOME_DISEASES_OF_MITOTIC_CELL_CYCLE",0.710526315789474,0.791254894648518,0.0621124188949471,-0.255940301668064,-0.841412036313577,38,"UBE2C;CDK6;CDK4","wald_stat",FALSE
"REACTOME_RUNX1_REGULATES_TRANSCRIPTION_OF_GENES_INVOLVED_IN_DIFFERENTIATION_OF_HSCS",0.710982658959538,0.791254894648518,0.0597317976364411,-0.229113516886544,-0.858761002630686,78,"ABL1;H2AX;H3-3A;H3-3B;PSMB4;H3C6;PSMC3;UBB;PSMD8;PSMB7;PSMA5;PSMB3;PSMA6;PSMD6;LDB1;PSMA2;H3C10;PSMD13;PSMA7;ADRM1;PSMB1;UBA52;PSMC5;PSMD1;PSMA1;TCF3;PSMA3","wald_stat",FALSE
"REACTOME_HCMV_LATE_EVENTS",0.712788259958071,0.792412297590337,0.0636424081651019,0.225320361449602,0.874106944661697,77,"NUP58;H3C4;NUP50;NUP133;H2BC5;H2BC8;H2BC21;H2AC19;H2BC4;POM121C;VPS37A;VPS4A;MVB12B;SEC13;NDC1;NUP188;CHMP2A;NUP155;NUP43;H2AC25;H2BC15;NUP160;NUP153;CHMP7","wald_stat",FALSE
"REACTOME_UCH_PROTEINASES",0.714836223506744,0.792907175674367,0.059476028695732,-0.228888285273054,-0.857916791739712,78,"ACTB;PSMB4;PSMC3;UBB;PSMD8;INO80B;PSMB7;PSMA5;PSMB3;BAP1;PSMA6;PSMD6;H2AC11;RUVBL1;PSMA2;PSMD13;MBD6;INO80C;INO80E;PSMA7;ADRM1;SMAD7;PSMB1;UBA52;PSMC5;PSMD1;HCFC1;PSMA1;PSMA3;SENP8;YY1","wald_stat",FALSE
"REACTOME_TRANSPORT_OF_MATURE_MRNAS_DERIVED_FROM_INTRONLESS_TRANSCRIPTS",0.715746421267894,0.792907175674367,0.062249042949858,0.247849632678342,0.86485876886216,43,"NUP58;NUP50;NUP133;POM121C;SEC13;NDC1;NUP188;WDR33;EIF4E;NUP155;NUP43;NUP160;CPSF4;NUP153","wald_stat",FALSE
"REACTOME_SUMOYLATION_OF_RNA_BINDING_PROTEINS",0.716024340770791,0.792907175674367,0.0618406035753285,0.244165488972774,0.868028904994717,47,"NUP58;NUP50;PHC3;NUP133;PHC1;POM121C;SEC13;NDC1;NUP188;NUP155;NUP43;NUP160;NUP153","wald_stat",FALSE
"REACTOME_TRANSPORT_OF_THE_SLBP_DEPENDANT_MATURE_MRNA",0.716297786720322,0.792907175674367,0.0614364107201271,0.250753635841017,0.845353265206313,36,"NUP58;NUP50;NUP133;POM121C;SEC13;NDC1;NUP188;EIF4E;NUP155;NUP43;NUP160;NUP153","wald_stat",FALSE
"REACTOME_INTERLEUKIN_1_SIGNALING",0.719056974459725,0.79511107752758,0.0601186142531851,-0.227258800847758,-0.878215118430472,96,"HMGB1;TP53;MYD88;TAB1;NOD2;S100B;UBE2V1;PSMB4;PSMC3;UBB;PSMD8;PSMB7;AGER;UBE2N;PSMA5;NFKBIB;PSMB3;PSMA6;PSMD6;TOLLIP;PSMA2;TRAF2;CASP8;PSMD13;NKIRAS2;IKBIP;RBX1;PSMA7;ADRM1;IL1B;PSMB1;UBA52;PSMC5;PSMD1;PSMA1;PSMA3","wald_stat",FALSE
"REACTOME_REGULATION_OF_PD_L1_CD274_POST_TRANSLATIONAL_MODIFICATION",0.725971370143149,0.801643438043899,0.0615706755421678,0.221417775787992,0.868521991754803,82,"RPS27A;CCND1;CD274;GSK3B;PRKAG2;PDCD1LG2;SEL1L;CSNK2A1;DERL1;PSMD7;DAD1;OSTC;PSMD14;SKP1;YWHAG;PRKAB1;CUL3;BTRC;MAGT1;JAK1","wald_stat",FALSE
"REACTOME_NEPHRIN_FAMILY_INTERACTIONS",0.72651356993737,0.801643438043899,0.0625237414724762,0.286129830418896,0.817378012458843,19,"ACTN1;SPTBN1;IQGAP1","wald_stat",FALSE
"REACTOME_MRNA_CAPPING",0.727634194831014,0.801812042023484,0.0601186142531851,-0.264135291146505,-0.817466753360091,29,"POLR2I;POLR2L;POLR2F;GTF2H5;GTF2H4;GTF2F1;GTF2H3;SUPT5H","wald_stat",FALSE
"REACTOME_DOWNSTREAM_TCR_SIGNALING",0.728215767634855,0.801812042023484,0.0621124188949471,0.227277398554846,0.857881296361078,65,"RPS27A;FBXW11;RIPK2;TRAF6;MALT1;PTEN;RELA;PSMD7;PSMD14;MAP3K7;SKP1;BCL10","wald_stat",FALSE
"REACTOME_DISORDERS_OF_TRANSMEMBRANE_TRANSPORTERS",0.731800766283525,0.804310184898893,0.0580983576873206,-0.215297127605395,-0.868546101097519,119,"SLC4A4;NUP210;HEPH;OS9;ABCD4;PSMB4;PSMC3;TPR;UBB;ERLIN2;ABCA3;PSMD8;PSMB7;SLC20A2;SLC22A5;SLC35A2;AAAS;VCP;HK1;PSMA5;DERL2;PSMB3;PSMA6;NUP93;BSG;PSMD6;POM121;SLC9A9;PSMA2;NUP85;RAE1;SLC1A1;PSMD13;RANBP2;PSMA7;ADRM1;PSMB1;UBA52;PSMC5;PSMD1;PSMA1;PSMA3;SLC2A10;SLC35C1;KCNJ11;SLC40A1;SLCO1B1","wald_stat",FALSE
"REACTOME_ATF4_ACTIVATES_GENES_IN_RESPONSE_TO_ENDOPLASMIC_RETICULUM_STRESS",0.732038834951456,0.804310184898893,0.0587185879555941,-0.264219274666103,-0.813214275822896,27,"ATF4;EXOSC4;NFYC;EXOSC6;ASNS;CCL2","wald_stat",FALSE
"REACTOME_SCF_SKP2_MEDIATED_DEGRADATION_OF_P27_P21",0.736526946107784,0.808214560862866,0.0597317976364411,-0.243737441294274,-0.844185121997352,50,"CDK4;PSMB4;PSMC3;UBB;PSMD8;PSMB7;PSMA5;PSMB3;PSMA6;PSMD6;PSMA2;PSMD13;PSMA7;ADRM1;PSMB1;UBA52;PSMC5;PSMD1;PSMA1;PSMA3","wald_stat",FALSE
"REACTOME_PROCESSIVE_SYNTHESIS_ON_THE_LAGGING_STRAND",0.737154150197628,0.808214560862866,0.059221919380382,-0.292224180776576,-0.785414095057732,15,"POLD1;DNA2;PRIM1;RPA3","wald_stat",FALSE
"REACTOME_RNA_POLYMERASE_III_TRANSCRIPTION_TERMINATION",0.741811175337187,0.812305120362769,0.0577308549299813,-0.269025823341105,-0.812142860730124,23,"POLR2L;NFIB;POLR2F","wald_stat",FALSE
"REACTOME_GABA_RECEPTOR_ACTIVATION",0.742454728370221,0.812305120362769,0.0597317976364411,0.246084745606829,0.829613267693924,36,"GNG2;ADCY3;GNG11;GNB1;GNG12;ADCY9;GNB5","wald_stat",FALSE
"REACTOME_PROTEIN_HYDROXYLATION",0.745302713987474,0.814559988360122,0.0613026075396207,0.282289149278157,0.806406460444466,19,"ETF1;RPS23;JMJD7;RPL27A","wald_stat",FALSE
"REACTOME_MRNA_SPLICING_MINOR_PATHWAY",0.746506986027944,0.815015538543167,0.0590954798717342,-0.242197607691857,-0.83885190519402,50,"SRSF6;POLR2I;POLR2L;SRSF2;POLR2F;SNRPD3;GTF2F1;SNRNP40;SF3B4;EFTUD2;POLR2H;SF3B5;ZRSR2;POLR2K;SNRPD2;SNRNP200;SF3B3;SNRPF","wald_stat",FALSE
"REACTOME_PEROXISOMAL_PROTEIN_IMPORT",0.747433264887064,0.815166943264606,0.0603786357920401,0.230331876989815,0.850539529705004,57,"RPS27A;CAT;PECR;PEX26;LONP2;UBE2D3;IDH1;USP9X;PEX6","wald_stat",FALSE
"REACTOME_PRC2_METHYLATES_HISTONES_AND_DNA",0.750996015936255,0.818190396309499,0.0587185879555941,0.242617462980959,0.832145967505326,39,"H3C4;H2BC5;H2BC8;H2BC21;H2AC19;H2BC4","wald_stat",FALSE
"REACTOME_DEPOSITION_OF_NEW_CENPA_CONTAINING_NUCLEOSOMES_AT_THE_CENTROMERE",0.754563894523327,0.821213071326649,0.0593487680335629,0.236989746652566,0.842518535880151,47,"RSF1;H2BC5;H2BC8;SMARCA5;H2BC21;H2AC19;H2BC4;CENPC","wald_stat",FALSE
"REACTOME_RAB_GERANYLGERANYLATION",0.756302521008403,0.82224066097027,0.0609039347452418,0.228926416591314,0.848680414435344,59,"RAB3B;RAB5A;RAB38;CHML;RAB6A;RAB35;RAB33B;RAB2B;RAB2A;RAB21;RAB1A;RAB27A;RAB23;RAB42;RAB39A;RAB22A;RAB37;RAB5B;RAB15;RAB11A;RAB4A;RAB7B;RAB29;RAB14;RAB33A;RAB31;RAB18;RAB24;RAB36;RAB20","wald_stat",FALSE
"REACTOME_CHROMOSOME_MAINTENANCE",0.757518796992481,0.822698798412611,0.0555947097758869,-0.212667873654831,-0.85656426856527,113,"CENPA;POLD1;H2AX;POLR2I;CHTF18;POLR2L;H3-3A;H3-3B;CENPL;POLR2F;CENPT;BLM;CENPM;DNA2;PRIM1;RPA3;KNL1;DSCC1;RUVBL1;PPP6C;CENPK;HJURP;WRAP53;PPP6R3;NPM1;CTC1;POLA2;TERT;RFC5;POLR2H;TEN1;RFC4;POLR2K;CENPU;H2BC11;NHP2","wald_stat",FALSE
"REACTOME_REGULATION_OF_RAS_BY_GAPS",0.75968992248062,0.823578908002992,0.0568864160475701,-0.231458120447597,-0.81699891473612,53,"PSMB4;PSMC3;UBB;PSMD8;PSMB7;SPRED3;PSMA5;PSMB3;PSMA6;PSMD6;PSMA2;PSMD13;RBX1;PSMA7;ADRM1;PSMB1;UBA52;PSMC5;PSMD1;PSMA1;PSMA3","wald_stat",FALSE
"REACTOME_DEFECTIVE_PYROPTOSIS",0.759920634920635,0.823578908002992,0.0579754757571486,0.241865187963075,0.82321673758648,37,"H3C4;H2BC5;H2BC8;H2BC21;H2AC19;H2BC4;RBBP7;POLA1","wald_stat",FALSE
"REACTOME_SYNTHESIS_OF_PA",0.761165048543689,0.823802409874608,0.0568864160475701,-0.259251593581656,-0.797924743366519,27,"PLD1;LIPH;ACP6;AGPAT4;PLD2;LPCAT1;GPAT3","wald_stat",FALSE
"REACTOME_STRIATED_MUSCLE_CONTRACTION",0.76171875,0.823802409874608,0.0571258510018113,-0.280867219273366,-0.768259201945051,16,"DMD;TPM2;TPM3;TPM1","wald_stat",FALSE
"REACTOME_RNA_POLYMERASE_III_TRANSCRIPTION_INITIATION_FROM_TYPE_3_PROMOTER",0.763419483101392,0.824779921722276,0.0578529757032509,-0.26091585712696,-0.800531844829432,28,"POLR2L;POLR2F;POU2F1;CRCP;BRF2;POLR2H;POLR3C;POLR2K;SNAPC4;SNAPC3;POLR3GL;TBP;POLR1D","wald_stat",FALSE
"REACTOME_SYNTHESIS_OF_DNA",0.765834932821497,0.826526752315172,0.0560595875032335,-0.216558218785149,-0.856031153542664,108,"UBE2C;POLD1;PSMB4;PSMC3;CDC27;UBB;PSMD8;PSMB7;DNA2;FZR1;GINS1;PRIM1;PSMA5;RPA3;PSMB3;PSMA6;GINS2;PSMD6;CDC23;ORC6;PSMA2;ANAPC7;PSMD13;RBX1;PSMA7;POLA2;ANAPC15;ADRM1;RFC5;UBE2S;PSMB1;UBA52;PSMC5;PSMD1;PSMA1;PSMA3;RFC4","wald_stat",FALSE
"REACTOME_REGULATION_OF_TP53_ACTIVITY_THROUGH_ACETYLATION",0.774451097804391,0.834955089820359,0.0573667426768556,-0.251150477196858,-0.785386901737593,30,"PML;MBD3;TP53;BRPF1;BRPF3;ING5;BRD7","wald_stat",FALSE
"REACTOME_EXTENSION_OF_TELOMERES",0.781496062992126,0.838509316770186,0.0562940749700968,-0.234111694799453,-0.815430708483172,51,"POLD1;CHTF18;BLM;DNA2;PRIM1;RPA3;DSCC1;RUVBL1;PPP6C;WRAP53;PPP6R3;CTC1;POLA2;TERT;RFC5;TEN1;RFC4;NHP2;LIG1;CCNA2","wald_stat",FALSE
"REACTOME_LATE_ENDOSOMAL_MICROAUTOPHAGY",0.781563126252505,0.838509316770186,0.0571258510018113,0.247997854213671,0.794962465309072,29,"RPS27A;HSPA8","wald_stat",FALSE
"REACTOME_INTERLEUKIN_7_SIGNALING",0.782051282051282,0.838509316770186,0.0601186142531851,0.268824370556314,0.792030706756825,22,"H3C4;IRS1;STAT5B;JAK3;SOCS1;TSLP;CISH;JAK1","wald_stat",FALSE
"REACTOME_SYNTHESIS_OF_VERY_LONG_CHAIN_FATTY_ACYL_COAS",0.782077393075356,0.838509316770186,0.0578529757032509,0.27482883265182,0.779778540459948,18,"HACD2;ELOVL4;ACSL4;ACSL1","wald_stat",FALSE
"REACTOME_NEGATIVE_EPIGENETIC_REGULATION_OF_RRNA_EXPRESSION",0.782157676348548,0.838509316770186,0.0587185879555941,0.213774048682304,0.825799344676088,73,"H3C4;GTF2H2;H2BC5;H2BC8;SMARCA5;H2BC21;H2AC19;TAF1A;SAP130;TAF1D;H2BC4;POLR1A;SUDS3;SIN3A;POLR1E;CDK7;ERCC3;H2BC15;SAP18;MBD2;H2BC6;POLR2E;H4C14;SIRT1;H2AC18;GTF2H1;DNMT3B;POLR1C;BAZ2A;MNAT1","wald_stat",FALSE
"REACTOME_GPVI_MEDIATED_ACTIVATION_CASCADE",0.782608695652174,0.838509316770186,0.0585937568945671,0.264033465917822,0.793312472313679,23,"PTPN11;RAC2;COL1A1","wald_stat",FALSE
"REACTOME_SIGNALING_BY_NTRK3_TRKC",0.784274193548387,0.838599902771026,0.0572461135202884,0.280721749627325,0.752793334924735,15,"IRS1;GRB2;SOS1;NELFB;SRC","wald_stat",FALSE
"REACTOME_DEGRADATION_OF_CRY_AND_PER_PROTEINS",0.784313725490196,0.838599902771026,0.0559428593065705,-0.2319248592346,-0.804124786466158,48,"PSMB4;PSMC3;UBB;PSMD8;PSMB7;PSMA5;PSMB3;PSMA6;PSMD6;PSMA2;PSMD13;RBX1;PSMA7;ADRM1;PSMB1;UBA52;PSMC5;PSMD1;PSMA1;PSMA3","wald_stat",FALSE
"REACTOME_TRISTETRAPROLIN_TTP_ZFP36_BINDS_AND_DESTABILIZES_MRNA",0.785123966942149,0.838599902771026,0.0583452776743612,0.274164504958395,0.764356254768217,17,"DIS3;XRN1;DCP2;ZFP36","wald_stat",FALSE
"REACTOME_RNA_POLYMERASE_I_PROMOTER_ESCAPE",0.789046653144016,0.841157664117443,0.0572461135202884,0.224081314772001,0.822214301189826,55,"H3C4;GTF2H2;H2BC5;H2BC8;H2BC21;H2AC19;TAF1A;TAF1D;H2BC4;POLR1A","wald_stat",FALSE
"REACTOME_PROCESSIVE_SYNTHESIS_ON_THE_C_STRAND_OF_THE_TELOMERE",0.789144050104384,0.841157664117443,0.0585937568945671,0.272383338012744,0.778108843547753,19,"RPA1;POLD3;POT1;ACD;TINF2","wald_stat",FALSE
"REACTOME_GASTRULATION",0.791338582677165,0.842629046369204,0.0557104226766671,-0.217097446453868,-0.827374194001475,87,"TFAP2A;FOXF1;FGFR1;CTNNB1;PSMB4;PSMC3;PSMD8;PSMB7;TCF7L2;PSMA5;CREBBP;PSMB3;PSMA6;NOTCH1;PSMD6;ZIC1;PSMA2;LEF1;PSMD13;PSMA7;ADRM1;MAMLD1;PSMB1;PAX8;PSMC5;PSMD1;PSMA1;PSMA3;TRIM33","wald_stat",FALSE
"REACTOME_OLFACTORY_SIGNALING_PATHWAY",0.796477495107632,0.847229401270708,0.0551351763385257,-0.268423548597258,-0.752403200906027,18,"OR2L2;OR2M3;OR1I1;LDB1;OR10H5;OR10H1;EBF1","wald_stat",FALSE
"REACTOME_RHO_GTPASES_ACTIVATE_CIT",0.798434442270059,0.848439063397855,0.0550211117163117,-0.26650553238203,-0.747026915750465,18,"MYH14;PPP1CB;MYL6;RHOA;RHOC;PRC1;MYL12B;MYH11;DLG4;KIF14","wald_stat",FALSE
"REACTOME_NUCLEAR_PORE_COMPLEX_NPC_DISASSEMBLY",0.801980198019802,0.851006271088238,0.0553642837725362,-0.237768443616876,-0.777613834726762,36,"NUP210;CCNB1;NEK6;TPR;AAAS;NUP93;POM121;NUP85;RAE1","wald_stat",FALSE
"REACTOME_RNA_POLYMERASE_I_TRANSCRIPTION",0.802494802494803,0.851006271088238,0.057609110864425,0.211134059816978,0.817510990006792,75,"H3C4;GTF2H2;H2BC5;GATAD2A;H2BC8;H2BC21;H2AC19;TAF1A;CHD3;TAF1D;H2BC4;ERCC6;POLR1A","wald_stat",FALSE
"REACTOME_SNRNP_ASSEMBLY",0.803680981595092,0.851391827994801,0.0567672387487446,0.225549372353587,0.821775792332551,54,"NUP58;NUP50;NUP133;PHAX;SNRPB;POM121C;SEC13;NDC1;GEMIN5;NUP188;NUP155;NUP43;NUP160;NUP153","wald_stat",FALSE
"REACTOME_G2_M_CHECKPOINTS",0.806382978723404,0.851776917663617,0.0584693210386381,0.20008110861288,0.852679055088453,136,"RPS27A;NSD2;RPA1;MCM4;YWHAZ;MCM6;CDC45;MCM3;RNF168;UIMC1;H2BC5;H2BC8;NBN;H2BC21;RNF8;BARD1;H2BC4;RAD17;PSMD7;PKMYT1;PSMD14","wald_stat",FALSE
"REACTOME_CS_DS_DEGRADATION",0.806451612903226,0.851776917663617,0.0559428593065705,0.275907253058887,0.739882611289854,15,"VCAN;GLB1;CSPG4","wald_stat",FALSE
"REACTOME_APC_CDC20_MEDIATED_DEGRADATION_OF_NEK2A",0.806513409961686,0.851776917663617,0.0535669384770951,-0.247747242266918,-0.761075578329143,26,"UBE2C;CDC27;UBB;CDC23;BUB3;ANAPC7;ANAPC15;UBE2S;UBA52","wald_stat",FALSE
"REACTOME_CD28_DEPENDENT_PI3K_AKT_SIGNALING",0.808880308880309,0.853405830470051,0.05378728077603,-0.262576604274326,-0.760185610082145,20,"MLST8;PIK3R2;PRR5;TRIB3;MAP3K14","wald_stat",FALSE
"REACTOME_TRANSCRIPTION_OF_E2F_TARGETS_UNDER_NEGATIVE_CONTROL_BY_P107_RBL1_AND_P130_RBL2_IN_COMPLEX_WITH_HDAC1",0.810204081632653,0.853932000498774,0.0562940749700968,0.275247375461541,0.753094571703813,16,"E2F1;RBL1;TFDP1","wald_stat",FALSE
"REACTOME_PHOSPHORYLATED_BMAL1_CLOCK_ARNTL_CLOCK_ACTIVATES_EXPRESSION_OF_CORE_CLOCK_GENES",0.811965811965812,0.854116999816615,0.0583452776743612,0.260987378522557,0.7689407676769,22,"NR1D1;PER3;BHLHE40;DBP;CRY2;PER1;CREB1;CLOCK;CIPC;SIK1","wald_stat",FALSE
"REACTOME_DNA_REPLICATION",0.81203007518797,0.854116999816615,0.0523759084097997,-0.200272843098857,-0.842651038666683,148,"UBE2C;KPNB1;POLD1;H2AX;H3-3A;H3-3B;PSMB4;H3C6;PSMC3;CDC27;EXOG;UBB;PSMD8;PSMB7;DNA2;FZR1;GINS1;PRIM1;TWNK;PSMA5;RPA3;PSMB3;PSMA6;GINS2;PSMD6;CDC23;ORC6;PSMA2;ANAPC7;H3C10;PSMD13;RBX1;PSMA7;POLA2;ANAPC15;ADRM1;RFC5;UBE2S;PSMB1;UBA52;PSMC5;MGME1;PSMD1;PSMA1;PSMA3;RFC4;CDC26;H2BC11;CDC7;MCM10;PSMB2;LIG1;GINS4","wald_stat",FALSE
"REACTOME_TRNA_MODIFICATION_IN_THE_NUCLEUS_AND_CYTOSOL",0.815686274509804,0.857091669154972,0.0541200569620232,-0.231008170755091,-0.790933770042545,44,"TRMT6;URM1;TP53RK;QTRT1;LCMT2;TPRKB;METTL1;TRMT44;THG1L;OSGEP;CDKAL1;TRMT9B;TRMT13;TRMT61A;TRDMT1","wald_stat",FALSE
"REACTOME_DNA_REPLICATION_PRE_INITIATION",0.821276595744681,0.862090544214751,0.057609110864425,0.203425733603302,0.837513766302779,113,"RPS27A;RPA1;MCM4;H3C4;MCM6;CDC45;MCM3;ANAPC1;H2BC5;H2BC8;H2BC21;KPNA1;H2AC19;ANAPC4","wald_stat",FALSE
"REACTOME_METAL_ION_SLC_TRANSPORTERS",0.82435129740519,0.863711476493431,0.0544555953940371,0.23681702266822,0.761777015624267,30,"SLC11A2;SLC9A5;SLC24A1;CALM1;SLC39A6;SLC30A5;SLC39A10;SLC31A1","wald_stat",FALSE
"REACTOME_ACYL_CHAIN_REMODELLING_OF_PE",0.824489795918367,0.863711476493431,0.0554793308704233,0.269595666336883,0.737631131024344,16,"MBOAT2;PNPLA8;PLA2G4C;PLA2G4A;PLA2G4B;LPCAT4;PLAAT3","wald_stat",FALSE
"REACTOME_VIRAL_MESSENGER_RNA_SYNTHESIS",0.825490196078431,0.863885088919289,0.0535669384770951,-0.228489586178374,-0.782310553002545,44,"NUP210;POLR2I;POLR2L;TPR;POLR2F;AAAS;GTF2F1;NUP93;POM121;NUP85;RAE1","wald_stat",FALSE
"REACTOME_RESOLUTION_OF_D_LOOP_STRUCTURES",0.827380952380952,0.864989177489177,0.0540088272801684,0.229902462384244,0.782500187980545,37,"GEN1;RAD51B;NBN;BARD1;RAD51AP1;XRCC3;EXO1;RMI1;MRE11;RAD51;FIRRM;RAD50;BRIP1","wald_stat",FALSE
"REACTOME_METABOLISM_OF_FOLATE_AND_PTERINES",0.830645161290323,0.8668109131608,0.054568064667094,0.268457700614797,0.719905628973634,15,"ALDH1L2;SLC19A1;MTHFD1L;DHFR;MTHFD2L","wald_stat",FALSE
"REACTOME_FCERI_MEDIATED_NF_KB_ACTIVATION",0.830798479087453,0.8668109131608,0.0518457624865066,-0.217842565954712,-0.787379498404403,62,"TAB1;UBE2V1;PSMB4;PSMC3;UBB;PSMD8;PSMB7;UBE2N;PSMA5;PSMB3;PSMA6;PSMD6;PSMA2;PSMD13;PSMA7;ADRM1;PSMB1;UBA52;PSMC5;PSMD1;PSMA1;PSMA3","wald_stat",FALSE
"REACTOME_HIV_TRANSCRIPTION_INITIATION",0.832684824902724,0.867046384772514,0.052805004567129,-0.221844681533683,-0.76485863655199,46,"POLR2I;POLR2L;POLR2F;TAF9;TAF11;GTF2H5;GTF2A2;GTF2H4;GTF2F1;GTF2H3","wald_stat",FALSE
"REACTOME_PHASE_I_FUNCTIONALIZATION_OF_COMPOUNDS",0.832699619771863,0.867046384772514,0.0517405459873163,-0.219173845801023,-0.788976680452068,59,"CYB5B;CYP4F3;CES2;HSP90AB1;PTGS1;MTARC2;CES3;TBXAS1;CYP3A5;BPHL;EPHX1;CYP2C19;CBR3;POR;ALDH1B1;SMOX;PAOX;CYP4F8;FDX2","wald_stat",FALSE
"REACTOME_EPIGENETIC_REGULATION_OF_GENE_EXPRESSION",0.834051724137931,0.867581441691215,0.0574877409561325,0.19208862199117,0.88887318577567,271,"MGLL;ANGPTL4;PHF20;ZNF264;GSK3B;MED14;H3C4;TBL1X;PSIP1;KDM6A;MED13;NCOA1;GTF2H2;H2BC5;GATAD2A;H2BC8;SMARCA5;H2BC21;ZNF816;CXXC1;H2AC19;KAT14;TAF1A;CHD3;ACSL1;SAP130;TADA2A;TAF1D;NCOA2;H2BC4;SCD;ERCC6;ZNF778;POLR1A;MED1;DEK;PPARGC1A;MORC2;NCOA6;RXRA;ATF7IP;SUDS3;SIN3A;NCOA3;RBBP7;ZZZ3;POLR1E;AJUBA;SMARCB1;MPHOSPH8;JARID2;TET2;KAT2A;CDK7;AKAP8L;BAZ1B","wald_stat",FALSE
"REACTOME_INTERLEUKIN_RECEPTOR_SHC_SIGNALING",0.836734693877551,0.869498401770347,0.0547939500773363,0.264726235865068,0.724308055193146,16,"GRB2;GAB2;JAK3;SOS1;JAK2;JAK1","wald_stat",FALSE
"REACTOME_DENGUE_VIRUS_MODULATES_APOPTOSIS",0.837890625,0.869826275702106,0.0526973085708419,-0.257847906643698,-0.705294222279769,16,"MLST8;PIK3R4;PRR5;NFKBIB","wald_stat",FALSE
"REACTOME_POLYMERASE_SWITCHING_ON_THE_C_STRAND_OF_THE_TELOMERE",0.845833333333333,0.877191883767535,0.0552495663125249,0.239954637307081,0.745965595640317,26,"RFC1;POLD3;POT1;CHTF8;ACD;POLA1;TINF2","wald_stat",FALSE
"REACTOME_DOPAMINE_NEUROTRANSMITTER_RELEASE_CYCLE",0.847599164926931,0.878143278978352,0.0552495663125249,0.253442665989277,0.724001626448048,19,"RIMS1;LIN7A","wald_stat",FALSE
"REACTOME_MICRORNA_MIRNA_BIOGENESIS",0.856540084388186,0.886518987341772,0.0552495663125249,0.240864982043654,0.730912812076941,24,"POLR2A;AGO4;AGO1;AGO2;AGO3","wald_stat",FALSE
"REACTOME_REGULATION_OF_ENDOGENOUS_RETROELEMENTS_BY_KRAB_ZFP_PROTEINS",0.859047619047619,0.888226059654631,0.0503964322442957,-0.207968397127694,-0.768357878878374,70,"TRIM28;MBD3;H2AX;H3-3A;H3-3B;ZNF28;H3C6;ZNF141","wald_stat",FALSE
"REACTOME_TELOMERE_C_STRAND_LAGGING_STRAND_SYNTHESIS",0.867469879518072,0.89603924680759,0.0523759084097997,-0.226224597055509,-0.731709191511315,34,"POLD1;CHTF18;BLM;DNA2;PRIM1;RPA3;DSCC1;CTC1;POLA2;RFC5;TEN1;RFC4","wald_stat",FALSE
"REACTOME_METABOLISM_OF_AMINO_ACIDS_AND_DERIVATIVES",0.868421052631579,0.896127407251928,0.0492917662312669,-0.186709252134327,-0.853281383197663,291,"NNMT;SMS;MCCC2;BCAT2;SLC7A5;GCSH;TP53;RPL41;SDSL;SERINC2;GATM;OAZ3;PXMP2;RPL29;BCKDK;PSMB4;SLC25A10;PSMC3;TXN2;AZIN1;CBS;GSTZ1;ASS1;OGDH;MRI1;NAT8L;SEPHS2;PSMD8;RPL22L1;TXNDC11;PSMB7;HPD;PIPOX;KYAT1;ASNS;RPS9;NMRAL1;CPS1;PSMA5;RPL35;ASRGL1;AMD1;GRHPR;CARNS1;DUOX1;ACAD8;MCCC1;AIMP2;PSMB3;PSMA6;DLST;APIP;DLD;ETHE1;PSMD6;RPL32","wald_stat",FALSE
"REACTOME_INACTIVATION_OF_CSF3_G_CSF_SIGNALING",0.869834710743802,0.896692156991867,0.0535669384770951,0.242187679849972,0.714656017689924,21,"RPS27A;UBE2D3;STAT5B;CUL5;SOCS1;JAK2;JAK1","wald_stat",FALSE
"REACTOME_OTHER_INTERLEUKIN_SIGNALING",0.871690427698574,0.897711037480621,0.052805004567129,0.241278394400902,0.684585064874957,18,"SDC1;IL34;CSF1;JAK1;IL10RB;STX1A;STXBP2;CSF1R","wald_stat",FALSE
"REACTOME_MRNA_DECAY_BY_5_TO_3_EXORIBONUCLEASE",0.873517786561265,0.898584185363961,0.0513223330421143,-0.257364616115799,-0.691721665637993,15,"DDX6;LSM1;LSM4;LSM7;LSM3","wald_stat",FALSE
"REACTOME_REGULATION_OF_ENDOGENOUS_RETROELEMENTS",0.874274661508704,0.898584185363961,0.0502948063662358,-0.20283598363364,-0.794642598100354,102,"TRIM28;MBD3;ACTB;H2AX;H3-3A;SMARCD1;H3-3B;ZNF28;H3C6;ZNF141;DPF3","wald_stat",FALSE
"REACTOME_HIV_TRANSCRIPTION_ELONGATION",0.884,0.907678571428571,0.0513223330421143,-0.217543496841261,-0.732710656132568,42,"POLR2I;POLR2L;POLR2F;CTDP1;GTF2H5;GTF2H4;GTF2F1;GTF2H3;ELOC;SUPT5H;ELOB;POLR2H;POLR2K;CDK9;SUPT4H1;NELFE","wald_stat",FALSE
"REACTOME_CYTOSOLIC_TRNA_AMINOACYLATION",0.886075949367089,0.908908431709551,0.0536769600638126,0.23047562726935,0.699385968908117,24,"GARS1;AARS1;DARS1;FARSB","wald_stat",FALSE
"REACTOME_ZBP1_DAI_MEDIATED_INDUCTION_OF_TYPE_I_IFNS",0.894324853228963,0.916461607021759,0.0497903187820785,-0.235914332426507,-0.661278415343645,18,"MYD88;NFKBIB;NKIRAS2","wald_stat",FALSE
"REACTOME_HIV_ELONGATION_ARREST_AND_RECOVERY",0.896761133603239,0.918038654259127,0.051218434854034,0.21934578362118,0.716117372828402,32,"POLR2A;TCEA1;CCNK;CCNT2;SSRP1","wald_stat",FALSE
"REACTOME_METABOLISM_OF_NUCLEOTIDES",0.89763779527559,0.918038654259127,0.0498907356726307,-0.202581175312903,-0.772051626503128,87,"AK5;ENTPD2;DTYMK;APRT;NUDT16;NME1;ADA;GMPR;ADSL;DCTPP1;SAMHD1;NT5E;GMPR2;ENTPD6;NUDT13;NUDT9;UMPS;AMPD3;DNPH1;UCKL1;RRM1;NT5C;UCK1;ATIC;GUK1;TK2;AK4","wald_stat",FALSE
"REACTOME_ORC1_REMOVAL_FROM_CHROMATIN",0.901923076923077,0.921510744931278,0.0486034247259069,-0.204791957692875,-0.731382081097921,58,"PSMB4;PSMC3;UBB;PSMD8;PSMB7;PSMA5;PSMB3;PSMA6;PSMD6;ORC6;PSMA2;PSMD13;RBX1;PSMA7;ADRM1;PSMB1;UBA52;PSMC5;PSMD1;PSMA1;PSMA3","wald_stat",FALSE
"REACTOME_TELOMERE_MAINTENANCE",0.914171656686627,0.933104205789604,0.0496901392724606,-0.202515051503417,-0.768017946632688,86,"POLD1;H2AX;POLR2I;CHTF18;POLR2L;H3-3A;H3-3B;POLR2F;BLM;DNA2;PRIM1;RPA3;DSCC1;RUVBL1;PPP6C;WRAP53;PPP6R3;CTC1;POLA2;TERT;RFC5;POLR2H;TEN1;RFC4;POLR2K;H2BC11;NHP2","wald_stat",FALSE
"REACTOME_TRANSCRIPTION_OF_THE_HIV_GENOME",0.919148936170213,0.93726024525731,0.0523759084097997,0.200711109221559,0.757074730831448,68,"POLR2A;TCEA1;TAF5;TAF10;CCNK;RNMT;GTF2H2","wald_stat",FALSE
"REACTOME_TRANSLATION",0.922912205567452,0.940171390514087,0.0524827622635459,0.176786939225387,0.846937215323641,367,"RPS27A;RPS3A;SRP72;RPL9;MRPL40;EEF1G;SSR1;RPL7;EIF2S1;GSPT1;ETF1;MT-ND5;EIF3H;RPLP0;GARS1;UFD1;KLHDC10;ABCE1;RPS15A;RPL23;SRPRB;RPS7;MRPL10;MT-ND4L;UBE2D3;RPS17;LTN1;RARS2;RPS23;RPLP2;RPS11;EIF3A;RPS13;RPL5;RPL17;ASCC2;RPL39;AARS1;RPL27A;EEF1A1;RPS10;PSMD7;EIF3B;EIF3J;CUL2;PSMD14;RPL22;MRPL19;RPL11;DARS1;FARSB;DARS2;RPS25;RCHY1;RPS21;EIF3D;EIF4B;HBS1L;RPL26;EIF4A2;RPL27;EIF3F;RPS3;RPS18;RPS29;TRAM1;TRIP4;EIF4E;RPS20;MRPL24;SRP68;RPL4;PPA2;RPL30;RPL34;MT-ND4;RPL18A;EIF3I;RPS27;MRPL14;GADD45GIP1;MRPS25;RPS27L;EIF3E;RPS12;PSMC4;EIF4H;RPS14;RPS2;RPS6;RPS4X;RPS8;CARS1;RPS19;UBE2D1;MRPS34;RPL13;RPN1;SRP54;MRPS35;MRPL17;LARS1;RPL21;ZNF598;IARS2;MTRF1","wald_stat",FALSE
"REACTOME_VITAMIN_B5_PANTOTHENATE_METABOLISM",0.925619834710744,0.942002486652527,0.0507027937029348,0.228328070223365,0.636566679705201,17,"ENPP1;PANK3;SLC25A42","wald_stat",FALSE
"REACTOME_MTOR_SIGNALLING",0.928429423459245,0.943933647623102,0.0487989701682839,-0.205547916866183,-0.684627717279888,40,"FKBP1A;AKT1S1;RRAGA;MLST8;EIF4G1;TSC2;LAMTOR4","wald_stat",FALSE
"REACTOME_RNA_POLYMERASE_I_TRANSCRIPTION_INITIATION",0.937119675456389,0.951834017759924,0.0492917662312669,0.193879561196466,0.689258190886227,47,"GTF2H2;GATAD2A;TAF1A;CHD3;TAF1D;ERCC6;POLR1A;RBBP7;POLR1E;KAT2A;CDK7;ERCC3","wald_stat",FALSE
"REACTOME_DRUG_ADME",0.941634241245136,0.955481803616388,0.0471642455670861,-0.195594759110598,-0.684685055469974,52,"AKR1C1;CES2;GSTP1;NME1;HSD11B2;ADA;GGT7;BSG;CYP2C19;GGT5;ACY1;NAT1;ABCC5","wald_stat",FALSE
"REACTOME_ENERGY_DEPENDENT_REGULATION_OF_MTOR_BY_LKB1_AMPK",0.953907815631262,0.966259184816633,0.047925896705813,0.1934478901571,0.617569800288904,28,"PRKAG2;CAB39L;RRAGD;PRKAB1;PRKAB2;PPM1A;CAB39;PRKAA1;TSC1","wald_stat",FALSE
"REACTOME_RMTS_METHYLATE_HISTONE_ARGININES",0.954365079365079,0.966259184816633,0.0474483193656297,-0.187401115792164,-0.641446534411936,45,"CDK4;H2AX;SMARCD1;H3C6;PRMT6;PRMT1;WDR5;H2AC11;H3C10;PBRM1;WDR77;CARM1;SMARCD2;SMARCC2;SMARCD3;ARID1A","wald_stat",FALSE
"REACTOME_E2F_MEDIATED_REGULATION_OF_DNA_REPLICATION",0.955056179775281,0.966259184816633,0.044774889329693,-0.20122254665732,-0.603109308829221,22,"CCNB1;PPP2R1A;PRIM1","wald_stat",FALSE
"REACTOME_PROCESSING_OF_CAPPED_INTRONLESS_PRE_MRNA",0.963927855711423,0.974282549473948,0.0474483193656297,0.194653126484695,0.623964791151251,29,"ZNF473;SNRPB;NUDT21;WDR33;PAPOLA;CPSF4","wald_stat",FALSE
"REACTOME_RRNA_MODIFICATION_IN_THE_NUCLEUS_AND_CYTOSOL",0.973076923076923,0.982570356472795,0.0451344222209097,-0.180397708330795,-0.650086492715493,60,"KRR1;DDX49;NOP2;RRP7A;RRP36;NAT10;RPS9;NOP58","wald_stat",FALSE
"REACTOME_MITOCHONDRIAL_TRNA_AMINOACYLATION",0.975206611570248,0.983746982564206,0.0483117581055019,0.191971775869315,0.566477142588816,21,"GARS1;RARS2;DARS2","wald_stat",FALSE
"REACTOME_RNA_POLYMERASE_III_TRANSCRIPTION_INITIATION_FROM_TYPE_1_PROMOTER",0.976143141153082,0.983746982564206,0.0465084048719156,-0.197690989739831,-0.606547775459947,28,"POLR2L;POLR2F;GTF3C6;CRCP;POLR2H;POLR3C;POLR2K;POLR3GL;TBP;POLR1D;GTF3C2","wald_stat",FALSE
"REACTOME_MITOCHONDRIAL_CALCIUM_ION_TRANSPORT",0.9812734082397,0.986280856727977,0.0435378240914002,-0.168336821701515,-0.504543381810018,22,"PMPCA;PARL;VDAC3","wald_stat",FALSE
"REACTOME_PROCESSING_OF_INTRONLESS_PRE_MRNAS",0.982625482625483,0.986280856727977,0.0448645113168564,-0.172187000059252,-0.498498638330725,20,"PABPN1;CPSF1;CPSF6;CSTF2T;SYMPK;NCBP1;CPSF7;PCF11;CPSF3;NCBP2;CLP1;CSTF1;CSTF2;FIP1L1;CPSF2;CSTF3;CPSF4;PAPOLA;WDR33;NUDT21","wald_stat",FALSE
"REACTOME_TELOMERE_EXTENSION_BY_TELOMERASE",0.98343685300207,0.986280856727977,0.0480220415968251,0.177373473983643,0.532934674321269,23,"POT1;CCNA1;ACD;TINF2;ANKRD28;TERF2IP;CDK2;TERF2;RTEL1;TERF1;SHQ1;RUVBL2;NOP10;GAR1;PIF1;DKC1;CCNA2;NHP2;TERT;PPP6R3;WRAP53;PPP6C;RUVBL1","wald_stat",FALSE
"REACTOME_TRNA_AMINOACYLATION",0.98406374501992,0.986280856727977,0.0462302524077616,0.166082519526981,0.579872844291111,42,"GARS1;RARS2;AARS1;DARS1;FARSB;DARS2","wald_stat",FALSE
"REACTOME_RNA_POLYMERASE_I_TRANSCRIPTION_TERMINATION",0.984126984126984,0.986280856727977,0.0460457683018055,-0.180794786263987,-0.570989664495685,31,"POLR2L;POLR2F;GTF2H5;GTF2H4;TAF1C;GTF2H3","wald_stat",FALSE
"REACTOME_PROCESSING_OF_SMDT1",0.984375,0.986280856727977,0.0453152441270267,-0.189437979557546,-0.518171794378443,16,"PMPCA;PARL","wald_stat",FALSE
"REACTOME_TRNA_PROCESSING",0.990494296577947,0.99145222142957,0.0438002031299891,-0.162694532830577,-0.65222129277251,114,"NUP210;TRMT6;URM1;MT-RNR1;TPR;POP1;RPP14;TP53RK;QTRT1;AAAS;LCMT2;GTPBP3;NUP93;POM121;CPSF1;TPRKB;METTL1;NUP85;RAE1;TRMT44;THG1L;TRMU;RANBP2;TRNT1;OSGEP;TRMT10C;RAN;CDKAL1;TRMT9B","wald_stat",FALSE
"REACTOME_RNA_POLYMERASE_III_TRANSCRIPTION",0.996,0.996,0.0458620343117985,-0.157206393435093,-0.524467408271409,41,"POLR2L;NFIB;POLR2F;POU2F1;GTF3C6;CRCP;BRF2;POLR2H;POLR3C;POLR2K;SNAPC4;SNAPC3;POLR3GL;TBP;POLR1D;GTF3C2","wald_stat",FALSE
"REACTOME_INTERFERON_ALPHA_BETA_SIGNALING",7.42182144661848e-05,0.0768158519725013,0.538434096309916,-0.858530216077985,-1.94440534927921,61,"BST2;RSAD2;IFITM1;IFI6;IFIT1;IFIT3;OAS1;IFI27;XAF1;OASL;MX1;IFITM3;HLA-B;ISG15;OAS2;HLA-C;STAT1;IFITM2;HLA-F;IRF9;IRF1;OAS3;HLA-A","shrunk_lfc",FALSE
"REACTOME_ESTROGEN_DEPENDENT_NUCLEAR_EVENTS_DOWNSTREAM_OF_ESR_MEMBRANE_SIGNALING",0.000877821821567186,0.454272792661019,0.477270815362862,0.82072376898331,1.84086429018756,22,"EGF;MAPK1;AKT3;EGFR;EREG;CCND1;PTK2;FOXO3;TGFA;CDKN1B;HBEGF;XPO1","shrunk_lfc",FALSE
"REACTOME_INTERFERON_SIGNALING",0.00327003860715862,0.661309927117405,0.431707695803346,-0.631684662655788,-1.69389795677664,241,"BST2;RSAD2;IFITM1;IFI6;IFIT1;IFIT3;OAS1;IFI27;XAF1;SFN;OASL;MX1;IFITM3;UBA7;HLA-B;TUBB4A;ISG15;IFIH1;RIGI;OAS2;IFI44;KPNA2;NUP210;TUBB3;HLA-C;STAT1;STAT3;TUBA1C;IFITM2;TP53;HLA-F;IRF9;PML;MT2A;TUBA1B;IRF1;OAS3;HLA-A;FANCA;TUBA1A;PSMB8;UBE2L6;ADAR;TPR;HLA-E;KPNB1;EIF4A1;GBP5;ACTB;TUBB4B","shrunk_lfc",FALSE
"REACTOME_EGFR_DOWNREGULATION",0.00355043102738907,0.661309927117405,0.431707695803346,0.767785962758206,1.79308721932461,26,"EGF;PTPRK;EGFR;EREG;RPS27A;EPS15;CBL;TGFA;HBEGF;PTPN12;GRB2;ARHGEF7","shrunk_lfc",FALSE
"REACTOME_GAB1_SIGNALOSOME",0.00439109070688436,0.661309927117405,0.407017918923954,0.848607458423651,1.76560255043675,15,"EGF;EGFR;EREG;PAG1;PTPN11;TGFA;HBEGF;GRB2","shrunk_lfc",FALSE
"REACTOME_COLLAGEN_BIOSYNTHESIS_AND_MODIFYING_ENZYMES",0.00553551617295494,0.661309927117405,0.407017918923954,-0.782079129617491,-1.75626257562522,51,"COL21A1;ADAMTS14;COL13A1;SERPINH1;COL14A1;COL4A5;COL9A3;COL5A1;PPIB;PLOD3","shrunk_lfc",FALSE
"REACTOME_DOWNREGULATION_OF_ERBB2_SIGNALING",0.00581292996979705,0.661309927117405,0.407017918923954,0.750275209969093,1.73123358061817,25,"EGF;AKT3;EGFR;EREG;RPS27A;HSP90AA1;NRG2;HBEGF;PTPN12;ERBIN;CUL5;PTPN18","shrunk_lfc",FALSE
"REACTOME_CONSTITUTIVE_SIGNALING_BY_ABERRANT_PI3K_IN_CANCER",0.00630414032865075,0.661309927117405,0.407017918923954,0.663737064218611,1.71120320863433,49,"EGF;PIK3AP1;PDGFB;EGFR;EREG;PTPN11;MET;NRG2;RAC2;IRS1;TGFA;BDNF;HBEGF;GRB2;FGF2;GAB2","shrunk_lfc",FALSE
"REACTOME_FLT3_SIGNALING",0.0071112215707234,0.661309927117405,0.407017918923954,0.741256205394507,1.76967825574431,31,"AKT3;RPS27A;PTPRJ;GRB10;CBL;FOXO3;ABL2;PTPN11;BCL2L11;CDKN1B;GRB2;GAB2;STAT5B;SOS1","shrunk_lfc",FALSE
"REACTOME_PI3K_AKT_SIGNALING_IN_CANCER",0.007663831835933,0.661309927117405,0.407017918923954,0.626002436983799,1.73399848841988,76,"EGF;PIK3AP1;GSK3B;AKT3;PDGFB;EGFR;EREG;NR4A1;FOXO3;PTPN11;MET;NRG2;RAC2;IRS1;TGFA;BDNF;RICTOR;CDKN1B;HBEGF;GRB2;PTEN;FGF2;GAB2","shrunk_lfc",FALSE
"REACTOME_SIGNALING_BY_ERBB2",0.00812875198764346,0.661309927117405,0.380730400722792,0.672187241794265,1.71319007838386,45,"EGF;YES1;AKT3;EGFR;EREG;RPS27A;HSP90AA1;PRKCA;NRG2;HBEGF;PTPN12;GRB2;SOS1;ERBIN;CUL5;PTPN18","shrunk_lfc",FALSE
"REACTOME_TRANSCRIPTIONAL_REGULATION_BY_MECP2",0.0082789293846248,0.661309927117405,0.380730400722792,0.634963856172259,1.64175181383475,51,"HTT;GPRIN1;FOXG1;TBL1X;CAMK2G;SLC2A3;AGO4;IRAK1;TNRC6A;MET;SGK1;BDNF;HIPK2;PTEN;AGO1;SOX2;FKBP5;CALM1;AGO2;AGO3;SIN3A","shrunk_lfc",FALSE
"REACTOME_RAC2_GTPASE_CYCLE",0.00880038316828798,0.661309927117405,0.380730400722792,0.613380012159155,1.6937220904326,79,"DOCK3;DOCK4;VRK2;BCR;PAK1;CAV1;SLITRK5;LMAN1;DSG2;SWAP70;BAIAP2L1;ABI1;NCKAP1;GIT1;TRIO;CDC42EP4;RAC2;DIAPH3;RACGAP1;IQGAP1;ANKLE2;WASF2;PREX1","shrunk_lfc",FALSE
"REACTOME_SIGNALING_BY_EGFR_IN_CANCER",0.00922449233866576,0.661309927117405,0.380730400722792,0.743032130637428,1.68250376708634,23,"EGF;EGFR;EREG;RPS27A;CBL;HSP90AA1;TGFA;HBEGF;GRB2;SOS1","shrunk_lfc",FALSE
"REACTOME_COLLAGEN_FORMATION",0.0104472238956038,0.661309927117405,0.380730400722792,-0.713240386628298,-1.63979974592113,70,"COL21A1;ADAMTS14;COL13A1;LOXL3;SERPINH1;LOXL1;COL14A1;DST;COL4A5;COL9A3;COL5A1;PXDN;PPIB;PLOD3","shrunk_lfc",FALSE
"REACTOME_NOTCH3_ACTIVATION_AND_TRANSMISSION_OF_SIGNAL_TO_THE_NUCLEUS",0.0107143310720441,0.661309927117405,0.380730400722792,0.746510532668757,1.71617827798852,24,"EGF;NOTCH3;EGFR;JAG1;RPS27A;MIB1;ADAM10;PSENEN","shrunk_lfc",FALSE
"REACTOME_HDMS_DEMETHYLATE_HISTONES",0.0117468353415894,0.661309927117405,0.380730400722792,0.717854668169157,1.69823872990766,28,"H3C4;KDM5A;KDM6B;KDM6A;KDM1B;ARID5B;KDM3A","shrunk_lfc",FALSE
"REACTOME_SMAD2_SMAD3_SMAD4_HETEROTRIMER_REGULATES_TRANSCRIPTION",0.012116865211651,0.661309927117405,0.380730400722792,0.69329220375526,1.68697507447835,34,"SERPINE1;MAPK1;RPS27A;JUNB;FURIN;CCNK;TGIF1;CCNT2;RBL1;SMAD3;SMAD4;SMAD2;MYC;TFDP1","shrunk_lfc",FALSE
"REACTOME_CHROMATIN_MODIFICATIONS_DURING_THE_MATERNAL_TO_ZYGOTIC_TRANSITION_MZT",0.0121399890002229,0.661309927117405,0.380730400722792,0.685909977038058,1.6469944585117,32,"H3C4;KDM5A;KDM6B;KDM6A;H2BC21;H2BC5;H2AC19","shrunk_lfc",FALSE
"REACTOME_NEGATIVE_REGULATION_OF_THE_PI3K_AKT_NETWORK",0.0128628424971171,0.66565209922581,0.380730400722792,0.627283237560676,1.72251460081722,82,"EGF;PIK3AP1;MAPK1;AKT3;PDGFB;EGFR;EREG;IER3;PIP4K2B;PTPN11;IRAK1;MET;NRG2;PHLPP1;RAC2;TRAF6;IRS1;PPP2R5D;TGFA;BDNF;HBEGF;IL33;GRB2;PTEN;FGF2;GAB2","shrunk_lfc",FALSE
"REACTOME_TRANSCRIPTIONAL_ACTIVITY_OF_SMAD2_SMAD3_SMAD4_HETEROTRIMER",0.0159997086635645,0.677262708362033,0.352487857583619,0.636070527907524,1.6369662408136,48,"SERPINE1;MAPK1;RPS27A;SMURF2;SKIL;JUNB;FURIN;CCNK;TGIF1;CCNT2;UBE2D3;RBL1;SMAD3;SNW1;USP9X;SMAD4;SMAD2;MYC;TFDP1","shrunk_lfc",FALSE
"REACTOME_MODULATION_OF_HOST_RESPONSES_BY_IFN_STIMULATED_GENES",0.0163936163286354,0.677262708362033,0.352487857583619,-0.84183513774733,-1.77814476606504,19,"IFI6;IFI27;UBA7;ISG15;IFIH1;RIGI;IFI44","shrunk_lfc",FALSE
"REACTOME_EFFECTS_OF_PIP2_HYDROLYSIS",0.0164080213215486,0.677262708362033,0.352487857583619,0.715213581350239,1.61951212508235,23,"MGLL;DGKH;ITPR3","shrunk_lfc",FALSE
"REACTOME_EXTRA_NUCLEAR_ESTROGEN_SIGNALING",0.0178696525084496,0.677262708362033,0.352487857583619,0.631916835727524,1.69361787959968,63,"EGF;MAPK1;GNG2;CAV2;AKT3;CAV1;EGFR;EREG;GNG11;CCND1;HSP90AA1;PTK2;FOXO3;SPHK1;GNB1;MMP2;TGFA;CDKN1B;HBEGF;XPO1;GNG12;CALM1;GNB5","shrunk_lfc",FALSE
"REACTOME_SARS_COV_1_ACTIVATES_MODULATES_INNATE_IMMUNE_RESPONSES",0.0183681148624716,0.677262708362033,0.352487857583619,-0.792435703552396,-1.74319338321714,35,"BST2;IFIH1;RIGI;KPNA2;STING1;PPIB;PPIA;NPIPB3;KPNB1;FKBP1A","shrunk_lfc",FALSE
"REACTOME_GASTRIN_CREB_SIGNALLING_PATHWAY_VIA_PKC_AND_MAPK",0.0190420808581743,0.677262708362033,0.352487857583619,0.778517280218958,1.65449028796125,16,"MAPK1;EGFR;PRKCA;RPS6KA1;HBEGF;GRB2;SOS1","shrunk_lfc",FALSE
"REACTOME_KIDNEY_DEVELOPMENT",0.019746108152533,0.677262708362033,0.352487857583619,-0.827049911627816,-1.74857780435502,29,"PCDH19;ROBO2;ID4","shrunk_lfc",FALSE
"REACTOME_NOTCH_HLH_TRANSCRIPTION_PATHWAY",0.0209160030777931,0.677262708362033,0.352487857583619,0.678874808656445,1.60602353643447,28,"NOTCH3;TBL1X;HDAC5;NOTCH2;HDAC9;HDAC11;HDAC7;SNW1","shrunk_lfc",FALSE
"REACTOME_SIGNALING_BY_EGFR",0.0209532710645846,0.677262708362033,0.352487857583619,0.651974922431587,1.66346968640602,46,"EGF;PTPRK;EGFR;EREG;RPS27A;PAG1;EPS15;CBL;PTPN11;ADAM10;TGFA;HBEGF;PTPN12;GRB2;ARHGEF7;SOS1","shrunk_lfc",FALSE
"REACTOME_PARASITE_INFECTION",0.0215287766054628,0.677262708362033,0.352487857583619,0.600855469955662,1.54908602147155,49,"MAPK1;YES1;MYO5A;ABI1;NCKAP1;ARPC5;PTK2;CYFIP2;ACTR3;GRB2;ACTG1;WASF2;ACTR2","shrunk_lfc",FALSE
"REACTOME_NFE2L2_REGULATING_ANTI_OXIDANT_DETOXIFICATION_ENZYMES",0.0223630305203697,0.677262708362033,0.352487857583619,0.770197200937889,1.67380774176139,18,"SLC7A11;PRDX1;TXNRD1;SRXN1;GCLC;BACH1;CHD6;MAFK","shrunk_lfc",FALSE
"REACTOME_SARS_COV_1_MODULATES_HOST_TRANSLATION_MACHINERY",0.0224488770866667,0.677262708362033,0.352487857583619,0.658393239173449,1.60914865469165,35,"RPS27A;RPS3A;RPS15A;RPS7;RPS13;RPS17;RPS23;RPS11;RPS10;RPS21;RPS25;RPS29;EEF1A1;RPS18;RPS27L;RPS3;RPS20;RPS12;RPS27;RPS19;RPS6;RPS2;RPS14;RPS4X;RPS8;RPS16","shrunk_lfc",FALSE
"REACTOME_SIGNALING_BY_TGFB_FAMILY_MEMBERS",0.0230392226493724,0.677262708362033,0.352487857583619,0.522400932146952,1.52687116904402,138,"BMP2;SERPINE1;MAPK1;SMAD5;ITGB5;ZFYVE9;RPS27A;PPP1CC;SMURF2;CBL;FBN1;AGO4;FSTL3;BMPR2;SKIL;JUNB;FURIN;TNRC6A;CCNK;TGIF1;ACVR2B;TGFB1;STRAP;CCNT2;LTBP2;UBE2D3;RBL1;FGF2;PSENEN;SMAD3;TGFB2;XPO1;SNW1;AGO1;ITGB8;AGO2;USP9X;SMAD4;SMAD2;HELLS;AGO3;PMEPA1;RARA;MYC;RXRA;TFDP1","shrunk_lfc",FALSE
"REACTOME_SIGNALING_BY_ERBB2_IN_CANCER",0.0239718548136832,0.677262708362033,0.352487857583619,0.693703062357009,1.57080423245455,23,"EGF;EGFR;EREG;HSP90AA1;NRG2;HBEGF;PTPN12;GRB2;SOS1;ERBIN","shrunk_lfc",FALSE
"REACTOME_CONSTITUTIVE_SIGNALING_BY_LIGAND_RESPONSIVE_EGFR_CANCER_VARIANTS",0.0240174698500763,0.677262708362033,0.352487857583619,0.727040013086219,1.58824001052571,19,"EGF;EGFR;RPS27A;CBL;HSP90AA1;GRB2;SOS1","shrunk_lfc",FALSE
"REACTOME_DISEASES_OF_GLYCOSYLATION",0.0242777406884461,0.677262708362033,0.352487857583619,-0.638746341474363,-1.55874670973411,110,"SPON1;ADAMTS14;THBS2;HSPG2;ADAMTS4;SDC3;GPC1;AGRN;BGN;ADAMTS9;CHSY1;MAN1B1;MPDU1;MUC1;DPM2;THSD1;DAG1","shrunk_lfc",FALSE
"REACTOME_RAC3_GTPASE_CYCLE",0.0254181539861273,0.677262708362033,0.352487857583619,0.556543588523143,1.53678005719836,79,"VRK2;BCR;FERMT2;PAK1;CAV1;SLITRK5;LMAN1;JAG1;DSG2;SWAP70;BAIAP2L1;ABI1;NCKAP1;ABL2;GIT1;TRIO;DIAPH3;OCRL;RACGAP1;WASF2;PREX1;ARHGAP6;RAC3;ERBIN;TAOK3","shrunk_lfc",FALSE
"REACTOME_NEUROTRANSMITTER_RELEASE_CYCLE",0.0256086565295896,0.677262708362033,0.352487857583619,0.687316147706743,1.67275522864262,33,"RIMS1;SLC1A3;LIN7A","shrunk_lfc",FALSE
"REACTOME_SMOOTH_MUSCLE_CONTRACTION",0.0271376196219974,0.677262708362033,0.352487857583619,0.65174132793678,1.56494932488111,32,"ITGA1;ITGB5;MYLK;PAK1;ANXA1;GUCY1B1","shrunk_lfc",FALSE
"REACTOME_ACTIVATION_OF_THE_MRNA_UPON_BINDING_OF_THE_CAP_BINDING_COMPLEX_AND_EIFS_AND_SUBSEQUENT_BINDING_TO_43S",0.0283875339403091,0.677262708362033,0.352487857583619,0.580106676826634,1.54082325623054,58,"RPS27A;EIF2S1;RPS3A;EIF3H;RPS15A;RPS7;EIF3J;RPS13;RPS17;EIF3A;RPS23;RPS11;RPS10;RPS21;EIF3B;RPS25;RPS29;EIF4B;EIF3F;EIF3D;EIF4E;EIF4A2;RPS18;RPS27L;RPS3;EIF3I;RPS20;RPS12;EIF3E;RPS27;EIF4EBP1;RPS19;RPS6;RPS2;RPS14;EIF4H;RPS4X;RPS8;RPS16","shrunk_lfc",FALSE
"REACTOME_SHC1_EVENTS_IN_ERBB2_SIGNALING",0.0289189251114084,0.677262708362033,0.352487857583619,0.714727057829221,1.56134200239,19,"EGF;EGFR;EREG;PRKCA;NRG2;HBEGF;PTPN12;GRB2;SOS1","shrunk_lfc",FALSE
"REACTOME_GLUTAMATE_NEUROTRANSMITTER_RELEASE_CYCLE",0.029120102164267,0.677262708362033,0.352487857583619,0.759676413729408,1.65094375957925,18,"RIMS1;SLC1A3","shrunk_lfc",FALSE
"REACTOME_RECEPTOR_TYPE_TYROSINE_PROTEIN_PHOSPHATASES",0.0304864657611173,0.677262708362033,0.352487857583619,-0.872052349287335,-1.81045193588434,17,"SLITRK2","shrunk_lfc",FALSE
"REACTOME_DOPAMINE_NEUROTRANSMITTER_RELEASE_CYCLE",0.0305527457701941,0.677262708362033,0.352487857583619,0.710114812216012,1.55126641798004,19,"RIMS1;LIN7A","shrunk_lfc",FALSE
"REACTOME_THE_PHOTOTRANSDUCTION_CASCADE",0.0305527457701941,0.677262708362033,0.352487857583619,0.710968715923175,1.55313179541243,19,"PRKCA;GNB1;METAP1;GRK4;CALM1;GNB5;FNTA;SLC24A1;NMT2","shrunk_lfc",FALSE
"REACTOME_SUMOYLATION_OF_TRANSCRIPTION_FACTORS",0.0307410500263459,0.677262708362033,0.352487857583619,-0.811933014992977,-1.68751929774553,18,"TFAP2A;TP53;MDM2","shrunk_lfc",FALSE
"REACTOME_DOWNREGULATION_OF_SMAD2_3_SMAD4_TRANSCRIPTIONAL_ACTIVITY",0.0318505639827065,0.677262708362033,0.321775918075361,0.659145345366692,1.57148855413798,30,"SERPINE1;MAPK1;RPS27A;SMURF2;SKIL;TGIF1;UBE2D3;SMAD3;SNW1;USP9X;SMAD4;SMAD2","shrunk_lfc",FALSE
"REACTOME_SIGNALING_BY_TGF_BETA_RECEPTOR_COMPLEX",0.0333987136664729,0.677262708362033,0.321775918075361,0.546317483957362,1.51296364297958,89,"SERPINE1;MAPK1;ITGB5;ZFYVE9;RPS27A;PPP1CC;SMURF2;CBL;FBN1;SKIL;JUNB;FURIN;CCNK;TGIF1;TGFB1;STRAP;CCNT2;LTBP2;UBE2D3;RBL1;SMAD3;TGFB2;XPO1;SNW1;ITGB8;USP9X;SMAD4;SMAD2;PMEPA1;MYC;TFDP1","shrunk_lfc",FALSE
"REACTOME_PRE_NOTCH_PROCESSING_IN_GOLGI",0.0339278201205829,0.677262708362033,0.321775918075361,0.752330395261161,1.63497924741496,18,"NOTCH3;NOTCH2;ST3GAL4;FURIN;SEL1L;RAB6A;ATP2A3;RFNG;LFNG;TMED2","shrunk_lfc",FALSE
"REACTOME_ACTIVATED_PKN1_STIMULATES_TRANSCRIPTION_OF_AR_ANDROGEN_RECEPTOR_REGULATED_GENES_KLK2_AND_KLK3",0.0347969138113798,0.677262708362033,0.321775918075361,0.662829794181683,1.57606561604707,29,"H3C4;AR;H2BC21;H2BC5;PKN1;H2AC19;NCOA2","shrunk_lfc",FALSE
"REACTOME_ESR_MEDIATED_SIGNALING",0.036538369634292,0.677262708362033,0.321775918075361,0.532549200579308,1.56720795898845,166,"H3C4;EGF;FOSB;MAPK1;GNG2;CAV2;AKT3;NRIP1;CAV1;EGFR;EREG;GNG11;CCND1;POLR2A;AGO4;HSP90AA1;PTK2;FOXO3;SMC1A;SPHK1;TNRC6A;STAG2;SMC3;NCOA1;GNB1;EBAG9;MMP2;H2BC21;TGFA;H2BC5;CDKN1B;HBEGF;JUND;XPO1;GNG12;AGO1;H2AC19;PTGES3;FKBP5;FKBP4;CALM1;AGO2;NCOA2;GNB5;AGO3;MED1;MYC","shrunk_lfc",FALSE
"REACTOME_DISEASES_OF_SIGNAL_TRANSDUCTION_BY_GROWTH_FACTOR_RECEPTORS_AND_SECOND_MESSENGERS",0.0387324251217178,0.677262708362033,0.321775918075361,0.451243985948851,1.4567961146709,390,"EGF;PIK3AP1;FZD4;ALK;MAPK1;BCR;GSK3B;YES1;HES1;AKT3;ZFYVE9;PDGFB;TBL1X;EGFR;EREG;JAG1;RPS27A;HDAC5;MIB1;PPP1CC;CBL;NR4A1;CAMK2G;POLR2A;CTBP2;MSN;AGO4;HSP90AA1;DUSP7;LMO7;JUNB;FOXO3;PTPN11;HDAC9;TRAK1;MET;NRG2;DKK1;MCL1;MAPK9;RAC2;QKI;SPTBN1;ADAM10;APC;CLIP1;SEL1L;SPRED2;TNKS2;BCL2L11;IRS1;PPP2R5D;TGFA;MARK3;BDNF;RICTOR;CDKN1B;HBEGF;PTPN12;HDAC11;RAP1B;FAM114A2;TGFB1;EEF1G;IQGAP1;SQSTM1;PAPSS1;GRB2;PTEN;CNTRL;ACTG1;FGF2;PSENEN;SMAD3;GAB2;FXR1;RAP1A;HDAC7;SNW1;AGO1;STAT5B;TNKS;CALM1;SOS1;AGO2;CLTC;EML4;SMAD4;MPRIP;RRBP1;PPP2CA;TWIST1;RPS6KB2;SMAD2;PSMD7;AGO3;ERBIN;BCL2A1;MYC;SEC31A;PSMD14;MAPK8;PPFIBP1;DCTN1;ATG7;KSR1;FGF1;KDM7A;PORCN;FGFR2","shrunk_lfc",FALSE
"REACTOME_ANTIGEN_ACTIVATES_B_CELL_RECEPTOR_BCR_LEADING_TO_GENERATION_OF_SECOND_MESSENGERS",0.0410604668368118,0.677262708362033,0.321775918075361,0.700241331729918,1.5616908856059,21,"PIK3AP1;ITPR3;TRPC1;GRB2;AHCYL1;CALM1;SOS1;ORAI1;CD22","shrunk_lfc",FALSE
"REACTOME_CONSTITUTIVE_SIGNALING_BY_EGFRVIII",0.0425788099786995,0.677262708362033,0.321775918075361,0.743647535933484,1.54722418832982,15,"EGF;EGFR;CBL;HSP90AA1;GRB2;SOS1","shrunk_lfc",FALSE
"REACTOME_FOXO_MEDIATED_TRANSCRIPTION_OF_CELL_CYCLE_GENES",0.0445856959084446,0.677262708362033,0.321775918075361,0.7400768419781,1.57279739128388,16,"FOXG1;CAV1;FOXO3;CDKN1B;SMAD3;SMAD4;SMAD2","shrunk_lfc",FALSE
"REACTOME_DISEASES_OF_METABOLISM",0.0454962993758519,0.677262708362033,0.321775918075361,-0.568347911876361,-1.49739553816029,202,"SPON1;ADAMTS14;THBS2;HSPG2;ADAMTS4;SDC3;GPC1;MCCC2;AGRN;BGN;ADAMTS9;GAA;CHSY1;IDS;G6PC3;PC;GNS;MAN1B1;ABCD4;APRT;MPDU1;BCKDK;GYS1;MUC1;DPM2;THSD1;MMACHC;ABCA3;DAG1","shrunk_lfc",FALSE
"REACTOME_CLASS_A_1_RHODOPSIN_LIKE_RECEPTORS",0.0469314079422383,0.677262708362033,0.282013350011725,-0.63411045781925,-1.52192510598919,100,"OPRD1;CMKLR1;CHRM3;LTB4R;C3;CXCL16;CX3CL1","shrunk_lfc",FALSE
"REACTOME_STIMULI_SENSING_CHANNELS",0.0476221290417814,0.677262708362033,0.321775918075361,0.547926461006392,1.4649187182459,60,"ANO1;SLC9B2;ANO6;RPS27A;ANO10;TRPC1;SGK1;CLCN4;ASIC1;MLKL;CALM1;TPCN1;ANO8;WNK1;WWP1;OSTM1;CLCN7;FKBP1B;NEDD4L;MCOLN3;CLCN3;CLCN6","shrunk_lfc",FALSE
"REACTOME_INTRACELLULAR_SIGNALING_BY_SECOND_MESSENGERS",0.0501803788108165,0.677262708362033,0.321775918075361,0.435723707051573,1.33223833520229,256,"EGF;PIK3AP1;MAPK1;SNAI2;GSK3B;AKT3;USP7;PDGFB;ADCY3;NEDD4;EGFR;EREG;RPS27A;HDAC5;NR4A1;EGR1;IER3;CAMK2G;MECOM;PHC3;AGO4;RCOR1;PRKCA;FOXO3;PIP4K2B;PTPN11;CAMKK2;ITPR3;IRAK1;TNRC6A;MET;NRG2;PHLPP1;RAC2;TRAF6;SGK1;PHC1;TNKS2;GATAD2A;IRS1;PPP2R5D;TGFA;BDNF;RICTOR;CDKN1B;HBEGF;CHD3;IL33;GRB2;PTEN;AHCYL1;FGF2;GAB2;ADCY9;HDAC7;AGO1;TNKS;CALM1;AGO2;NBEA;PPP2CA;RPS6KB2;RRAGD;CSNK2A1;PSMD7;AGO3;PSMD14","shrunk_lfc",FALSE
"REACTOME_HDACS_DEACETYLATE_HISTONES",0.0503838417590548,0.677262708362033,0.321775918075361,0.5539650381805,1.45360316874899,56,"H3C4;TBL1X;RCOR1;GATAD2A;H2BC21;H2BC5;CHD3;H2AC19","shrunk_lfc",FALSE
"REACTOME_SIGNALING_BY_RECEPTOR_TYROSINE_KINASES",0.0505420467193383,0.677262708362033,0.321775918075361,0.408172614372649,1.33541536221216,431,"EGF;DOCK3;PLAT;ALK;NRP2;CRKL;FOSB;MAPK1;CD274;FER;PTPRK;YES1;PAK3;ID1;AKT3;MEF2A;PDGFB;TRIB1;PAK1;THBS1;CAV1;COL6A2;NEDD4;EGFR;EREG;SPINT1;RPS27A;PTPRF;PAG1;PTPRJ;GRB10;EPS15;COL6A1;CBL;EGR1;ROCK2;ABI1;ATP6V1E1;RALA;COL5A2;PGF;NCKAP1;POLR2A;HSP90AA1;DUSP7;PTN;MAPK14;PRKCA;JUNB;FURIN;PTK2;SPHK1;RPS6KA1;PTPN11;ITPR3;MET;NRG2;CYFIP2;JUP;ROCK1;CDH5;SGK1;ITCH;ADAM10;KIDINS220;SPRED2;IRS1;PPP2R5D;TGFA;BDNF;RICTOR;LAMA4;HBEGF;PTPN12;LAMB1;ITGA2;LAMC3;RAP1B;JUND;RANBP9;GRB2;AXL;RALB;AHCYL1;ACTG1;FGF2;PSENEN;WASF2;ITGA3;GAB2;ARHGEF7","shrunk_lfc",FALSE
"REACTOME_TRANSPORT_OF_VITAMINS_NUCLEOSIDES_AND_RELATED_MOLECULES",0.0516528925619835,0.677262708362033,0.287857117255149,-0.781411335255288,-1.69948024965855,25,"APOD","shrunk_lfc",FALSE
"REACTOME_FOXO_MEDIATED_TRANSCRIPTION",0.0516898608349901,0.677262708362033,0.282013350011725,0.542753969417118,1.42638760733784,55,"CITED2;AKT3;NR3C1;FOXG1;CAV1;SOD2;TXNIP;FOXO3;CAT;BCL2L11;CDKN1B;YWHAZ;SMAD3;DDIT3;SMAD4;SMAD2;BCL6;SIN3A;PPARGC1A","shrunk_lfc",FALSE
"REACTOME_SIGNALING_BY_BMP",0.0535372848948375,0.677262708362033,0.271288554688953,0.659981948846667,1.49444696851925,23,"BMP2;SMAD5;SMURF2;BMPR2;ACVR2B;UBE2D3;SMAD4","shrunk_lfc",FALSE
"REACTOME_VEGFR2_MEDIATED_VASCULAR_PERMEABILITY",0.0540540540540541,0.677262708362033,0.271288554688953,0.647252490968834,1.49351229071019,25,"PAK3;AKT3;PAK1;CAV1;HSP90AA1;JUP;CDH5;RICTOR;CALM1","shrunk_lfc",FALSE
"REACTOME_MATERNAL_TO_ZYGOTIC_TRANSITION_MZT",0.0543933054393305,0.677262708362033,0.282013350011725,0.515773710725799,1.40187994399036,71,"H3C4;HIRA;KDM5A;KDM6B;KDM6A;H2BC21;H2BC5;CNOT2;CNOT1;H2AC19;AGO2;SRPK1;CNOT9;EIF4B;EIF4E;ZFP36L2;H2BC4;CNOT8;EIF4A2;POLR2D","shrunk_lfc",FALSE
"REACTOME_O_LINKED_GLYCOSYLATION_OF_MUCINS",0.054820415879017,0.677262708362033,0.266350657088526,0.608960987174935,1.48205840752467,33,"GALNT10;GALNT16;ST3GAL4;B3GNT2;GALNT4","shrunk_lfc",FALSE
"REACTOME_TP53_REGULATES_TRANSCRIPTION_OF_CELL_DEATH_GENES",0.0550284629981025,0.677262708362033,0.266350657088526,0.575348211464276,1.44263648263999,40,"TNFRSF10A;TNFRSF10D;NDRG1;IGFBP3;BID","shrunk_lfc",FALSE
"REACTOME_CLATHRIN_MEDIATED_ENDOCYTOSIS",0.055405038577379,0.677262708362033,0.321775918075361,0.490424951409537,1.41942724968242,122,"EGF;FZD4;STON1;EGFR;EREG;RPS27A;PACSIN3;TRIP10;EPS15;CBL;COPS4;PICALM;ARPC5;ITSN2;SNX9;AGFG1;BIN1;WNT5A;RAB5A;NECAP1;UBQLN1;HSPA8;OCRL;TGFA;HBEGF;ACTR3;CLTB;GRB2;ACTG1;ACTR2;GAPVD1;CLTC;COPS2;SCARB2;NECAP2;LDLR;EPN2","shrunk_lfc",FALSE
"REACTOME_CRMPS_IN_SEMA3A_SIGNALING",0.055984555984556,0.677262708362033,0.266350657088526,0.717326634293405,1.49246123449974,15,"PLXNA2;GSK3B;SEMA3A;PLXNA3;DPYSL3","shrunk_lfc",FALSE
"REACTOME_SEMA3A_PAK_DEPENDENT_AXON_REPULSION",0.055984555984556,0.677262708362033,0.266350657088526,0.715766185702294,1.48921458378398,15,"PLXNA2;PAK3;PAK1;HSP90AA1;SEMA3A;PLXNA3","shrunk_lfc",FALSE
"REACTOME_KEAP1_NFE2L2_PATHWAY",0.0560297242991608,0.677262708362033,0.321775918075361,0.490164534697599,1.38142236901928,108,"EGF;SLC7A11;GSK3B;AKT3;PRDX1;RPS27A;UFD1;TXNRD1;SRXN1;FBXL17;GCLC;BACH1;ABCF2;SQSTM1;CHD6;MAFK;IDH1;CSNK2A1;RELA;PSMD7;MYC;PSMD14","shrunk_lfc",FALSE
"REACTOME_INOSITOL_PHOSPHATE_METABOLISM",0.0561797752808989,0.677262708362033,0.261663521711573,0.586146301946722,1.45907279225196,39,"INPP4B;PLCE1;OCRL;PTEN;ITPKB;IPMK;CALM1;INPP5A;PLCB3;INPP4A;NUDT4;PPIP5K2;NUDT11;IMPA2;PLCD1","shrunk_lfc",FALSE
"REACTOME_CARGO_RECOGNITION_FOR_CLATHRIN_MEDIATED_ENDOCYTOSIS",0.0564766866479928,0.677262708362033,0.321775918075361,0.517242243530581,1.42262241539718,84,"EGF;FZD4;STON1;EGFR;EREG;RPS27A;EPS15;CBL;COPS4;PICALM;ITSN2;AGFG1;WNT5A;NECAP1;UBQLN1;TGFA;HBEGF;CLTB;GRB2;CLTC;COPS2;SCARB2;NECAP2;LDLR;EPN2","shrunk_lfc",FALSE
"REACTOME_EXTRACELLULAR_MATRIX_ORGANIZATION",0.0568181818181818,0.677262708362033,0.241339976815091,-0.535815691036622,-1.41536412426066,218,"COL21A1;ADAMTS14;HSPG2;A2M;SNTB1;FN1;ADAMTS4;MMP15;COL13A1;SDC3;LOXL3;SERPINH1;LTBP1;LOXL1;TNC;COL14A1;DST;DMD;AGRN;HTRA1;BGN;ITGA7;ADAMTS9;SPARC;LAMB2;COL4A5;ADAM19;MMP17;COL9A3;CTSD;DTNB;COL5A1;PXDN;PPIB;PLOD3;ITGAV;LAMC1;NID1;DAG1;ITGB1;COL4A2;NCSTN;ACTB;FBLN1;P3H3","shrunk_lfc",FALSE
"REACTOME_O_GLYCOSYLATION_OF_TSR_DOMAIN_CONTAINING_PROTEINS",0.0568421052631579,0.677262708362033,0.276500599254472,-0.78133049203078,-1.65595306096934,28,"SPON1;ADAMTS14;THBS2;ADAMTS4;ADAMTS9","shrunk_lfc",FALSE
"REACTOME_RHO_GTPASES_ACTIVATE_WASPS_AND_WAVES",0.0571428571428571,0.677262708362033,0.261663521711573,0.602825732351233,1.4668446857217,34,"MAPK1;ABI1;NCKAP1;ARPC5;PTK2;CYFIP2;ACTR3;GRB2;ACTG1;WASF2;ACTR2","shrunk_lfc",FALSE
"REACTOME_PRE_NOTCH_EXPRESSION_AND_PROCESSING",0.0572597137014315,0.677262708362033,0.271288554688953,0.504939398536641,1.3986593375336,76,"H3C4;NOTCH3;NOTCH2;CCND1;AGO4;E2F1;ST3GAL4;FURIN;TNRC6A;SEL1L;H2BC21;H2BC5;NOTCH2NLA;RAB6A;SNW1;AGO1;H2AC19;AGO2;ATP2A3;AGO3;TFDP1;RFNG","shrunk_lfc",FALSE
"REACTOME_NEGATIVE_REGULATION_OF_MET_ACTIVITY",0.0573613766730402,0.677262708362033,0.261663521711573,0.686346026842211,1.49158071706405,18,"RPS27A;PTPRJ;EPS15;CBL;MET;GRB2","shrunk_lfc",FALSE
"REACTOME_DOWNREGULATION_OF_TGF_BETA_RECEPTOR_SIGNALING",0.058027079303675,0.677262708362033,0.261663521711573,0.639744610453651,1.49405946484788,26,"ZFYVE9;RPS27A;PPP1CC;SMURF2;TGFB1;STRAP;SMAD3;XPO1;SMAD2;PMEPA1;NEDD4L;STUB1;TGFBR1;UCHL5","shrunk_lfc",FALSE
"REACTOME_SIRT1_NEGATIVELY_REGULATES_RRNA_EXPRESSION",0.0591603053435115,0.677262708362033,0.257206466468838,0.609065284362159,1.46247639165142,32,"H3C4;H2BC21;H2BC5;TAF1D;H2AC19;TAF1A","shrunk_lfc",FALSE
"REACTOME_EPIGENETIC_REGULATION_OF_GENE_EXPRESSION_BY_MLL3_AND_MLL4_COMPLEXES",0.0593406593406593,0.677262708362033,0.276500599254472,0.496849891178411,1.38054914327331,91,"H3C4;MGLL;ANGPTL4;TBL1X;MED14;KDM6A;NCOA1;H2BC21;H2BC5;ACSL1;H2AC19;MED13;NCOA2;MED1;NCOA6;RXRA;NCOA3;PPARGC1A","shrunk_lfc",FALSE
"REACTOME_CA2_PATHWAY",0.0597609561752988,0.677262708362033,0.261663521711573,0.542486949225814,1.41271806003456,52,"FZD4;FZD3;GNG2;NFATC1;GNG11;AGO4;PRKCA;ITPR3;TNRC6A;WNT5A;GNB1;GNG12;AGO1;CALM1;AGO2;GNB5;PLCB3;AGO3;MAP3K7;MYC;TCF7","shrunk_lfc",FALSE
"REACTOME_REGULATION_OF_EXPRESSION_AND_FUNCTION_OF_TYPE_II_CLASSICAL_CADHERINS",0.0599173553719008,0.677262708362033,0.266350657088526,-0.765438316136574,-1.66474076061492,25,"CDH11;TNRC6B;CTNND1;ADAM19","shrunk_lfc",FALSE
"REACTOME_PI_METABOLISM",0.0606694560669456,0.677262708362033,0.266350657088526,0.509473731322502,1.38475651449139,71,"INPP4B;PI4KA;PLEKHA2;PIKFYVE;MTMR3;PIP4K2B;TNFAIP8;MTMR6;RAB5A;PLEKHA1;MTMR12;OCRL;PTEN;VAC14;GDE1;PIK3C3;PI4K2B;RUFY1;INPP4A;MTMR2;PITPNB","shrunk_lfc",FALSE
"REACTOME_SIGNALING_BY_NOTCH1_PEST_DOMAIN_MUTANTS_IN_CANCER",0.0612648221343874,0.677262708362033,0.257206466468838,0.5373483075385,1.40722948382945,54,"HES1;TBL1X;JAG1;RPS27A;HDAC5;MIB1;HDAC9;ADAM10;HDAC11;PSENEN;HDAC7;SNW1","shrunk_lfc",FALSE
"REACTOME_PLATELET_CALCIUM_HOMEOSTASIS",0.0635838150289017,0.677262708362033,0.248911114434702,0.682871658017875,1.47341513649966,17,"ATP2B1;ITPR3;CALM1;ORAI1;ATP2A3;ATP2B4;ITPR2","shrunk_lfc",FALSE
"REACTOME_REPRODUCTION",0.0637362637362637,0.677262708362033,0.266350657088526,0.491873324958199,1.36672123598433,91,"H3C4;CD9;SMC1A;CXCR4;STAG2;SMC3;RPA1;NBN;H2BC21;MLH3;H2BC5;SUN2;PSMC3IP;POT1;H2AC19","shrunk_lfc",FALSE
"REACTOME_FORMATION_OF_FIBRIN_CLOT_CLOTTING_CASCADE",0.0639175257731959,0.677262708362033,0.257206466468838,-0.795963436228086,-1.64904199688231,16,"SERPINE2;A2M","shrunk_lfc",FALSE
"REACTOME_REGULATION_OF_SIGNALING_BY_CBL",0.0643670568654265,0.677262708362033,0.287805130535564,0.705573596383079,1.53336645026793,18,"CRKL;YES1;RPS27A;CBL;GRB2","shrunk_lfc",FALSE
"REACTOME_ASSEMBLY_OF_THE_ORC_COMPLEX_AT_THE_ORIGIN_OF_REPLICATION",0.0661625708884688,0.677262708362033,0.241339976815091,0.586403536244452,1.42715922595485,33,"H3C4;KPNA1;H2BC21;H2BC5;H2AC19","shrunk_lfc",FALSE
"REACTOME_NUCLEAR_EVENTS_MEDIATED_BY_NFE2L2",0.0662393162393162,0.677262708362033,0.257206466468838,0.501118041636112,1.37606601255249,82,"EGF;SLC7A11;GSK3B;PRDX1;RPS27A;TXNRD1;SRXN1;GCLC;BACH1;ABCF2;SQSTM1;CHD6;MAFK;IDH1;RELA;PSMD7;MYC;PSMD14","shrunk_lfc",FALSE
"REACTOME_EPIGENETIC_REGULATION_BY_WDR5_CONTAINING_HISTONE_MODIFYING_COMPLEXES",0.0666666666666667,0.677262708362033,0.266350657088526,0.465488576621654,1.35205290009674,123,"H3C4;MGLL;ANGPTL4;TBL1X;MED14;PHF20;KDM6A;PSIP1;NCOA1;H2BC21;CXXC1;H2BC5;KAT14;ACSL1;TADA2A;H2AC19;MED13;NCOA2;MED1;NCOA6;RXRA;NCOA3;PPARGC1A;ZZZ3;SCD;KAT2A;AKAP8L;H2BC4","shrunk_lfc",FALSE
"REACTOME_TGF_BETA_RECEPTOR_SIGNALING_ACTIVATES_SMADS",0.0667976424361493,0.677262708362033,0.245041785430996,0.552311484148265,1.40766515040445,45,"ITGB5;ZFYVE9;RPS27A;PPP1CC;SMURF2;CBL;FBN1;FURIN;TGFB1;STRAP;LTBP2;SMAD3;TGFB2;XPO1;ITGB8;SMAD4;SMAD2;PMEPA1","shrunk_lfc",FALSE
"REACTOME_SIGNALING_BY_ERBB2_ECD_MUTANTS",0.0676982591876209,0.677262708362033,0.241339976815091,0.691232627225505,1.46899458435256,16,"EGF;EGFR;HSP90AA1;GRB2;SOS1;ERBIN","shrunk_lfc",FALSE
"REACTOME_FORMATION_OF_ATP_BY_CHEMIOSMOTIC_COUPLING",0.0677618069815195,0.677262708362033,0.248911114434702,-0.777794781927427,-1.65114401541451,20,"ATP5MF;ATP5MC1;ATP5MK;ATP5PB;ATP5F1D;ATP5MC3;ATP5F1A;ATP5F1E;ATP5PD;DMAC2L;ATP5F1B;ATP5MJ;ATP5F1C;ATP5ME;ATP5PF;ATP5MC2;ATP5MG;MT-ATP6","shrunk_lfc",FALSE
"REACTOME_COLLAGEN_CHAIN_TRIMERIZATION",0.0679405520169851,0.677262708362033,0.252961123069611,-0.757474120797703,-1.61290189243356,30,"COL21A1;COL13A1;COL14A1;COL4A5;COL9A3;COL5A1","shrunk_lfc",FALSE
"REACTOME_AEROBIC_RESPIRATION_AND_RESPIRATORY_ELECTRON_TRANSPORT",0.0685358255451713,0.677262708362033,0.213927855492356,-0.515879146991396,-1.38299624119007,242,"NDUFB1;ACAD9;NDUFA13;ACO2;ATP5MF;CYCS;COX6A1;PC;UQCR11;NDUFV3;PDHB;NDUFA11;COX7B;ATP5MC1;NDUFA3;HAGH;NNT;NDUFS7;ATP5MK;COX8A;ATP5PB;ETFB;TTC19;NDUFS5;UQCRQ;UQCRFS1;OXA1L;ATP5F1D;CYC1;TMEM223;PET100;NDUFA7;NDUFS2;ISCA1;ATP5MC3;COX6B1;MDH1;NDUFV1;NDUFB5;NDUFA6;IDH3A;NDUFAF3;NDUFB7;UQCC2;PDP1;ATP5F1A;NDUFS6;UQCRB;PDK1;COX5B;ATP5F1E;OGDH;ATP5PD;NDUFB8;HCCS;HIGD2A;SFXN4;COX5A;NDUFC1;D2HGDH;NDUFAF6;NDUFB11;MAEA;UQCR10;COA3;DLST;FXN;MT-ND6;SUCLG2;GSTZ1;LDHA;NDUFV2;RAB5IF;UBB;PDHA1;DMAC2L;DLD;PDHX;NDUFAF8;ATP5F1B;NDUFB6;GOT1;NDUFB9;NDUFA9;PDPR;MT-CO2;NDUFB2;ATP5MJ;IDH3G;ATP5F1C;IDH3B;NDUFA1;ATP5ME;DMAC1;LDHB;COX18;HSPA9;SCO1;ATP5PF;MT-CO1;COX4I1;UBA52;HSCB;MT-CO3;COX6C;UCP2;UQCC3;ATP5MC2;ATP5MG;MT-ATP6;SDHB;KGD4","shrunk_lfc",FALSE
"REACTOME_PRC2_METHYLATES_HISTONES_AND_DNA",0.0692883895131086,0.677262708362033,0.234392647294686,0.570720216196215,1.42067319485664,39,"H3C4;H2BC21;H2BC5;H2AC19","shrunk_lfc",FALSE
"REACTOME_EUKARYOTIC_TRANSLATION_INITIATION",0.0696629213483146,0.677262708362033,0.257206466468838,0.460642392760581,1.32711590612302,116,"RPS27A;EIF2S1;RPS3A;RPL9;EIF3H;RPL7;RPLP0;RPS15A;RPL23;RPS7;EIF3J;RPS13;RPS17;EIF3A;RPL39;RPS23;RPLP2;RPS11;RPL5;RPL22;RPL17;RPS10;RPL27A;RPS21;EIF3B;RPS25;RPS29;EIF4B;EIF3F;EIF3D;EIF4E;RPL11;EIF4A2;RPL34;RPS18;RPS27L;RPL27;RPS3;RPL26;EIF3I;RPS20;RPS12;RPL30;EIF3E;RPS27;RPL18A;EIF4EBP1;RPS19;RPS6;RPS2;RPL4;RPS14;EIF2B3;RPL39L;RPL13;EIF4H;RPL21;RPS4X;RPL31;RPS8;RPS16","shrunk_lfc",FALSE
"REACTOME_FOXO_MEDIATED_TRANSCRIPTION_OF_OXIDATIVE_STRESS_METABOLIC_AND_NEURONAL_GENES",0.0710172744721689,0.677262708362033,0.234392647294686,0.65851707185274,1.46863668642308,21,"NR3C1;SOD2;FOXO3;CAT;SMAD3;SMAD4;SMAD2;SIN3A;PPARGC1A","shrunk_lfc",FALSE
"REACTOME_TRANSCRIPTIONAL_REGULATION_OF_GRANULOPOIESIS",0.0718446601941748,0.677262708362033,0.234392647294686,0.538068361270316,1.3847516965563,48,"H3C4;KLF5;GATA2;E2F1;H2BC21;H2BC5;H2AC19;RARA;MYC;RXRA;TFDP1;DEK","shrunk_lfc",FALSE
"REACTOME_CELLULAR_SENESCENCE",0.072289156626506,0.677262708362033,0.261663521711573,0.447805897670495,1.31305120552192,151,"H3C4;H1-2;MAPK1;HIRA;ID1;RPS27A;H1-0;KDM6B;PHC3;AGO4;E2F1;MDM4;MAPK14;RPS6KA1;TNRC6A;MAPK9;ANAPC1;PHC1;NBN;H2BC21;H2BC5;CDKN1B;UBN1;ANAPC4;POT1;AGO1;H2AC19;CCNE2;MINK1;RELA;AGO3;MAPK8;ANAPC11;TFDP1;ACD;CCNA1;ETS1;MAP2K4;CXCL8;MAP4K4;HMGA1","shrunk_lfc",FALSE
"REACTOME_EUKARYOTIC_TRANSLATION_ELONGATION",0.0728476821192053,0.677262708362033,0.248911114434702,0.484036720553347,1.34218482245741,90,"RPS27A;RPS3A;RPL9;RPL7;EEF1G;RPLP0;RPS15A;RPL23;RPS7;RPS13;RPS17;RPL39;RPS23;RPLP2;RPS11;RPL5;RPL22;RPL17;RPS10;RPL27A;RPS21;RPS25;RPS29;RPL11;EEF1A1;RPL34;RPS18;RPS27L;RPL27;RPS3;RPL26;RPS20;RPS12;RPL30;RPS27;RPL18A;RPS19;RPS6;RPS2;RPL4;RPS14;RPL39L;RPL13;RPL21;RPS4X;RPL31;RPS8;RPS16","shrunk_lfc",FALSE
"REACTOME_INTERLEUKIN_3_INTERLEUKIN_5_AND_GM_CSF_SIGNALING",0.0737240075614367,0.677262708362033,0.227987202850442,0.580361131438401,1.41245352717763,33,"CRKL;YES1;RPS27A;CBL;PTPN11;YWHAZ;GRB2;GAB2;STAT5B;SOS1","shrunk_lfc",FALSE
"REACTOME_SIGNALING_BY_VEGF",0.0739130434782609,0.677262708362033,0.245041785430996,0.47889528306145,1.33944077557374,94,"NRP2;PAK3;AKT3;PAK1;CAV1;ROCK2;ABI1;PGF;NCKAP1;HSP90AA1;MAPK14;PRKCA;PTK2;SPHK1;ITPR3;CYFIP2;JUP;ROCK1;CDH5;RICTOR;AXL;AHCYL1;ACTG1;WASF2;CALM1;RASA1","shrunk_lfc",FALSE
"REACTOME_PEPTIDE_HORMONE_METABOLISM",0.0739299610894942,0.677262708362033,0.231126709673834,0.548885759512033,1.39763750108089,44,"ANPEP;MYO5A;PAX6;EXOC4;GNB1;KIF5C;EXOC6;SLC30A5;KIF5A;EXOC5;GATA4;EXOC1;RAB27A","shrunk_lfc",FALSE
"REACTOME_CRISTAE_FORMATION",0.0739957716701903,0.677262708362033,0.241339976815091,-0.743068417509504,-1.60797069150261,33,"ATP5MF;ATP5MC1;ATP5MK;ATP5PB;ATP5F1D;ATP5MC3;ATP5F1A;ATP5F1E;ATP5PD;SAMM50;IMMT;MICOS10;DMAC2L;ATP5F1B;ATP5MJ;MICOS13;ATP5F1C;ATP5ME;HSPA9;ATP5PF;DNAJC11;ATP5MC2;ATP5MG;MT-ATP6","shrunk_lfc",FALSE
"REACTOME_DNA_METHYLATION",0.0740037950664137,0.677262708362033,0.227987202850442,0.619534759095719,1.46564195940067,28,"H3C4;H2BC21;H2BC5;H2AC19","shrunk_lfc",FALSE
"REACTOME_DNA_DAMAGE_TELOMERE_STRESS_INDUCED_SENESCENCE",0.0740740740740741,0.677262708362033,0.231126709673834,0.536878983451949,1.39200156290242,50,"H1-2;HIRA;H1-0;NBN;H2BC21;H2BC5;CDKN1B;UBN1;POT1;H2AC19;CCNE2;ACD;CCNA1;HMGA1;TINF2;H2BC4;MRE11","shrunk_lfc",FALSE
"REACTOME_SARS_COV_2_MODULATES_HOST_TRANSLATION_MACHINERY",0.07421875,0.677262708362033,0.231126709673834,0.540089709994987,1.39242373903261,49,"RPS27A;RPS3A;RPS15A;RPS7;RPS13;RPS17;SNRPB;RPS23;RPS11;GEMIN5;RPS10;RPS21;RPS25;RPS29;RPS18;RPS27L;RPS3;RPS20;RPS12;RPS27;RPS19;RPS6;RPS2;RPS14;RPS4X;RPS8;SNRPG;RPS16","shrunk_lfc",FALSE
"REACTOME_SYNTHESIS_OF_PIPS_AT_THE_PLASMA_MEMBRANE",0.0746561886051081,0.677262708362033,0.231126709673834,0.540552067112127,1.37769416116027,45,"INPP4B;PLEKHA2;MTMR3;PIP4K2B;MTMR6;RAB5A;PLEKHA1;OCRL;PTEN;PI4K2B;RUFY1;INPP4A;MTMR2","shrunk_lfc",FALSE
"REACTOME_BILE_ACID_AND_BILE_SALT_METABOLISM",0.0756143667296786,0.677262708362033,0.224966093540314,0.605512782444781,1.43977818267268,29,"SLCO1B3;CYP27A1;OSBPL1A;NCOA1;OSBPL6;NCOA2;RXRA;OSBPL9;OSBPL3;SCP2;AMACR;CYP46A1;HSD3B7;HSD17B4","shrunk_lfc",FALSE
"REACTOME_VEGFR2_MEDIATED_CELL_PROLIFERATION",0.0757281553398058,0.677262708362033,0.227987202850442,0.665938838915543,1.4547627221217,19,"PRKCA;SPHK1;ITPR3;AHCYL1;CALM1;RASA1;ITPR2;SRC;KDR;VEGFA","shrunk_lfc",FALSE
"REACTOME_NICOTINATE_METABOLISM",0.0770833333333333,0.677262708362033,0.234392647294686,-0.74667526693288,-1.6173172147108,24,"NNMT;PARP9;PARP14;PARP10","shrunk_lfc",FALSE
"REACTOME_DEFECTIVE_PYROPTOSIS",0.0773694390715667,0.677262708362033,0.224966093540314,0.563251665679162,1.38965081516265,37,"H3C4;H2BC21;H2BC5;H2AC19","shrunk_lfc",FALSE
"REACTOME_SYNTHESIS_OF_PIPS_AT_THE_EARLY_ENDOSOME_MEMBRANE",0.0773694390715667,0.677262708362033,0.224966093540314,0.674321848506752,1.43305611533853,16,"INPP4B;PIKFYVE;MTMR12;VAC14;PIK3C3;PI4K2B;INPP4A;MTMR2","shrunk_lfc",FALSE
"REACTOME_PKMTS_METHYLATE_HISTONE_LYSINES",0.0776699029126214,0.677262708362033,0.224966093540314,0.532209313091376,1.36967307924671,48,"H3C4;NSD2;MECOM;NSD3;DOT1L","shrunk_lfc",FALSE
"REACTOME_DISEASES_ASSOCIATED_WITH_O_GLYCOSYLATION_OF_PROTEINS",0.0778688524590164,0.677262708362033,0.231126709673834,-0.715662428985791,-1.5995690756689,44,"SPON1;ADAMTS14;THBS2;ADAMTS4;ADAMTS9","shrunk_lfc",FALSE
"REACTOME_REGULATION_OF_ENDOGENOUS_RETROELEMENTS_BY_THE_HUMAN_SILENCING_HUB_HUSH_COMPLEX",0.0786948176583493,0.678742802303263,0.222056046145248,0.569214136126094,1.39119010779737,35,"H3C4;H2BC21;H2BC5;H2AC19;MORC2;ATF7IP;MPHOSPH8","shrunk_lfc",FALSE
"REACTOME_RAS_ACTIVATION_UPON_CA2_INFLUX_THROUGH_NMDA_RECEPTOR",0.0805785123966942,0.680353363688835,0.227987202850442,-0.771101488302684,-1.59135348035291,15,"NEFL;DLG1","shrunk_lfc",FALSE
"REACTOME_ESTROGEN_DEPENDENT_GENE_EXPRESSION",0.0810810810810811,0.680353363688835,0.237793834423688,0.460287382589906,1.29514562051765,106,"H3C4;FOSB;NRIP1;CCND1;POLR2A;AGO4;HSP90AA1;SMC1A;TNRC6A;STAG2;SMC3;NCOA1;EBAG9;H2BC21;TGFA;H2BC5;JUND;AGO1;H2AC19;PTGES3;FKBP4;AGO2;NCOA2;AGO3;MED1;MYC","shrunk_lfc",FALSE
"REACTOME_MEIOSIS",0.081419624217119,0.680353363688835,0.227987202850442,0.496029617447764,1.35575055182297,72,"H3C4;SMC1A;STAG2;SMC3;RPA1;NBN;H2BC21;MLH3;H2BC5;SUN2;PSMC3IP;POT1;H2AC19","shrunk_lfc",FALSE
"REACTOME_B_WICH_COMPLEX_POSITIVELY_REGULATES_RRNA_EXPRESSION",0.0815109343936382,0.680353363688835,0.222056046145248,0.512364005870473,1.3465210935343,55,"H3C4;GSK3B;H2BC21;H2BC5;SMARCA5;TAF1D;H2AC19;POLR1A;TAF1A;DEK;POLR1E;ERCC6;KAT2A;H2BC4","shrunk_lfc",FALSE
"REACTOME_SUMOYLATION_OF_INTRACELLULAR_RECEPTORS",0.0841300191204589,0.692307692307692,0.213927855492356,0.629200848158472,1.42474699764649,23,"PPARA;NR3C1;AR;RARA;RXRA","shrunk_lfc",FALSE
"REACTOME_NONSENSE_MEDIATED_DECAY_NMD",0.0842824601366743,0.692307692307692,0.234392647294686,0.447670868651058,1.27015983815725,112,"RPS27A;RPS3A;RPL9;GSPT1;ETF1;SMG7;UPF2;RPL7;RPLP0;RPS15A;SMG1;RPL23;RPS7;PPP2CA;RPS13;RPS17;RPL39;RPS23;RPLP2;RPS11;RPL5;RPL22;RPL17;RPS10;RPL27A;RPS21;RPS25;RPS29;RPL11;RPL34;CASC3;RPS18;RPS27L;RPL27;RPS3;RPL26;SMG5;RPS20;RPS12;RPL30;RPS27;RPL18A;RPS19;RPS6;RPS2;RPL4;RPS14;RPL39L;RPL13;RPL21;RPS4X;RPL31;RPS8;RPS16;PPP2R2A","shrunk_lfc",FALSE
"REACTOME_SIGNALING_BY_WNT_IN_CANCER",0.0850661625708885,0.692307692307692,0.211400189384923,0.592144245033017,1.40799069765546,29,"FZD4;GSK3B;CTBP2;DKK1;APC;TNKS2;PPP2R5D;TNKS;PPP2CA;PORCN;PPP2R5B;PPP2R5E","shrunk_lfc",FALSE
"REACTOME_GENE_SILENCING_BY_RNA",0.0858895705521472,0.692307692307692,0.219250346703755,0.506942751882921,1.35322544341705,61,"H3C4;ANG;POLR2A;AGO4;HSP90AA1;TNRC6A;H2BC21;H2BC5;AGO1;H2AC19;AGO2;AGO3","shrunk_lfc",FALSE
"REACTOME_WNT_LIGAND_BIOGENESIS_AND_TRAFFICKING",0.0868725868725869,0.692307692307692,0.211400189384923,0.67728471444214,1.40915049393059,15,"WNT3;WNT5A;SNX3;TMED5;VPS35;PORCN","shrunk_lfc",FALSE
"REACTOME_POST_CHAPERONIN_TUBULIN_FOLDING_PATHWAY",0.0869565217391304,0.692307692307692,0.219250346703755,-0.758817665254908,-1.57536747898987,17,"TUBB4A;TBCD;TUBB3;TUBA1C;TUBA1B;TBCB;TUBA1A;TUBB4B;TUBB2A","shrunk_lfc",FALSE
"REACTOME_ERCC6_CSB_AND_EHMT2_G9A_POSITIVELY_REGULATE_RRNA_EXPRESSION",0.0891840607210626,0.700353045013239,0.206587922696891,0.543689034391213,1.36325380108142,40,"H3C4;GATAD2A;H2BC21;H2BC5;CHD3;H2AC19","shrunk_lfc",FALSE
"REACTOME_MEIOTIC_RECOMBINATION",0.0893203883495146,0.700353045013239,0.208955027549354,0.521610605114391,1.34239665879748,48,"H3C4;RPA1;NBN;H2BC21;MLH3;H2BC5;PSMC3IP;H2AC19","shrunk_lfc",FALSE
"REACTOME_CS_GAG_BIOSYNTHESIS",0.0907216494845361,0.705991783582668,0.213927855492356,-0.756490381919953,-1.5672634611649,16,"CHSY3;CHST15;CHPF2;BGN;CHSY1","shrunk_lfc",FALSE
"REACTOME_LEISHMANIA_INFECTION",0.092378752886836,0.709055876685935,0.224966093540314,0.438248351089515,1.27477934247582,125,"MAPK1;GNG2;YES1;MYO5A;ADCY3;GNG11;ABI1;SUGT1;TXNIP;NCKAP1;ARPC5;MAPK14;FURIN;PTK2;ITPR3;WNT5A;CYFIP2;GNB1;ACTR3;GRB2;AHCYL1;ACTG1;WASF2;ACTR2;ADCY9;GNG12;CALM1;GNB5;RELA;MAPK8;PRKAR2A","shrunk_lfc",FALSE
"REACTOME_NEGATIVE_REGULATION_OF_FGFR2_SIGNALING",0.092485549132948,0.709055876685935,0.204294756516886,0.628233748344738,1.40911365909524,22,"MAPK1;RPS27A;CBL;PTPN11;GRB2;FGF2;PPP2CA;FGF1;FGFR2;SPRY2;SRC","shrunk_lfc",FALSE
"REACTOME_TRANSCRIPTIONAL_REGULATION_BY_SMALL_RNAS",0.0935114503816794,0.71164964077234,0.20207170902116,0.537174129052979,1.3481065415452,41,"H3C4;POLR2A;TNRC6A;H2BC21;H2BC5;AGO1;H2AC19;AGO2","shrunk_lfc",FALSE
"REACTOME_FCGAMMA_RECEPTOR_FCGR_DEPENDENT_PHAGOCYTOSIS",0.0942622950819672,0.71212755773603,0.208955027549354,0.487043705264758,1.34658461107241,74,"MAPK1;YES1;MYO5A;PAK1;ABI1;NCKAP1;ARPC5;HSP90AA1;PTK2;ITPR3;CYFIP2;ACTR3;GRB2;AHCYL1;ACTG1;WASF2;ACTR2","shrunk_lfc",FALSE
"REACTOME_SIGNALING_BY_ERBB4",0.0951456310679612,0.713222525427934,0.20207170902116,0.514221274636887,1.32337976679703,48,"EGF;NEDD4;EGFR;EREG;RPS27A;NRG2;ITCH;HBEGF;GRB2;PSENEN;SOS1","shrunk_lfc",FALSE
"REACTOME_O_LINKED_GLYCOSYLATION",0.0957854406130268,0.713222525427934,0.199915231309662,-0.620375872297623,-1.43578904072607,79,"SPON1;ADAMTS14;THBS2;ADAMTS4;MGAT5B;ADAMTS9;POMK;B4GALT5;ST3GAL2;FKRP;MUC1;THSD1;DAG1","shrunk_lfc",FALSE
"REACTOME_PHOSPHOLIPID_METABOLISM",0.0965346534653465,0.713666902404526,0.227987202850442,0.423471895970972,1.26752285110343,173,"INPP4B;MGLL;ETNK1;MBOAT2;PITPNM3;PI4KA;OSBPL8;PLEKHA2;PIKFYVE;MTMR3;PIP4K2B;TNFAIP8;MTMR6;RAB5A;AGPAT3;CPNE3;STARD10;PLEKHA1;LPCAT2;MTMR12;AGPAT5;OCRL;PTEN;SLC44A1;CDIPT;LPIN2;CHPT1;ABHD3;VAC14;CSNK2A1;GDE1;PIK3C3;PI4K2B;DDHD2;PNPLA8;RUFY1;INPP4A;CDS1;MTMR2;PITPNB;LCLAT1;PITPNM2;GPD2;PISD;ETNK2;GDPD1;LPGAT1;PIK3C2B;PCTP","shrunk_lfc",FALSE
"REACTOME_NUCLEAR_EVENTS_KINASE_AND_TRANSCRIPTION_FACTOR_ACTIVATION",0.0985915492957746,0.717692177063285,0.20207170902116,0.507275257604113,1.33108927650599,56,"FOSB;MAPK1;ID1;MEF2A;TRIB1;EGR1;DUSP7;MAPK14;JUNB;RPS6KA1;SGK1;PPP2R5D;JUND","shrunk_lfc",FALSE
"REACTOME_REGULATION_OF_MECP2_EXPRESSION_AND_ACTIVITY",0.0986717267552182,0.717692177063285,0.195789002148949,0.567253399868693,1.35426320877866,31,"HTT;FOXG1;TBL1X;CAMK2G;AGO4;TNRC6A;HIPK2;AGO1;CALM1;AGO2;AGO3;SIN3A","shrunk_lfc",FALSE
"REACTOME_BMAL1_CLOCK_NPAS2_ACTIVATES_CIRCADIAN_EXPRESSION",0.0996168582375479,0.717692177063285,0.195789002148949,0.603644788168335,1.38773939246636,24,"SERPINE1;PPARA;BMAL2;TBL1X;NCOA1;NCOA2;MED1;NCOA6;RXRA;BHLHE40;NAMPT","shrunk_lfc",FALSE
"REACTOME_RESPIRATORY_ELECTRON_TRANSPORT",0.100511073253833,0.717692177063285,0.183023938384487,-0.540553791237207,-1.38069271252172,151,"NDUFB1;ACAD9;NDUFA13;CYCS;COX6A1;UQCR11;NDUFV3;NDUFA11;COX7B;NDUFA3;NDUFS7;COX8A;ETFB;TTC19;NDUFS5;UQCRQ;UQCRFS1;OXA1L;CYC1;TMEM223;PET100;NDUFA7;NDUFS2;COX6B1;MDH1;NDUFV1;NDUFB5;NDUFA6;NDUFAF3;NDUFB7;UQCC2;NDUFS6;UQCRB;COX5B;NDUFB8;HCCS;HIGD2A;SFXN4;COX5A;NDUFC1;NDUFAF6;NDUFB11;UQCR10;COA3;FXN;MT-ND6;NDUFV2;RAB5IF;NDUFAF8;NDUFB6;GOT1;NDUFB9;NDUFA9;MT-CO2;NDUFB2;NDUFA1;DMAC1;COX18;HSPA9;SCO1;MT-CO1;COX4I1;HSCB;MT-CO3;COX6C;UQCC3;SDHB;COX7A2;NDUFA12;SURF1","shrunk_lfc",FALSE
"REACTOME_OXIDATIVE_STRESS_INDUCED_SENESCENCE",0.101075268817204,0.717692177063285,0.206587922696891,0.471466066960747,1.30153996112034,85,"H3C4;MAPK1;RPS27A;KDM6B;PHC3;AGO4;E2F1;MDM4;MAPK14;TNRC6A;MAPK9;PHC1;H2BC21;H2BC5;AGO1;H2AC19;MINK1;AGO3;MAPK8;TFDP1;MAP2K4;MAP4K4","shrunk_lfc",FALSE
"REACTOME_ATTACHMENT_AND_ENTRY",0.101239669421488,0.717692177063285,0.20207170902116,-0.745759988146357,-1.53905519655644,15,"HSPG2;SDC3;GPC1;AGRN","shrunk_lfc",FALSE
"REACTOME_SPRY_REGULATION_OF_FGF_SIGNALING",0.104448742746615,0.73437219328184,0.191892240384838,0.654559246116934,1.39105700427243,16,"MAPK1;RPS27A;CBL;PTPN11;GRB2;PPP2CA;SPRY2;SRC","shrunk_lfc",FALSE
"REACTOME_NCAM_SIGNALING_FOR_NEURITE_OUT_GROWTH",0.105882352941176,0.73437219328184,0.191892240384838,0.511695794888876,1.30555703014543,46,"ST8SIA4;MAPK1;COL6A2;GFRA1;COL6A1;SPTBN2;COL5A2;PTK2;PRNP;NCAM1;SPTBN1;GRB2","shrunk_lfc",FALSE
"REACTOME_HEME_SIGNALING",0.106589147286822,0.73437219328184,0.190023305279108,0.518778468454085,1.31371316512129,43,"PPARA;NRIP1;TBL1X;NR1D1;NCOA1;BACH1;RAI1;XPO1;MAFK;NCOA2;MED1;CRTC2;NCOA6;RXRA;PPARGC1A;PGRMC2;LY96;MEF2D;CREB1","shrunk_lfc",FALSE
"REACTOME_CO_INHIBITION_BY_CTLA4",0.107899807321773,0.73437219328184,0.188204146308491,0.644694718088418,1.39104170586033,17,"YES1;AKT3;PTPN11;PPP2R5D;PPP2CA;PPP2R5B;PPP2R5E;SRC","shrunk_lfc",FALSE
"REACTOME_RESPONSE_OF_EIF2AK4_GCN2_TO_AMINO_ACID_DEFICIENCY",0.10913140311804,0.73437219328184,0.20207170902116,0.454543227759147,1.27006004156783,98,"RPS27A;EIF2S1;RPS3A;RPL9;ATF3;EIF2AK4;RPL7;RPLP0;RPS15A;DDIT3;RPL23;RPS7;RPS13;RPS17;RPL39;RPS23;RPLP2;RPS11;RPL5;RPL22;RPL17;RPS10;RPL27A;RPS21;RPS25;RPS29;RPL11;RPL34;RPS18;RPS27L;RPL27;RPS3;RPL26;RPS20;RPS12;RPL30;RPS27;RPL18A;RPS19;RPS6;RPS2;RPL4;RPS14;RPL39L;RPL13;RPL21;RPS4X;RPL31;RPS8;RPS16","shrunk_lfc",FALSE
"REACTOME_MITOCHONDRIAL_PROTEIN_DEGRADATION",0.110507246376812,0.73437219328184,0.179782316298324,-0.581569197003144,-1.39247205045313,97,"TFAM;NDUFA13;ACO2;ECH1;NDUFV3;MRPS2;PMPCA;PDHB;BDH1;ECI1;UQCRQ;SLC25A5;NDUFV1;SLC25A6;IDH3A;CLPX;OMA1;MRPL32;ATP5F1A;PDK1;COX5B;OGDH;ATP5PD;COX5A;CLPP;TWNK;ACAD8;PRKACA;MT-ND6;SUCLG2;PDHA1;SHMT2;DLD;TIMM22;ATP5F1B;NDUFB6;MT-CO2;ALDH1B1;ATP5F1C;HSPA9;HTRA2;ATP5PF;MT-CO1;COX4I1;OXCT1;ATP5MG;MT-ATP6","shrunk_lfc",FALSE
"REACTOME_NEGATIVE_REGULATION_OF_FGFR4_SIGNALING",0.110679611650485,0.73437219328184,0.186432558434075,0.632021632943481,1.39036218461864,20,"MAPK1;RPS27A;CBL;PTPN11;GRB2;FGF2;PPP2CA;FGF1;SPRY2;SRC","shrunk_lfc",FALSE
"REACTOME_PROTEIN_PROTEIN_INTERACTIONS_AT_SYNAPSES",0.111324376199616,0.73437219328184,0.184706471207739,-0.641620908486732,-1.46857312289944,67,"SLITRK2","shrunk_lfc",FALSE
"REACTOME_FORMATION_OF_THE_DYSTROPHIN_GLYCOPROTEIN_COMPLEX_DGC",0.111578947368421,0.73437219328184,0.193813302725311,-0.717149810683423,-1.51992842502301,28,"HSPG2;SNTB1;DMD;AGRN;LAMB2;DTNB;LAMC1;DAG1;ACTB","shrunk_lfc",FALSE
"REACTOME_FCGR3A_MEDIATED_IL10_SYNTHESIS",0.11284046692607,0.73437219328184,0.184706471207739,0.585069696451142,1.36190041956988,27,"YES1;ADCY3;ITPR3;AHCYL1;ADCY9;CALM1;PRKAR2A;PRKACB;ITPR2;SRC;CREB1;FYN","shrunk_lfc",FALSE
"REACTOME_GLYCOGEN_METABOLISM",0.113026819923372,0.73437219328184,0.183023938384487,0.59778434858554,1.37426662996494,24,"PPP1R3C;GBE1;PHKA1;RPS27A;PYGB;PYGL","shrunk_lfc",FALSE
"REACTOME_NR1H3_NR1H2_REGULATE_GENE_EXPRESSION_LINKED_TO_CHOLESTEROL_TRANSPORT_AND_EFFLUX",0.115062761506276,0.73437219328184,0.190023305279108,-0.686125613150842,-1.48126945773133,32,"APOD;ARL4C;APOE;TNRC6B","shrunk_lfc",FALSE
"REACTOME_NEGATIVE_REGULATION_OF_NMDA_RECEPTOR_MEDIATED_NEURONAL_TRANSMISSION",0.115463917525773,0.73437219328184,0.188204146308491,-0.713091488020414,-1.47735154385659,16,"NEFL;DLG1","shrunk_lfc",FALSE
"REACTOME_DISEASES_OF_PROGRAMMED_CELL_DEATH",0.117043121149897,0.73437219328184,0.186432558434075,0.483364940955817,1.30064747936783,65,"H3C4;PRDX1;SOD2;CAPN1;FOXO3;BCL2L11;H2BC21;H2BC5;CAPN2;MLKL;H2AC19","shrunk_lfc",FALSE
"REACTOME_PTEN_REGULATION",0.117241379310345,0.73437219328184,0.197822021315103,0.427451610289822,1.24157115420067,123,"MAPK1;SNAI2;AKT3;USP7;NEDD4;RPS27A;HDAC5;EGR1;MECOM;PHC3;AGO4;RCOR1;TNRC6A;PHC1;TNKS2;GATAD2A;CHD3;PTEN;HDAC7;AGO1;TNKS;AGO2;RRAGD;CSNK2A1;PSMD7;AGO3;PSMD14","shrunk_lfc",FALSE
"REACTOME_FOXO_MEDIATED_TRANSCRIPTION_OF_CELL_DEATH_GENES",0.117760617760618,0.73437219328184,0.179782316298324,0.651931628895053,1.35640116671335,15,"CITED2;FOXO3;BCL2L11;DDIT3;BCL6","shrunk_lfc",FALSE
"REACTOME_CELLULAR_RESPONSE_TO_CHEMICAL_STRESS",0.118686868686869,0.73437219328184,0.206587922696891,0.415003237348444,1.23060448452384,171,"EGF;SLC7A11;PPARA;GSK3B;AKT3;TBL1X;PRDX1;RPS27A;SOD2;ERO1A;UFD1;TXNIP;TXNRD1;SRXN1;NCOA1;FBXL17;GCLC;CAT;BACH1;ABCF2;SQSTM1;CHD6;MAFK;IDH1;NCOA2;ATP7A;CSNK2A1;RELA;PSMD7;MED1;MYC;PSMD14;NCOA6;RXRA;BLVRA;SIN3A","shrunk_lfc",FALSE
"REACTOME_SYNTHESIS_OF_BILE_ACIDS_AND_BILE_SALTS",0.120689655172414,0.73437219328184,0.176694268938498,0.591540724704636,1.35991295213801,24,"CYP27A1;OSBPL1A;NCOA1;OSBPL6;NCOA2;RXRA;OSBPL9;OSBPL3;SCP2;AMACR;CYP46A1;HSD3B7;HSD17B4","shrunk_lfc",FALSE
"REACTOME_SARS_COV_1_HOST_INTERACTIONS",0.120879120879121,0.73437219328184,0.172324344900946,-0.58703697805788,-1.39369955272443,89,"BST2;SFN;IFIH1;RIGI;KPNA2;STING1;PPIB;PPIA;NPIPB3;KPNB1;FKBP1A","shrunk_lfc",FALSE
"REACTOME_GENE_AND_PROTEIN_EXPRESSION_BY_JAK_STAT_SIGNALING_AFTER_INTERLEUKIN_12_STIMULATION",0.120982986767486,0.73437219328184,0.175204047558551,0.542628119293921,1.32062083334713,33,"LCP1;SOD2;TCP1;RALA;MSN;RAP1B;RPLP0","shrunk_lfc",FALSE
"REACTOME_POSITIVE_EPIGENETIC_REGULATION_OF_RRNA_EXPRESSION",0.122153209109731,0.73437219328184,0.183023938384487,0.466453246863372,1.26910018980424,70,"H3C4;GSK3B;GATAD2A;H2BC21;H2BC5;CHD3;SMARCA5;TAF1D;H2AC19;POLR1A;TAF1A;DEK;POLR1E;ERCC6;RBBP7;KAT2A;H2BC4","shrunk_lfc",FALSE
"REACTOME_SARS_COV_1_INFECTION",0.122377622377622,0.73437219328184,0.166933848713193,-0.537772647203213,-1.34005572881847,129,"BST2;SFN;PARP9;IFIH1;RIGI;PARP14;KPNA2;PARP10;STING1;DDX5;ST3GAL2;PPIB;PPIA;NPIPB3;KPNB1;GANAB;FKBP1A;CHMP3;NMI;PIK3R4;VHL;PRKCSH","shrunk_lfc",FALSE
"REACTOME_REGULATION_OF_T_CELL_ACTIVATION_BY_CD28_FAMILY",0.122762148337596,0.73437219328184,0.204294756516886,0.403600547998786,1.21331942561016,196,"H3C4;FOSB;CD274;GSK3B;YES1;PAK3;AKT3;PAK1;RPS27A;PRKAG2;CCND1;AGO4;ATF3;PTPN11;TNRC6A;SEL1L;PPP2R5D;H2BC21;RICTOR;H2BC5;JUND;GRB2;DERL1;PDCD1LG2;AGO1;H2AC19;AGO2;OSTC;DAD1;PPP2CA;CSNK2A1;RELA;PSMD7;AGO3;MYC;PSMD14;TCF7","shrunk_lfc",FALSE
"REACTOME_SENSORY_PROCESSING_OF_SOUND",0.12280701754386,0.73437219328184,0.176694268938498,0.496757332611238,1.28797551159864,50,"ATP2B1;MPP1;EZR;TWF1;CTBP2;MSN;SPTBN1;CHRNA9;ACTG1;EPS8;EPB41L1;RDX;KCNMA1","shrunk_lfc",FALSE
"REACTOME_SYNTHESIS_OF_IP3_AND_IP4_IN_THE_CYTOSOL",0.122840690978887,0.73437219328184,0.175204047558551,0.610860765570101,1.36235273003425,21,"PLCE1;OCRL;PTEN;ITPKB;CALM1;PLCB3","shrunk_lfc",FALSE
"REACTOME_HS_GAG_DEGRADATION",0.123173277661795,0.73437219328184,0.183023938384487,-0.716749716952445,-1.48969059845578,18,"HSPG2;SDC3;GPC1;AGRN;IDS","shrunk_lfc",FALSE
"REACTOME_NEGATIVE_REGULATION_OF_FGFR3_SIGNALING",0.124760076775432,0.73437219328184,0.173747838999571,0.609300397456208,1.3588727688391,21,"MAPK1;RPS27A;CBL;PTPN11;GRB2;FGF2;PPP2CA;FGF1;SPRY2;SRC","shrunk_lfc",FALSE
"REACTOME_PEPTIDE_LIGAND_BINDING_RECEPTORS",0.12573673870334,0.73437219328184,0.175204047558551,-0.644296599699575,-1.45525583868608,59,"OPRD1;C3;CXCL16;CX3CL1;AGTR1","shrunk_lfc",FALSE
"REACTOME_SIGNALING_BY_PTK6",0.126705653021442,0.73437219328184,0.173747838999571,0.495256540731755,1.28408430947261,50,"EGF;NR3C1;EGFR;EREG;RPS27A;CCND1;CBL;NRG2;CDKN1B;HBEGF","shrunk_lfc",FALSE
"REACTOME_ANTIGEN_PROCESSING_UB_ATP_INDEPENDENT_PROTEASOMAL_DEGRADATION",0.127310061601643,0.73437219328184,0.178219874951973,-0.701869946394248,-1.48250686586792,19,"PSMB8;PSME2;PSMB4;PSMB7;PSMA5;PSMB3;PSMA6;PSMA2;PSMB9;PSMB1;PSMA7;PSMA3;PSMA1;PSMB2","shrunk_lfc",FALSE
"REACTOME_RAC1_GTPASE_CYCLE",0.127403846153846,0.73437219328184,0.193813302725311,0.414843236126958,1.22399190368753,157,"DOCK3;DOCK4;VRK2;BCR;PAK3;FERMT2;PAK6;PAK1;CAV1;JAG1;CDC42BPA;SWAP70;BAIAP2L1;ABI1;NCKAP1;ABL2;GIT1;TRIO;CYFIP2;CDC42EP4;PKN2;SOS2;NGEF;DIAPH3;RACGAP1;ARHGEF6;PKN1;GNA13;IQGAP1;WASF2;ARHGEF7;SYDE2;PREX1","shrunk_lfc",FALSE
"REACTOME_FORMATION_OF_THE_BETA_CATENIN_TCF_TRANSACTIVATING_COMPLEX",0.131048387096774,0.73437219328184,0.173747838999571,0.490458797249289,1.2967571521549,57,"H3C4;CDC73;RUNX3;H2BC21;H2BC5;H2AC19;MYC;TCF7;BCL9","shrunk_lfc",FALSE
"REACTOME_VOLTAGE_GATED_POTASSIUM_CHANNELS",0.131416837782341,0.73437219328184,0.175204047558551,-0.694490160299883,-1.46691910119764,19,"KCNA2","shrunk_lfc",FALSE
"REACTOME_HEMOSTASIS",0.131832797427653,0.73437219328184,0.222056046145248,0.362182588338812,1.18157699741521,420,"H3C4;EGF;TNFRSF10A;DOCK3;MMP1;PLAT;SLC7A11;DOCK4;TNFRSF10D;SERPINE1;P2RY1;TIMP3;MGLL;PHACTR2;MAPK1;ITGA1;GNG2;YES1;ATP2B1;RAD51B;PDGFB;DGKH;TAGLN2;THBS1;CAV1;GATA2;HABP4;GNG11;AK3;PROCR;GUCY1B1;ITGA6;CD9;VTI1B;ACTN1;PLAU;RCOR1;MAPK14;PRKCA;PTK2;PTPN11;ITPR3;LRP8;ITGA5;RAB5A;SDC1;SLC16A3;RAC2;F2R;GNB1;PLAUR;GLG1;PPP2R5D;RACGAP1;TMX3;ITGA2;CARMIL1;GNA13;YWHAZ;RAP1B;TGFB1;CD99;TOR4A;GRB2;KIF11;EHD2;ITGA3;TGFB2;KIFAP3;RAP1A;GNG12;SLC16A1;MAFK;CALM1;CABLES1;SOS1;GNB5;ANXA5;PPP2CA;ORAI1;KIF1C;ATP2A3;KIF2A","shrunk_lfc",FALSE
"REACTOME_REGULATION_OF_PTEN_GENE_TRANSCRIPTION",0.13184584178499,0.73437219328184,0.173747838999571,0.486044081337906,1.29568159369321,59,"MAPK1;SNAI2;HDAC5;EGR1;MECOM;PHC3;RCOR1;PHC1;GATAD2A;CHD3;PTEN;HDAC7;RRAGD","shrunk_lfc",FALSE
"REACTOME_DEATH_RECEPTOR_SIGNALING",0.13189448441247,0.73437219328184,0.190023305279108,0.416344623202748,1.21201202210777,140,"TNFRSF10A;TNFRSF10D;TNFAIP3;RPS27A;RIPK2;IRAK1;TRIO;UBE2L3;SOS2;TRAF6;NGEF;USP21;BCL2L11;ARHGEF6;RTN4;GNA13;SQSTM1;UBE2D3;BIRC2;CYLD;PSENEN;ARHGEF7;ARHGEF26;RTN4R;PREX1;SOS1;OPTN;RELA;MAP3K7;MAPK8","shrunk_lfc",FALSE
"REACTOME_SIGNALING_BY_NUCLEAR_RECEPTORS",0.132124352331606,0.73437219328184,0.197822021315103,0.392007629865367,1.19436842846261,219,"H3C4;EGF;FOSB;MAPK1;GNG2;CAV2;AKT3;NRIP1;TBL1X;CAV1;EGFR;EREG;GNG11;CCND1;RDH10;ALDH1A3;POLR2A;AGO4;HSP90AA1;PTK2;FOXO3;SMC1A;KDM1B;SPHK1;TNRC6A;STAG2;SMC3;NCOA1;KDM3A;GNB1;EBAG9;MMP2;SDR16C5;H2BC21;TGFA;H2BC5;CDKN1B;HBEGF;ABCA1;JUND;XPO1;GNG12;AGO1;H2AC19;PTGES3;FKBP5;FKBP4;CALM1;AGO2;NCOA2;GNB5;AGO3;MED1;RARA;MYC;EEPD1;RXRA","shrunk_lfc",FALSE
"REACTOME_P75_NTR_RECEPTOR_MEDIATED_SIGNALLING",0.132762312633833,0.73437219328184,0.178219874951973,0.451515185868528,1.25035729600782,86,"RPS27A;RIPK2;IRAK1;TRIO;SOS2;TRAF6;NGEF;BCL2L11;ARHGEF6;RTN4;GNA13;SQSTM1;PSENEN;ARHGEF7;ARHGEF26;RTN4R;PREX1;SOS1;RELA;MAPK8","shrunk_lfc",FALSE
"REACTOME_CASPASE_ACTIVATION_VIA_EXTRINSIC_APOPTOTIC_SIGNALLING_PATHWAY",0.132947976878613,0.73437219328184,0.16823816568964,0.596938791079945,1.33891979915248,22,"TNFRSF10A;APPL1","shrunk_lfc",FALSE
"REACTOME_REGULATION_OF_BETA_CELL_DEVELOPMENT",0.132947976878613,0.73437219328184,0.16823816568964,0.596892354305872,1.33881564255026,22,"HES1;AKT3;PAX6","shrunk_lfc",FALSE
"REACTOME_SIGNALING_BY_NTRKS",0.133786848072562,0.73437219328184,0.183023938384487,0.422560194325701,1.22259661585665,119,"DOCK3;CRKL;FOSB;MAPK1;ID1;MEF2A;TRIB1;EGR1;RALA;DUSP7;MAPK14;JUNB;FURIN;RPS6KA1;PTPN11;SGK1;KIDINS220;IRS1;PPP2R5D;BDNF;JUND;GRB2;RALB;RAP1A;SOS1;CLTC;PPP2CA;NAB2","shrunk_lfc",FALSE
"REACTOME_RHO_GTPASES_ACTIVATE_PAKS",0.133980582524272,0.73437219328184,0.16823816568964,0.617294415122332,1.35796429556569,20,"PAK3;MYLK;PAK1","shrunk_lfc",FALSE
"REACTOME_GAP_JUNCTION_ASSEMBLY",0.134575569358178,0.73437219328184,0.173747838999571,-0.693728394150873,-1.44023683348229,17,"TUBB4A;TUBB3;TUBA1C;TUBA1B;TUBA1A;TUBB4B;TUBB2A","shrunk_lfc",FALSE
"REACTOME_GPCR_LIGAND_BINDING",0.13481228668942,0.73437219328184,0.156312403073186,-0.513492450739037,-1.31615692318495,157,"OPRD1;CMKLR1;CHRM3;CALCRL;LTB4R;GNG7;C3;FZD1;CXCL16;CX3CL1;FZD7;GNB4;AGTR1;FZD8;ADM2","shrunk_lfc",FALSE
"REACTOME_TRANSCRIPTIONAL_REGULATION_BY_RUNX1",0.136476426799007,0.739545035272109,0.190023305279108,0.409655923453464,1.20555250666914,166,"H3C4;LIFR;SOCS4;THBS1;GATA2;AUTS2;RPS27A;CCND1;PHC3;AGO4;PCGF5;PTPN11;TNRC6A;PHC1;ITCH;H2BC21;H2BC5;ELF1;HIPK2;TJP1;AGO1;H2AC19;AGO2;CSNK2A1;PSMD7;AGO3;PSMD14;SIN3A;CTSL","shrunk_lfc",FALSE
"REACTOME_REGULATION_OF_PD_L1_CD274_TRANSCRIPTION",0.137577002053388,0.741626026694045,0.170932335370056,0.464288529001182,1.24931631108923,65,"H3C4;FOSB;CD274;ATF3;H2BC21;H2BC5;JUND;H2AC19;RELA;MYC;TCF7","shrunk_lfc",FALSE
"REACTOME_CO_STIMULATION_BY_CD28",0.138783269961977,0.743310552530986,0.163180127180689,0.516406528085837,1.28191083178515,38,"YES1;PAK3;AKT3;PAK1;PPP2R5D;RICTOR;GRB2;PPP2CA;PPP2R5B;PPP2R5E;SRC","shrunk_lfc",FALSE
"REACTOME_SRP_DEPENDENT_COTRANSLATIONAL_PROTEIN_TARGETING_TO_MEMBRANE",0.139325842696629,0.743310552530986,0.178219874951973,0.427072407329455,1.20864822520843,109,"RPS27A;SRP72;RPS3A;SRPRB;SSR1;RPL9;RPL7;RPLP0;RPS15A;RPL23;RPS7;RPS13;RPS17;RPL39;RPS23;RPLP2;RPS11;RPL5;RPL22;RPL17;RPS10;RPL27A;RPS21;RPS25;TRAM1;RPS29;RPL11;RPL34;SRP68;RPS18;RPS27L;RPL27;RPS3;RPL26;RPS20;SRP54;RPS12;RPL30;RPS27;RPL18A;RPS19;RPS6;RPS2;RPL4;RPS14;RPL39L;RPL13;RPN1;RPL21;RPS4X;RPL31;RPS8;RPS16","shrunk_lfc",FALSE
"REACTOME_SIGNALLING_TO_ERKS",0.140417457305503,0.74529265800613,0.161978948883402,0.549805513002269,1.31260804856349,31,"CRKL;MAPK1;RALA;MAPK14;KIDINS220;GRB2;RALB;RAP1A;SOS1","shrunk_lfc",FALSE
"REACTOME_INTERLEUKIN_7_SIGNALING",0.142581888246628,0.746753246753247,0.161978948883402,0.589914772382857,1.32316508888121,22,"H3C4","shrunk_lfc",FALSE
"REACTOME_DEFECTIVE_B4GALT7_CAUSES_EDS_PROGEROID_TYPE",0.142857142857143,0.746753246753247,0.16823816568964,-0.681791362623872,-1.41545458061131,17,"HSPG2;SDC3;GPC1;AGRN;BGN","shrunk_lfc",FALSE
"REACTOME_DENGUE_VIRUS_GENOME_TRANSLATION_AND_REPLICATION",0.142857142857143,0.746753246753247,0.166933848713193,0.448594189823987,1.24420104731494,77,"HSPA1B;RPS27A;KPNA5;XRN1;UFD1;BAG2;P4HA1;HSPA1A;KPNA1;HSPA8;IPO7;RTN3;DNAJC10;KPNA3;SUN2;XPO1;P4HA2;OSTC;RRBP1;DAD1;DNAJC3;CANX;HDLBP;BTF3;EIF4E3;MAGT1;EIF4E;EIF4G2;MAP1LC3B;EIF4A2","shrunk_lfc",FALSE
"REACTOME_RHO_GTPASES_ACTIVATE_PKNS",0.144268774703557,0.749164810690423,0.163180127180689,0.483690050144362,1.26670706885835,54,"H3C4;PAK1;AR;PKN2;H2BC21;H2BC5;PKN1;YWHAZ;H2AC19;NCOA2","shrunk_lfc",FALSE
"REACTOME_HATS_ACETYLATE_HISTONES",0.144766146993318,0.749164810690423,0.173747838999571,0.432531782618619,1.21351427948661,103,"H3C4;PHF20;JADE2;TAF10;NCOA1;H2BC21;TAF5L;JADE3;H2BC5;KAT14;MSL3;TADA2A;SAP130;H2AC19;MSL2;MORF4L2;NCOA2;MSL1;KAT6A","shrunk_lfc",FALSE
"REACTOME_AGGREPHAGY",0.145877378435518,0.750300463572369,0.16823816568964,-0.656889682026315,-1.42148331345986,33,"DYNC1I1;TUBB4A;TUBB3;TUBA1C;TUBA1B;TUBA1A;DYNLL1;UBE2V1;TUBB4B;UBE2N;TUBB2A;VCP;UBB;HDAC6","shrunk_lfc",FALSE
"REACTOME_RESPIRATORY_SYNCYTIAL_VIRUS_RSV_GENOME_REPLICATION_TRANSCRIPTION_AND_TRANSLATION",0.146435452793834,0.750300463572369,0.159646701919906,0.624119157990953,1.34664633326929,17,"PPP1CC;HSP90AA1;FURIN;HSPA8;XPO1;CSNK2A1","shrunk_lfc",FALSE
"REACTOME_SEALING_OF_THE_NUCLEAR_ENVELOPE_NE_BY_ESCRT_III",0.150313152400835,0.762837608495369,0.16440575583821,-0.66280535363806,-1.43425586686469,23,"TUBB4A;SPAST;TUBB3;TUBA1C;TUBA1B;TUBA1A;CHMP3;TUBB4B;TUBB2A;CHMP4A;LEMD2;CC2D1B;TUBB6;CHMP2B","shrunk_lfc",FALSE
"REACTOME_EPHA_MEDIATED_GROWTH_CONE_COLLAPSE",0.151051625239006,0.762837608495369,0.156312403073186,0.578968782746661,1.31100273841587,23,"YES1;ROCK2;ROCK1;NGEF","shrunk_lfc",FALSE
"REACTOME_RUNX1_REGULATES_GENES_INVOLVED_IN_MEGAKARYOCYTE_DIFFERENTIATION_AND_PLATELET_FUNCTION",0.151093439363817,0.762837608495369,0.159646701919906,0.482508769013822,1.26805987120146,55,"H3C4;THBS1;AGO4;TNRC6A;H2BC21;H2BC5;AGO1;H2AC19;AGO3;SIN3A","shrunk_lfc",FALSE
"REACTOME_ANTIMICROBIAL_MECHANISM_OF_IFN_STIMULATED_GENES",0.152542372881356,0.764226174849042,0.14551614609036,-0.50064672091413,-1.28539159095415,154,"IFIT1;OAS1;SFN;OASL;MX1;UBA7;TUBB4A;ISG15;RIGI;OAS2;KPNA2;NUP210;TUBB3;STAT1;STAT3;TUBA1C;TP53;TUBA1B;OAS3;FANCA;TUBA1A;UBE2L6;ADAR;TPR;KPNB1;EIF4A1;GBP5;ACTB;TUBB4B","shrunk_lfc",FALSE
"REACTOME_G_PROTEIN_BETA_GAMMA_SIGNALLING",0.153256704980843,0.764226174849042,0.155241966228839,0.568748578409655,1.30751531718389,24,"GNG2;AKT3;PAK1;GNG11;GNB1;ARHGEF6;GNG12;GNB5;PLCB3","shrunk_lfc",FALSE
"REACTOME_METABOLISM_OF_VITAMINS_AND_COFACTORS",0.15358361774744,0.764226174849042,0.14551614609036,-0.498379840387634,-1.2776546459602,158,"NNMT;HSPG2;SDC3;PARP9;PARP14;GPC1;APOE;MCCC2;AGRN;PARP10;COQ8A;PC;MTHFD2;ABCD4;PTS;MMACHC;SLC46A1;SLC25A51;NAXE;VKORC1;MOCS1;SDC2;PDSS2;DCAKD;NAPRT;LRAT;SLC25A32;MCCC1;PDZD11;MMAB;COQ4;RDH11;GCHFR;SHMT2;COQ8B;CUBN;NT5E;SLC52A2","shrunk_lfc",FALSE
"REACTOME_COPI_INDEPENDENT_GOLGI_TO_ER_RETROGRADE_TRAFFIC",0.155737704918033,0.768716577540107,0.159646701919906,-0.64125809224456,-1.43326877635657,44,"DYNC1I1;RAB6B;TUBB4A;TUBB3;TUBA1C;TUBA1B;TUBA1A;DYNLL1;TUBB4B;PLA2G6;TUBB2A;DCTN6","shrunk_lfc",FALSE
"REACTOME_SENSORY_PROCESSING_OF_SOUND_BY_OUTER_HAIR_CELLS_OF_THE_COCHLEA",0.156190476190476,0.768716577540107,0.153158808683073,0.523214902541386,1.27312912852908,34,"MPP1;EZR;TWF1;MSN;SPTBN1;CHRNA9;ACTG1;EPS8;EPB41L1;RDX;KCNMA1","shrunk_lfc",FALSE
"REACTOME_MAP3K8_TPL2_DEPENDENT_MAPK1_3_ACTIVATION",0.158607350096712,0.768716577540107,0.153158808683073,0.618558600274592,1.3145491085328,16,"RPS27A;FBXW11;TNIP2;MAP2K4;SKP1;MAP2K1;BTRC","shrunk_lfc",FALSE
"REACTOME_NR1H2_AND_NR1H3_MEDIATED_SIGNALING",0.159663865546218,0.768716577540107,0.159646701919906,-0.636293575637671,-1.40000809406391,38,"APOD;ARL4C;APOE;TNRC6B","shrunk_lfc",FALSE
"REACTOME_MUSCLE_CONTRACTION",0.162162162162162,0.768716577540107,0.16440575583821,0.415463839505486,1.19370649405347,115,"TMOD2;ITGA1;CACNG7;ITGB5;ATP2B1;MYLK;KCNK1;KCND3;PAK1;ANXA1;GUCY1B1;CAMK2G;ITPR3;TRPC1;HIPK2;AHCYL1;CALM1;ORAI1;CALD1;ATP2A3","shrunk_lfc",FALSE
"REACTOME_NEUREXINS_AND_NEUROLIGINS",0.162213740458015,0.768716577540107,0.150169802128406,0.49586402587314,1.24443360326199,41,"LIN7A;PDLIM5;NRXN3;EPB41L2;EPB41L5;NLGN1;EPB41L1;GRM1;NLGN4X;SYT1;HOMER2","shrunk_lfc",FALSE
"REACTOME_GLYCOSAMINOGLYCAN_PROTEIN_LINKAGE_REGION_BIOSYNTHESIS",0.162839248434238,0.768716577540107,0.157402899305283,-0.651365508280193,-1.40950098938748,23,"HSPG2;SDC3;GPC1;AGRN;BGN","shrunk_lfc",FALSE
"REACTOME_IMMUNOREGULATORY_INTERACTIONS_BETWEEN_A_LYMPHOID_AND_A_NON_LYMPHOID_CELL",0.165983606557377,0.768716577540107,0.154190966581424,-0.626075867627627,-1.39933515623972,44,"IFITM1;HLA-B;C3;CXADR;HLA-C;HLA-F;NPDC1;HLA-A;HLA-E;ITGB1","shrunk_lfc",FALSE
"REACTOME_FLT3_SIGNALING_IN_DISEASE",0.166344294003868,0.768716577540107,0.149207542435322,0.552932176493817,1.29131771993159,26,"RPS27A;CBL;PTPN11;SPTBN1;GRB2;GAB2;STAT5B;SOS1;PIM1;GOLGB1","shrunk_lfc",FALSE
"REACTOME_RHOBTB_GTPASE_CYCLE",0.166986564299424,0.768716577540107,0.148261500475107,0.518175642209795,1.26644927065572,35,"RHOBTB1;ROCK2;COPS4;TWF1;ACTN1;PHIP;HSP90AA1;MYO6;ROCK1;ACTG1;COPS2;DBN1;CUL3;PDE5A","shrunk_lfc",FALSE
"REACTOME_EGR2_AND_SOX10_MEDIATED_INITIATION_OF_SCHWANN_CELL_MYELINATION",0.16875,0.768716577540107,0.154190966581424,-0.643374301279558,-1.39356475169747,24,"POU3F2;ADGRV1;SCD5;EGR2;LAMC1;DAG1;PMP22","shrunk_lfc",FALSE
"REACTOME_CLASS_B_2_SECRETIN_FAMILY_RECEPTORS",0.169590643274854,0.768716577540107,0.148261500475107,0.474984480898797,1.23152360242222,50,"FZD4;FZD3;GNG2;CD55;PTHLH;WNT3;GNG11;SMO;WNT5A;GNB1","shrunk_lfc",FALSE
"REACTOME_RESPIRATORY_SYNCYTIAL_VIRUS_RSV_ATTACHMENT_AND_ENTRY",0.170431211498973,0.768716577540107,0.152144922367565,-0.643043461161917,-1.36508676481196,20,"HSPG2;SDC3;GPC1;AGRN","shrunk_lfc",FALSE
"REACTOME_METABOLISM_OF_FAT_SOLUBLE_VITAMINS",0.171548117154812,0.768716577540107,0.153158808683073,-0.630926836046991,-1.36210139132936,32,"HSPG2;SDC3;GPC1;APOE;AGRN","shrunk_lfc",FALSE
"REACTOME_NEGATIVE_REGULATION_OF_FGFR1_SIGNALING",0.17274472168906,0.768716577540107,0.14551614609036,0.575826672289147,1.2842190614215,21,"MAPK1;RPS27A;CBL;PTPN11;GRB2;FGF2;PPP2CA;FGF1;SPRY2;SRC","shrunk_lfc",FALSE
"REACTOME_NGF_STIMULATED_TRANSCRIPTION",0.173333333333333,0.768716577540107,0.144630528034484,0.513090144794268,1.24849274308871,34,"FOSB;ID1;TRIB1;EGR1;JUNB;SGK1;JUND;NAB2;MEF2D;CREB1;EGR3;SRF;ARC;TCF12","shrunk_lfc",FALSE
"REACTOME_RHOH_GTPASE_CYCLE",0.173664122137405,0.768716577540107,0.144630528034484,0.521496331575504,1.25220742807678,32,"PAK6;PAK1;CAV1;ROCK2;UACA;JUP;ROCK1;FAM91A1;MTR;TMEM59;DBN1;DBT","shrunk_lfc",FALSE
"REACTOME_RHOBTB1_GTPASE_CYCLE",0.175908221797323,0.768716577540107,0.143758989039275,0.561112172519821,1.2705686673505,23,"RHOBTB1;ROCK2;COPS4;MYO6;ROCK1;COPS2;DBN1;CUL3;PDE5A","shrunk_lfc",FALSE
"REACTOME_RHO_GTPASES_ACTIVATE_NADPH_OXIDASES",0.176015473887814,0.768716577540107,0.144630528034484,0.611190898186676,1.29889140656681,16,"MAPK1;MAPK14;PRKCA;RAC2","shrunk_lfc",FALSE
"REACTOME_DIFFERENTIATION_OF_KERATINOCYTES_IN_INTERFOLLICULAR_EPIDERMIS_IN_MAMMALIAN_SKIN",0.17658349328215,0.768716577540107,0.143758989039275,0.574046502967637,1.28024889559686,21,"EGF;KRT15;ITGA6","shrunk_lfc",FALSE
"REACTOME_NOTCH1_INTRACELLULAR_DOMAIN_REGULATES_TRANSCRIPTION",0.176817288801572,0.768716577540107,0.14551614609036,0.477812688979281,1.21779157233062,45,"HES1;TBL1X;RPS27A;HDAC5;HDAC9;HDAC11;HDAC7;SNW1;NBEA;MYC","shrunk_lfc",FALSE
"REACTOME_SIGNALING_BY_MET",0.179012345679012,0.768716577540107,0.148261500475107,0.441979750721155,1.19849031114898,69,"CRKL;SPINT1;RPS27A;PTPRJ;EPS15;CBL;COL5A2;PTK2;PTPN11;MET;LAMA4;LAMB1;ITGA2;LAMC3;RAP1B;RANBP9;GRB2;ITGA3;RAP1A;SOS1","shrunk_lfc",FALSE
"REACTOME_THE_ROLE_OF_GTSE1_IN_G2_M_PROGRESSION_AFTER_G2_CHECKPOINT",0.17948717948718,0.768716577540107,0.144630528034484,-0.583078999185072,-1.31371904917633,58,"TUBB4A;GTSE1;TUBB3;TUBA1C;TP53;PLK1;TUBA1B;CCNB1;TUBA1A;PSMC3;PSMB4;TUBB4B;PSMB7;PSMD8;PSMA5;TUBB2A;PSMB3;HSP90AB1;PSMA6;UBB;PSMD6;PSMA2;PSMD13;PSMB1;TUBB6;PSMA7;PSMA3;PSMD1;ADRM1;PSMA1;UBA52;PSMC5","shrunk_lfc",FALSE
"REACTOME_KINESINS",0.18052738336714,0.768716577540107,0.14641623786055,-0.589779941039853,-1.32433188273029,45,"TUBB4A;TUBB3;TUBA1C;TUBA1B;TUBA1A;KIF20B;KIF22;KLC4;TUBB4B;KIF2C;KIF26B;TUBB2A;KIF13B;KIF23;KIF20A;KIF15;KIFC2;KIFC1;KLC1;KIF21A","shrunk_lfc",FALSE
"REACTOME_N_GLYCAN_ANTENNAE_ELONGATION_IN_THE_MEDIAL_TRANS_GOLGI",0.180582524271845,0.768716577540107,0.142901149386948,0.580487055676708,1.26809082144517,19,"FUT8;MGAT5;ST3GAL4;MAN2A2;MAN2A1;B4GALT4;FUCA1;B4GALT6;MGAT4B","shrunk_lfc",FALSE
"REACTOME_PLATELET_HOMEOSTASIS",0.181262729124236,0.768716577540107,0.14641623786055,0.457587117344284,1.22339032905002,60,"GNG2;ATP2B1;GNG11;GUCY1B1;MAPK14;PTPN11;ITPR3;LRP8;GNB1;PPP2R5D;GNG12;CALM1;GNB5;PPP2CA;ORAI1;ATP2A3;KCNMA1;PDE2A;PPP2R5B;ATP2B4;PPP2R5E;ITPR2;PDE5A;PAFAH2","shrunk_lfc",FALSE
"REACTOME_METABOLISM_OF_NITRIC_OXIDE_NOS3_ACTIVATION_AND_REGULATION",0.181818181818182,0.768716577540107,0.142056643575821,0.604689637438521,1.28507504944715,16,"LYPLA1;CAV1;HSP90AA1;DDAH1;CALM1;NMT2;WASL;SPR","shrunk_lfc",FALSE
"REACTOME_INTERLEUKIN_12_SIGNALING",0.183520599250936,0.768716577540107,0.13880510939114,0.493395398267811,1.22819132193436,39,"LCP1;SOD2;TCP1;RALA;MSN;RAP1B;RPLP0","shrunk_lfc",FALSE
"REACTOME_RUNX2_REGULATES_OSTEOBLAST_DIFFERENTIATION",0.184804928131417,0.768716577540107,0.14551614609036,-0.621428683820816,-1.31259686377016,19,"MAF;ABL1;HEY1","shrunk_lfc",FALSE
"REACTOME_EARLY_SARS_COV_2_INFECTION_EVENTS",0.186192468619247,0.768716577540107,0.14641623786055,-0.618424253867912,-1.33510969655848,32,"HSPG2;SDC3;GPC1;AGRN;DDX5;CHMP3;PIK3R4;VHL;SDC2","shrunk_lfc",FALSE
"REACTOME_TRANSLESION_SYNTHESIS_BY_POLK",0.186897880539499,0.768716577540107,0.139599673451922,0.589943818396761,1.27290705581961,17,"POLK;RPS27A;RPA1;RFC1","shrunk_lfc",FALSE
"REACTOME_GOLGI_TO_ER_RETROGRADE_TRANSPORT",0.18716577540107,0.768716577540107,0.133554954557592,-0.516528807501207,-1.26809941779391,117,"DYNC1I1;RAB6B;TUBB4A;TUBB3;TUBA1C;TUBA1B;STX18;SEC22B;TUBA1A;TMED10;DYNLL1;KIF20B;KIF22;COPE;KLC4;NAPA;SURF4;TUBB4B;RAB1B;ARF3;ARFGAP2;PLA2G6;GBF1;KIF2C;KIF26B;TUBB2A;KIF13B;DCTN6;KIF23;KIF20A;KIF15;KIFC2;KIFC1;KLC1;BICD1;KIF21A","shrunk_lfc",FALSE
"REACTOME_REGULATION_OF_HSF1_MEDIATED_HEAT_SHOCK_RESPONSE",0.187242798353909,0.768716577540107,0.144630528034484,0.436425050128457,1.20805135603123,78,"MAPK1;GSK3B;HSPA1B;HSPA4L;NUP58;NUP133;HSPA4;HSPH1;BAG2;NUP50;RPA1;HSPA1A;HSPA8;BAG5;DEDD2;POM121C;FKBP4","shrunk_lfc",FALSE
"REACTOME_BASIGIN_INTERACTIONS",0.188349514563107,0.768716577540107,0.139599673451922,0.561575579640172,1.23539038703571,20,"MMP1;SLC7A11;CAV1;ITGA6;SLC16A3;ITGA3;SLC16A1","shrunk_lfc",FALSE
"REACTOME_NOTCH2_ACTIVATION_AND_TRANSMISSION_OF_SIGNAL_TO_THE_NUCLEUS",0.189583333333333,0.768716577540107,0.144630528034484,-0.61602344291952,-1.33432211166132,24,"CNTN1;NOTCH2NLB;MDK;NEURL1B","shrunk_lfc",FALSE
"REACTOME_SYNTHESIS_OF_ACTIVE_UBIQUITIN_ROLES_OF_E1_AND_E2_ENZYMES",0.190207156308851,0.768716577540107,0.136490437780413,0.524231294098732,1.24983584301698,30,"USP7;UBE2Q2;RPS27A;UBA6;UBE2L3;UBE2H;USP9X;UBE2W","shrunk_lfc",FALSE
"REACTOME_CELL_DEATH_SIGNALLING_VIA_NRAGE_NRIF_AND_NADE",0.191268191268191,0.768716577540107,0.143758989039275,0.441839407090447,1.19026974378775,67,"RPS27A;TRIO;SOS2;TRAF6;NGEF;BCL2L11;ARHGEF6;GNA13;SQSTM1;PSENEN;ARHGEF7;ARHGEF26;PREX1;SOS1;MAPK8;PLEKHG5;ARHGEF3;ARHGEF4;AATF;OBSCN","shrunk_lfc",FALSE
"REACTOME_RHOB_GTPASE_CYCLE",0.191489361702128,0.768716577540107,0.138022242496643,-0.566037595421348,-1.29739668873811,68,"PCDH7;MCAM;RHPN2;DLC1;ARHGEF1;STOM","shrunk_lfc",FALSE
"REACTOME_CHOLESTEROL_BIOSYNTHESIS",0.191752577319588,0.768716577540107,0.142901149386948,-0.606858673243406,-1.30474690494968,26,"DHCR7;SQLE;DHCR24;EBP;PMVK;LBR;LSS;SREBF1;HSD17B7;ARV1;TM7SF2;MSMO1;FDPS","shrunk_lfc",FALSE
"REACTOME_TRANSCRIPTIONAL_REGULATION_OF_BROWN_AND_BEIGE_ADIPOCYTE_DIFFERENTIATION",0.193116634799235,0.768716577540107,0.136490437780413,0.554710004887679,1.25607175569022,23,"DIO2;PPARA;NCOA1;GATAD2A;CHD3;SMAD4;RXRA;PPARGC1A","shrunk_lfc",FALSE
"REACTOME_GAP_JUNCTION_TRAFFICKING_AND_REGULATION",0.193205944798301,0.768716577540107,0.144630528034484,-0.625567928686287,-1.33203190488051,30,"DAB2;TUBB4A;DNM1;TUBB3;TUBA1C;TUBA1B;AP2M1;TUBA1A;ACTB;TUBB4B","shrunk_lfc",FALSE
"REACTOME_RAF_INDEPENDENT_MAPK1_3_ACTIVATION",0.193857965451056,0.768716577540107,0.136490437780413,0.559037717506363,1.24677603074756,21,"MAPK1;DUSP1;DUSP5;DUSP7;PTPN11","shrunk_lfc",FALSE
"REACTOME_MRNA_3_END_PROCESSING",0.193877551020408,0.768716577540107,0.127505315300183,-0.48424161105086,-1.23589724899539,150,"POLR2I;PPP1R10;RBM39;SRSF6;POLR2L;SRRM2;DDX5;SRSF5;ZC3H11A;RBM17;DDX39B;PTBP1;POLR2F;SRSF3;SRSF2;RBM5;SRSF9;RBM8A;SRSF10;FYTTD1;UPF3B;SRRT;RBM25;RBM10;U2AF2;DNAJC8;HNRNPL;HNRNPC;HNRNPA3;SNRPD3;PABPN1;PAPOLG;GTF2F1;FUS;CPSF1;UBB;PUF60;CPSF6;PPP1CB;THOC1;HNRNPA2B1;ALYREF;RBMX;PCBP1;TRA2B;SF3B4;DDX46;SLU7;PHF5A;SF3B5;POLR2H;CSTF2T;HNRNPA1;PPP1CA;POLR2K;THOC7;UBA52;POLDIP3","shrunk_lfc",FALSE
"REACTOME_RHO_GTPASES_ACTIVATE_IQGAPS",0.194154488517745,0.768716577540107,0.142901149386948,-0.615054335909144,-1.33092662103024,23,"TUBB4A;TUBB3;TUBA1C;TUBA1B;TUBA1A;ACTB;TUBB4B;CTNNB1;TUBB2A;MEN1","shrunk_lfc",FALSE
"REACTOME_NCAM1_INTERACTIONS",0.194552529182879,0.768716577540107,0.137250779610133,0.532661373591138,1.23990654888246,27,"ST8SIA4;COL6A2;GFRA1;COL6A1;COL5A2;PRNP;NCAM1","shrunk_lfc",FALSE
"REACTOME_INTERLEUKIN_4_AND_INTERLEUKIN_13_SIGNALING",0.1953125,0.768716577540107,0.137250779610133,-0.558532910452412,-1.27667142635007,77,"OPRD1;RORC;FN1;NOS2;STAT1;STAT3;TP53;HIF1A;TNFRSF1B;FOS;MUC1;ITGB1","shrunk_lfc",FALSE
"REACTOME_INFLUENZA_VIRAL_RNA_TRANSCRIPTION_AND_REPLICATION",0.196261682242991,0.768716577540107,0.151148761385484,0.395810969538806,1.15341864701123,133,"RPS27A;NUP58;NUP133;RPS3A;POLR2A;HSP90AA1;NUP50;RPL9;IPO5;RPL7;RPLP0;RPS15A;RPL23;POM121C;RPS7;RPS13;RPS17;RPL39;RPS23;RPLP2;RPS11;NDC1;RPL5;DNAJC3;RPL22;RPL17;SEC13;RPS10;RPL27A;RPS21;RPS25;NUP160;RPS29;NUP188;NUP43;RPL11;NUP155;RPL34;POLR2D;NUP153;RPS18;RPS27L;RPL27;RPS3;RPL26;RPS20;RPS12;RPL30;RPS27;POLR2E;RPL18A;RPS19;NUP205;RPS6;RPS2;RPL4;RPS14;RPL39L;RPL13;NUP98;RPL21;RPS4X;RPL31;RPS8;RPS16","shrunk_lfc",FALSE
"REACTOME_CELL_EXTRACELLULAR_MATRIX_INTERACTIONS",0.196531791907514,0.768716577540107,0.135740943810425,0.587984533553321,1.26867955580385,17,"FLNC;FERMT2;ACTN1;ARHGEF6;ACTG1","shrunk_lfc",FALSE
"REACTOME_CONSTITUTIVE_SIGNALING_BY_AKT1_E17K_IN_CANCER",0.197292069632495,0.768716577540107,0.135740943810425,0.532597898213879,1.24382904956444,26,"GSK3B;AKT3;NR4A1;FOXO3;RICTOR;CDKN1B","shrunk_lfc",FALSE
"REACTOME_SIGNALING_BY_FGFR4",0.19774011299435,0.768716577540107,0.133554954557592,0.516502440108798,1.2314092461106,30,"MAPK1;RPS27A;CBL;PTPN11;GRB2;FGF2;SOS1;PPP2CA;FGF1;SPRY2;SRC","shrunk_lfc",FALSE
"REACTOME_LDL_CLEARANCE",0.197938144329897,0.768716577540107,0.140406238523342,-0.633634124370893,-1.31273527675702,16,"LSR;NPC2;AP2S1;AP2M1;LIPA","shrunk_lfc",FALSE
"REACTOME_CELL_SURFACE_INTERACTIONS_AT_THE_VASCULAR_WALL",0.198717948717949,0.768716577540107,0.142901149386948,0.432398992847154,1.18736407090081,82,"TNFRSF10A;MMP1;SLC7A11;TNFRSF10D;YES1;CAV1;PROCR;ITGA6;PTPN11;ITGA5;SDC1;SLC16A3;GLG1;TGFB1;CD99;GRB2;ITGA3;SLC16A1;SOS1","shrunk_lfc",FALSE
"REACTOME_FIBRONECTIN_MATRIX_FORMATION",0.200413223140496,0.768716577540107,0.139599673451922,-0.631028836318809,-1.30227985565086,15,"FN1;COL4A5;COL5A1;ITGB1;COL4A2","shrunk_lfc",FALSE
"REACTOME_COMPLEX_III_ASSEMBLY",0.202479338842975,0.768716577540107,0.13880510939114,-0.605190393650324,-1.3162198638388,25,"UQCR11;TTC19;UQCRQ;UQCRFS1;CYC1;UQCC2;UQCRB;UQCR10;FXN","shrunk_lfc",FALSE
"REACTOME_PHASE_0_RAPID_DEPOLARISATION",0.203883495145631,0.768716577540107,0.133554954557592,0.555760704149541,1.22259844674597,20,"CACNG7;CAMK2G;CALM1","shrunk_lfc",FALSE
"REACTOME_SIGNALING_BY_NOTCH3",0.203883495145631,0.768716577540107,0.133554954557592,0.477720621328327,1.19966037243873,42,"EGF;NOTCH3;HES1;EGFR;JAG1;RPS27A;MIB1","shrunk_lfc",FALSE
"REACTOME_RHOD_GTPASE_CYCLE",0.203960396039604,0.768716577540107,0.135002033828631,0.463673215734869,1.1988656292159,51,"VRK2;PAK6;CAV1;LMAN1;TOR1AIP1;AKAP12;ACTN1;DIAPH3;MOSPD2;RACGAP1","shrunk_lfc",FALSE
"REACTOME_RHOC_GTPASE_CYCLE",0.204592901878914,0.768716577540107,0.13880510939114,0.430319586061168,1.17615157591693,72,"BCR;CAV1;LMAN1;ROCK2;ARHGAP18;JUP;PKN2;ROCK1;ACBD5;ANLN;DIAPH3;RACGAP1;PKN1;IQGAP1;SLK;TJP2;ARHGEF28;PREX1;FMNL2;ERBIN;STARD13;FMNL3;DAAM1","shrunk_lfc",FALSE
"REACTOME_SUMOYLATION_OF_TRANSCRIPTION_COFACTORS",0.206225680933852,0.768716577540107,0.132846300606183,0.468383863970269,1.19265410304686,44,"NRIP1;MBD1;PHC3;NCOA1;PHC1;UHRF2;HIPK2;NCOA2;MRTFA;SIN3A;PPARGC1A","shrunk_lfc",FALSE
"REACTOME_CONDENSATION_OF_PROPHASE_CHROMOSOMES",0.206963249516441,0.768716577540107,0.132147260608774,0.485775612104606,1.19850240395352,37,"H3C4;H2BC21;H2BC5;H2AC19","shrunk_lfc",FALSE
"REACTOME_DISEASES_ASSOCIATED_WITH_GLYCOSAMINOGLYCAN_METABOLISM",0.208421052631579,0.768716577540107,0.138022242496643,-0.594414861446303,-1.27754756983541,31,"HSPG2;SDC3;GPC1;AGRN;BGN;CHSY1","shrunk_lfc",FALSE
"REACTOME_NETRIN_1_SIGNALING",0.208421052631579,0.768716577540107,0.138022242496643,-0.595644207418772,-1.28018974462187,31,"ROBO1","shrunk_lfc",FALSE
"REACTOME_P75NTR_SIGNALS_VIA_NF_KB",0.208494208494208,0.768716577540107,0.131457611642763,0.60366606586566,1.25598041229145,15,"RPS27A;RIPK2;IRAK1;TRAF6;SQSTM1;RELA","shrunk_lfc",FALSE
"REACTOME_DAP12_INTERACTIONS",0.208677685950413,0.768716577540107,0.136490437780413,-0.598031428456381,-1.30064993362897,25,"HLA-B;HLA-C;SHC1;HLA-E;PIK3R2","shrunk_lfc",FALSE
"REACTOME_PHASE_II_CONJUGATION_OF_COMPOUNDS",0.209072978303748,0.768716577540107,0.132846300606183,-0.56057296627187,-1.26301133341091,58,"NNMT;MAT2A;HEMK2;MGST1;GSTM2;GSTM4;GSTK1;GSTP1;GGT7","shrunk_lfc",FALSE
"REACTOME_PYROPTOSIS",0.209109730848861,0.768716577540107,0.136490437780413,-0.599503626119781,-1.28417502197159,22,"TP53;CYCS;IRF1;HMGB1;CHMP3;BAX;CHMP4A","shrunk_lfc",FALSE
"REACTOME_CHROMATIN_ORGANIZATION",0.210382513661202,0.768716577540107,0.158514105424824,0.370554306571151,1.12983780428366,235,"H3C4;KDM5A;TBL1X;KDM6B;PHF20;NSD2;CCND1;MECOM;JADE2;RCOR1;KDM6A;KDM1B;TAF10;ARID5B;NSD3;NCOA1;KDM3A;GATAD2A;H2BC21;DOT1L;TAF5L;JADE3;H2BC5;KAT14;MSL3;CHD3;TADA2A;SAP130;H2AC19;MSL2;MORF4L2;NCOA2;PRMT3;RELA;MSL1;KAT6A;ATF7IP;KDM2B;SUDS3;KDM7A;HAT1;SMARCB1;BICRAL;ZZZ3","shrunk_lfc",FALSE
"REACTOME_TP53_REGULATES_TRANSCRIPTION_OF_GENES_INVOLVED_IN_G2_CELL_CYCLE_ARREST",0.210855949895616,0.768716577540107,0.136490437780413,-0.609462772088621,-1.2667057136061,18,"SFN;TP53;CCNB1;AURKA;PRMT1;CDC25C;BAX","shrunk_lfc",FALSE
"REACTOME_TRAF6_MEDIATED_NF_KB_ACTIVATION",0.210855949895616,0.768716577540107,0.136490437780413,-0.592517715785128,-1.28215924241033,23,"IFIH1;RIGI;S100B;HMGB1;NFKBIB;TRAF2;NKIRAS2;AGER","shrunk_lfc",FALSE
"REACTOME_SARS_COV_INFECTIONS",0.211764705882353,0.768716577540107,0.11146266692298,-0.416225054638454,-1.15714622571481,359,"BST2;HSPG2;FXYD6;SFN;SDC3;PARP9;HLA-B;ISG15;IFIH1;RIGI;PARP14;GPC1;KPNA2;IL17RC;NUP210;AGRN;HLA-C;TAB1;STAT1;PARP10;HLA-F;CRBN;GOLGA7;STING1;MBD3;TUBB;HLA-A;MAN1B1;TMEM258;DDX5;AP2S1;VPS18;AP2M1;ST3GAL2;PPIB;KEAP1;PPIA;NPIPB3;TPR;HLA-E;ITGB1;KPNB1;UBE2V1;GANAB;FKBP1A;CHMP3;VPS45;AAAS;NMI;PIK3R4;UBE2N;VHL;STAT2;MTA3;PRKCSH","shrunk_lfc",FALSE
"REACTOME_CROSS_PRESENTATION_OF_SOLUBLE_EXOGENOUS_ANTIGENS_ENDOSOMES",0.21218487394958,0.768716577540107,0.136490437780413,-0.583046344925437,-1.28285061072942,38,"PSMB8;PSME2;PSMC3;PSMB4;MRC2;PSMB7;PSMD8;PSMA5;PSMB3;PSMA6;PSMD6;PSMA2;PSMB9;PSMD13;PSMB1;PSMA7;PSMA3;PSMD1;ADRM1;PSMA1;PSMC5;PSMB2;PSMC1;PSME1","shrunk_lfc",FALSE
"REACTOME_ATTACHMENT_OF_BACTERIA_TO_EPITHELIAL_CELLS",0.213250517598344,0.768716577540107,0.135002033828631,-0.595232734879246,-1.27502650040526,22,"FN1;LAMB2;COL4A5;COL5A1;LAMC1;COL4A2","shrunk_lfc",FALSE
"REACTOME_PHOSPHORYLATED_BMAL1_CLOCK_ARNTL_CLOCK_ACTIVATES_EXPRESSION_OF_CORE_CLOCK_GENES",0.213250517598344,0.768716577540107,0.135002033828631,-0.595266987638124,-1.27509987200047,22,"RORC;CREM;CRTC1;RBM4;NPAS2","shrunk_lfc",FALSE
"REACTOME_REGULATION_OF_ENDOGENOUS_RETROELEMENTS_BY_KRAB_ZFP_PROTEINS",0.213250517598344,0.768716577540107,0.135002033828631,0.430989226803548,1.17261164590023,70,"H3C4;ZNF264;GATAD2A;H2BC21;H2BC5;CHD3;ZNF816;H2AC19","shrunk_lfc",FALSE
"REACTOME_RHOA_GTPASE_CYCLE",0.214285714285714,0.768716577540107,0.122107920287081,-0.48622944591741,-1.21848442914931,133,"PCDH7;PLEKHG3;MCAM;RHPN2;RHPN1;PLD1;DLC1;ARHGEF1;STOM;KTN1;FLOT2;ARAP3;AAAS;PIK3R2;ARHGAP35;ARHGAP39;ATP6AP1;ARHGAP19;ARHGAP1;ARHGAP29","shrunk_lfc",FALSE
"REACTOME_MAPK_FAMILY_SIGNALING_CASCADES",0.214484679665738,0.768716577540107,0.158514105424824,0.367390212240044,1.12391874576328,250,"EGF;MAPK1;DUSP1;PAK3;DUSP5;PDGFB;LYPLA1;PAK1;EGFR;EREG;RPS27A;GFRA1;PPP1CC;RGL1;SPTBN2;CAMK2G;AGO4;DUSP7;PTK2;FOXO3;PTPN11;TNRC6A;MET;NRG2;NCAM1;SPTBN1;MMP2;SPRED2;IRS1;PPP2R5D;TGFA;RASAL2;MARK3;HBEGF;RAP1B;IQGAP1;MAPK6;IL17RD;RANBP9;GRB2;CDC14B;ACTG1;FGF2;PAQR3;MMP10;XPO1;RAP1A;AGO1;CALM1;RASA1;SOS1;ARL2;AGO2;ICMT;RASA4;PPP2CA;PSMD7;AGO3;RASA3;MYC;PSMD14","shrunk_lfc",FALSE
"REACTOME_NEURONAL_SYSTEM",0.215267175572519,0.768716577540107,0.112843355675562,-0.436592067751256,-1.17862547652613,259,"SLITRK2;KCNA2;NEFL;GRIK2;GNG7;TUBB4A;KPNA2;TUBB3;TUBA1C;DLG1;TUBA1B;VAMP2;MDM2;AP2S1;AP2M1;GNB4;TUBA1A;KCNH2;RPS6KA6","shrunk_lfc",FALSE
"REACTOME_RHO_GTPASES_ACTIVATE_FORMINS",0.215411558669002,0.768716577540107,0.122107920287081,-0.48841680732135,-1.21597483910055,130,"DYNC1I1;TUBB4A;CENPA;TUBB3;RCC2;TUBA1C;PLK1;PFN2;TUBA1B;CDCA8;CLASP1;MAD1L1;PFN1;CENPL;TUBA1A;CENPF;DYNLL1;SGO1;ZWINT;CENPT;ITGB1;EVL;ACTB;TUBB4B;CENPM;PPP2R5C;SRGAP2;KIF2C;PPP2R1A;TUBB2A;PMF1;KNL1;BIRC5;AURKB;NUF2;INCENP;SPC24;NUP85;CENPK;DVL3;SPC25;SKA2","shrunk_lfc",FALSE
"REACTOME_CHONDROITIN_SULFATE_DERMATAN_SULFATE_METABOLISM",0.215644820295983,0.768716577540107,0.135740943810425,-0.596487924345578,-1.26111559944866,29,"CHSY3;CHST15;CHPF2;BGN;CHSY1;IDS","shrunk_lfc",FALSE
"REACTOME_LISTERIA_MONOCYTOGENES_ENTRY_INTO_HOST_CELLS",0.215799614643545,0.768716577540107,0.128788713061714,0.578970604139876,1.24923042523712,17,"RPS27A;EPS15;CBL;MET;CBLL1;GRB2","shrunk_lfc",FALSE
"REACTOME_COMPLEX_I_BIOGENESIS",0.216634429400387,0.768716577540107,0.128788713061714,-0.547441818175308,-1.25477390180897,68,"NDUFB1;ACAD9;NDUFA13;NDUFV3;NDUFA11;NDUFA3;NDUFS7;NDUFS5;OXA1L;NDUFA7;NDUFS2;NDUFV1;NDUFB5;NDUFA6;NDUFAF3;NDUFB7;NDUFS6;NDUFB8;SFXN4;NDUFC1;NDUFAF6;NDUFB11;MT-ND6;NDUFV2;NDUFAF8;NDUFB6;NDUFB9;NDUFA9;NDUFB2;NDUFA1;DMAC1;HSPA9","shrunk_lfc",FALSE
"REACTOME_SLC_MEDIATED_TRANSPORT_OF_ORGANIC_ANIONS",0.216634429400387,0.768716577540107,0.128788713061714,0.583507015947342,1.2400581404829,16,"SLCO1B3;SLC25A1;SLC16A3;SLC17A5;SLC16A2;SLC44A1;SLC16A1","shrunk_lfc",FALSE
"REACTOME_RUNX2_REGULATES_BONE_DEVELOPMENT",0.216942148760331,0.768716577540107,0.133554954557592,-0.590717835076035,-1.28474370480536,25,"MAF;ABL1;RBM14;HEY1","shrunk_lfc",FALSE
"REACTOME_SYNTHESIS_OF_PIPS_AT_THE_GOLGI_MEMBRANE",0.218146718146718,0.768716577540107,0.128142916898415,0.59809654887729,1.24439254171388,15,"PI4KA;PIKFYVE;OCRL;VAC14;PIK3C3;PI4K2B","shrunk_lfc",FALSE
"REACTOME_NRAGE_SIGNALS_DEATH_THROUGH_JNK",0.218323586744639,0.768716577540107,0.128788713061714,0.458218767072233,1.18805403000629,50,"TRIO;SOS2;NGEF;BCL2L11;ARHGEF6;GNA13;ARHGEF7;ARHGEF26;PREX1;SOS1;MAPK8;PLEKHG5;ARHGEF3;ARHGEF4;AATF;OBSCN;ARHGEF37;ITSN1;TIAM1;ARHGEF40;VAV2;BAD","shrunk_lfc",FALSE
"REACTOME_SPHINGOLIPID_DE_NOVO_BIOSYNTHESIS",0.219465648854962,0.768716577540107,0.126875729929857,0.503190468876784,1.20825172626113,32,"CERT1;PPM1L;SPHK1;DEGS1;PRKD3;KDSR;PRKD2;SAMD8;SGMS1","shrunk_lfc",FALSE
"REACTOME_MRNA_SPLICING",0.220421393841167,0.768716577540107,0.115240003147781,-0.447509843552856,-1.18206695674678,211,"ZNF830;LSM8;POLR2I;RBM39;SRSF6;ACIN1;POLR2L;SRRM2;DDX5;PRPF38A;BUD31;SRSF5;BCAS2;RBM17;CCDC12;DDX39B;PTBP1;POLR2F;SRSF3;SF1;SRSF2;NSRP1;RBM5;SRSF9;RBM8A;SRSF10;UPF3B;SRRT;RBM25;SNRNP27;RBM10;FAM32A;U2AF2;DNAJC8;YJU2;HNRNPL;HNRNPC;DHX35;PPWD1;HNRNPA3;SNRPD3;SNRNP40;GTF2F1;FUS;PUF60;STEEP1;LSM7;LSM4;RBMX2;PQBP1;MTREX;HNRNPA2B1;PRCC;CWC15;LSM3;SDE2;ALYREF;PPIG;RBMX;RBM7;PCBP1;TRA2B;SF3B4;DDX46;SLU7;PHF5A;EFTUD2;SF3B5;POLR2H;WBP4;XAB2;HNRNPA1","shrunk_lfc",FALSE
"REACTOME_BBSOME_MEDIATED_CARGO_TARGETING_TO_CILIUM",0.221579961464355,0.768716577540107,0.126875729929857,0.543582357872244,1.21924256272309,22,"BBS7;TCP1;SMO;CCT4","shrunk_lfc",FALSE
"REACTOME_EPH_EPHRIN_SIGNALING",0.222929936305732,0.768716577540107,0.133554954557592,0.418406790154617,1.14891181674381,81,"YES1;PAK3;PAK1;SDCBP;ROCK2;ARPC5;PTK2;GIT1;ROCK1;MMP2;NGEF;ADAM10;ACTR3;CLTB;ARHGEF28;ACTG1;PSENEN;ACTR2;ARHGEF7;RASA1;CLTC","shrunk_lfc",FALSE
"REACTOME_ACTIVATED_NOTCH1_TRANSMITS_SIGNAL_TO_THE_NUCLEUS",0.224101479915433,0.768716577540107,0.132846300606183,-0.591500034010469,-1.25057002752137,29,"CNTN1;DNER;ARRB1;NEURL1B","shrunk_lfc",FALSE
"REACTOME_NON_INTEGRIN_MEMBRANE_ECM_INTERACTIONS",0.225242718446602,0.768716577540107,0.126253987849115,-0.541417449112193,-1.23639972092797,66,"HSPG2;SNTB1;FN1;SDC3;TNC;DMD;AGRN;LAMB2;COL4A5;DTNB;COL5A1;ITGAV;LAMC1;DAG1;ITGB1;COL4A2;ACTB;TRAPPC4","shrunk_lfc",FALSE
"REACTOME_RNA_POLYMERASE_I_PROMOTER_ESCAPE",0.226640159045726,0.768716577540107,0.127505315300183,0.448502489988983,1.17868947926348,55,"H3C4;H2BC21;H2BC5;TAF1D;H2AC19;POLR1A;TAF1A;POLR1E;CDK7;ERCC3;H2BC4;GTF2H2","shrunk_lfc",FALSE
"REACTOME_POLO_LIKE_KINASE_MEDIATED_EVENTS",0.22680412371134,0.768716577540107,0.130105630751129,-0.603561694374939,-1.25043254053257,16,"PLK1;CCNB1;MYBL2;CENPF;LIN9;CDC25C","shrunk_lfc",FALSE
"REACTOME_ACTIVATION_OF_ANTERIOR_HOX_GENES_IN_HINDBRAIN_DEVELOPMENT_DURING_EARLY_EMBRYOGENESIS",0.227368421052632,0.768716577540107,0.131457611642763,0.417362664011043,1.14665604922336,80,"H3C4;PAX6;POLR2A;KDM6A;MEIS1;H2BC21;H2BC5;H2AC19;RARA;NCOA6;RXRA;NCOA3;HOXA4;CNOT9;RBBP7;H2BC4;POLR2D;PAXIP1","shrunk_lfc",FALSE
"REACTOME_TCR_SIGNALING",0.229166666666667,0.768716577540107,0.130105630751129,0.414773382236669,1.14531094279513,79,"PAK3;PAK1;RPS27A;PAG1;RIPK2;PTPRJ;FBXW11;TRAF6;MALT1;PTEN;ENAH;RELA;PSMD7;MAP3K7;PSMD14;BCL10","shrunk_lfc",FALSE
"REACTOME_CHK1_CHK2_CDS1_MEDIATED_INACTIVATION_OF_CYCLIN_B_CDK1_COMPLEX",0.229338842975207,0.768716577540107,0.129442887745046,-0.615774727819015,-1.2707993319856,15,"SFN;CCNB1;CHEK2;CDC25C","shrunk_lfc",FALSE
"REACTOME_SIGNAL_AMPLIFICATION",0.229885057471264,0.768716577540107,0.12384217120105,0.526416009581491,1.21019554486316,24,"P2RY1;GNG2;GNG11;MAPK14;GNB1;GNA13;GNG12;GNB5","shrunk_lfc",FALSE
"REACTOME_COMPLEX_IV_ASSEMBLY",0.230452674897119,0.768716577540107,0.128788713061714,-0.555834121120819,-1.23466557196769,43,"COX6A1;COX7B;COX8A;TMEM223;PET100;COX6B1;COX5B;HIGD2A;COX5A;COA3;RAB5IF;MT-CO2;COX18;SCO1;MT-CO1;COX4I1;MT-CO3;COX6C;COX7A2;SURF1;COX7A2L","shrunk_lfc",FALSE
"REACTOME_SIGNALING_BY_NTRK2_TRKB",0.23121387283237,0.768716577540107,0.12384217120105,0.539449824015228,1.20997338557376,22,"DOCK3;PTPN11;BDNF;GRB2;SOS1","shrunk_lfc",FALSE
"REACTOME_INTRA_GOLGI_AND_RETROGRADE_GOLGI_TO_ER_TRAFFIC",0.232142857142857,0.768716577540107,0.111918316325105,-0.447351962701457,-1.17288506693616,184,"DYNC1I1;RAB30;RAB6B;TUBB4A;CUX1;TUBB3;TUBA1C;CYTH2;TUBA1B;STX18;VPS53;SEC22B;TUBA1A;GOLIM4;TMED10;DYNLL1;KIF20B;COG2;KIF22;COPE;KLC4;COG3;TRIP11;NAPA;VPS45;IGF2R;SURF4;TUBB4B;RAB1B;ARF3;MAN1C1;USP6NL;ARFGAP2;PLA2G6;GBF1;KIF2C;KIF26B;GOLGA1;TUBB2A;ARFRP1;KIF13B;DCTN6;KIF23;KIF20A;KIF15;M6PR;KIFC2;KIFC1;KLC1;BICD1;KIF21A;RAB43","shrunk_lfc",FALSE
"REACTOME_APOPTOTIC_CLEAVAGE_OF_CELLULAR_PROTEINS",0.232558139534884,0.768716577540107,0.130105630751129,-0.566501960798664,-1.22588785659345,33,"GAS2;CASP6;ACIN1;SPTAN1;LMNB1;CTNNB1;GSN","shrunk_lfc",FALSE
"REACTOME_CO_INHIBITION_BY_PD_1",0.233173076923077,0.768716577540107,0.139599673451922,0.381301145186519,1.12502621214788,157,"H3C4;FOSB;CD274;GSK3B;RPS27A;PRKAG2;CCND1;AGO4;ATF3;PTPN11;TNRC6A;SEL1L;H2BC21;H2BC5;JUND;DERL1;PDCD1LG2;AGO1;H2AC19;AGO2;OSTC;DAD1;CSNK2A1;RELA;PSMD7;AGO3;MYC;PSMD14;TCF7","shrunk_lfc",FALSE
"REACTOME_SIGNALING_BY_FGFR3",0.235294117647059,0.768716577540107,0.121543282035469,0.500775527964114,1.19555365121741,31,"MAPK1;RPS27A;CBL;PTPN11;GRB2;FGF2;SOS1;PPP2CA;FGF1;SPRY2;SRC","shrunk_lfc",FALSE
"REACTOME_SIGNALING_BY_GPCR",0.235469448584203,0.768716577540107,0.105520936843198,-0.411645193323199,-1.13984462672192,346,"OPRD1;CMKLR1;PDE1C;CHRM3;CALCRL;FN1;LTB4R;GNG7;RGS17;C3;KPNA2;GRK5;FZD1;PPP1R1B;SHC1;PLXNB1;RGS12;ARHGEF1;CXCL16;CX3CL1;ARRB1;FZD7;GPSM1;GNB4;AGTR1","shrunk_lfc",FALSE
"REACTOME_GAP_FILLING_DNA_REPAIR_SYNTHESIS_AND_LIGATION_IN_GG_NER",0.235521235521236,0.768716577540107,0.122679189568808,0.521272686210651,1.20281833524007,25,"POLK;RPS27A;RPA1;RFC1;POLD3","shrunk_lfc",FALSE
"REACTOME_RMTS_METHYLATE_HISTONE_ARGININES",0.235756385068762,0.768716577540107,0.12384217120105,0.458005299392243,1.16730887761505,45,"H3C4;CCND1","shrunk_lfc",FALSE
"REACTOME_INSULIN_RECEPTOR_SIGNALLING_CASCADE",0.236084452975048,0.768716577540107,0.122107920287081,0.484482537622692,1.18410150234208,35,"MAPK1;GRB10;PTPN11;IRS1;GRB2;FGF2;GAB2;SOS1;INSR;PIK3C3;FGF1;FGFR2","shrunk_lfc",FALSE
"REACTOME_DEGRADATION_OF_THE_EXTRACELLULAR_MATRIX",0.236499068901304,0.768716577540107,0.119887845115423,-0.51805961751807,-1.22026440700133,87,"HSPG2;A2M;FN1;ADAMTS4;MMP15;COL13A1;COL14A1;HTRA1;ADAMTS9;COL4A5;MMP17;COL9A3;CTSD;COL5A1;LAMC1;NID1;COL4A2;NCSTN","shrunk_lfc",FALSE
"REACTOME_ADP_SIGNALLING_THROUGH_P2Y_PURINOCEPTOR_1",0.236893203883495,0.768716577540107,0.122679189568808,0.559445240247544,1.22212436491298,19,"P2RY1;GNG2;GNG11;MAPK14;GNB1;GNG12;GNB5","shrunk_lfc",FALSE
"REACTOME_TNFR2_NON_CANONICAL_NF_KB_PATHWAY",0.236893203883495,0.768716577540107,0.122679189568808,-0.535231213160332,-1.22227261730946,66,"BIRC3;TNFRSF11B;TNFRSF1B;TNFRSF12A;PSMC3;PSMB4;PSMB7;PSMD8;PSMA5;MAP3K14;CD70;UBE2M;PSMB3;PSMA6;UBB;PSMD6;PSMA2;TRAF2;PSMD13;PSMB1;PSMA7;PSMA3;PSMD1;ADRM1;TNFRSF25;PSMA1;UBA52;PSMC5","shrunk_lfc",FALSE
"REACTOME_LATE_SARS_COV_2_INFECTION_EVENTS",0.238193018480493,0.768716577540107,0.126253987849115,0.43333157332878,1.16627085450548,64,"ANO1;ZDHHC8;FUT8;GSK3B;ANO6;MGAT5;RPS27A;ST3GAL4;FURIN;ANO10;SRPK2;PARP6;OSTC;DAD1;ZDHHC20;MAN2A1","shrunk_lfc",FALSE
"REACTOME_G_ALPHA_I_SIGNALLING_EVENTS",0.239795918367347,0.768716577540107,0.112843355675562,-0.465654665978432,-1.18845904096451,150,"OPRD1;PDE1C;GNG7;RGS17;C3;KPNA2;PPP1R1B;RGS12;CXCL16;CX3CL1;GPSM1;GNB4;PDE4D;GNAI2;GRK2","shrunk_lfc",FALSE
"REACTOME_SLC_MEDIATED_TRANSMEMBRANE_TRANSPORT",0.239795918367347,0.768716577540107,0.112843355675562,-0.462407049084791,-1.17438917450663,142,"APOD;HEPH;SLC15A3;SLC4A4;SLC43A2;SLC7A5;SLC9A7;SLC4A2;SLC44A2;SLC22A4;SLC25A10;SLC38A1;SLC25A5;SLC22A5;SLC25A6;SLC20A2;SLC38A2;SLC35A2","shrunk_lfc",FALSE
"REACTOME_MRNA_POLYADENYLATION",0.239929947460595,0.768716577540107,0.114750719227023,-0.476930992673221,-1.18021449766743,126,"POLR2I;PPP1R10;RBM39;SRSF6;POLR2L;SRRM2;DDX5;SRSF5;RBM17;PTBP1;POLR2F;SRSF3;SRSF2;RBM5;SRSF9;SRSF10;SRRT;RBM25;RBM10;U2AF2;DNAJC8;HNRNPL;HNRNPC;HNRNPA3;SNRPD3;PABPN1;PAPOLG;GTF2F1;FUS;CPSF1;UBB;PUF60;CPSF6;PPP1CB;HNRNPA2B1;RBMX;PCBP1;TRA2B;SF3B4;DDX46;PHF5A;SF3B5;POLR2H;CSTF2T;HNRNPA1;PPP1CA;POLR2K;UBA52","shrunk_lfc",FALSE
"REACTOME_RHOJ_GTPASE_CYCLE",0.243027888446215,0.768716577540107,0.122679189568808,0.444300697751198,1.15702621177307,52,"PAK3;PAK1;CAV1;CDC42BPA;GIT1;TRIO;JUP;DIAPH3;OCRL;ARHGEF7;PREX1","shrunk_lfc",FALSE
"REACTOME_TURBULENT_OSCILLATORY_DISTURBED_FLOW_SHEAR_STRESS_ACTIVATES_SIGNALING_BY_PIEZO1_AND_INTEGRINS_IN_ENDOTHELIAL_CELLS",0.243128964059197,0.768716577540107,0.126875729929857,-0.579020207788,-1.22418474311711,29,"FN1;STAT1;ABL1;ITGAV;ITGB1;PDE4D;PPP2R1A;CAPNS1","shrunk_lfc",FALSE
"REACTOME_REGULATION_OF_LIPID_METABOLISM_BY_PPARALPHA",0.243181818181818,0.768716577540107,0.132147260608774,0.408607671477897,1.13886517452464,101,"PPARA;MED15;ANGPTL4;TBL1X;MED14;NR1D1;RGL1;MTF1;TXNRD1;NCOA1;ABCA1;ACSL1;MED13;NCOA2;MED1;NCOA6;RXRA;SIN3A;RXRB;NCOA3;PPARGC1A","shrunk_lfc",FALSE
"REACTOME_CREB1_PHOSPHORYLATION_THROUGH_NMDA_RECEPTOR_MEDIATED_ACTIVATION_OF_RAS_SIGNALING",0.244258872651357,0.768716577540107,0.12563992130984,-0.567679334813054,-1.22841104403342,23,"NEFL;DLG1;RPS6KA6","shrunk_lfc",FALSE
"REACTOME_CITRIC_ACID_CYCLE_TCA_CYCLE",0.245243128964059,0.768716577540107,0.126253987849115,-0.553619085619501,-1.19800982380098,33,"ACO2;NNT;ISCA1;IDH3A;OGDH;DLST;FXN;SUCLG2;DLD;IDH3G;IDH3B;SDHB;KGD4;IDH2;SDHC;MDH2","shrunk_lfc",FALSE
"REACTOME_NOTCH4_INTRACELLULAR_DOMAIN_REGULATES_TRANSCRIPTION",0.246628131021195,0.768716577540107,0.119348440591015,0.564574229936217,1.21816772785712,17,"HES1;NOTCH2;SMAD3;SNW1;KAT2A;RBPJ;MAML1","shrunk_lfc",FALSE
"REACTOME_INTERLEUKIN_2_FAMILY_SIGNALING",0.247422680412371,0.768716577540107,0.12384217120105,-0.569460740098486,-1.22434130200829,26,"PTK2B;SHC1;STAT1;STAT3","shrunk_lfc",FALSE
"REACTOME_INTERFERON_GAMMA_SIGNALING",0.247563352826511,0.768716577540107,0.119887845115423,-0.534396832620954,-1.21410502105623,75,"OAS1;OASL;HLA-B;OAS2;HLA-C;STAT1;HLA-F;IRF9;PML;MT2A;IRF1;OAS3;HLA-A;HLA-E;GBP5;IFI30;PTPN2;RAF1;IRF7;TRIM22;ICAM1;TRIM21;TRIM38","shrunk_lfc",FALSE
"REACTOME_LAMININ_INTERACTIONS",0.248407643312102,0.768716577540107,0.12563992130984,-0.572744770057153,-1.21955469915429,30,"HSPG2;ITGA7;LAMB2;COL4A5;ITGAV;LAMC1;NID1;ITGB1;COL4A2","shrunk_lfc",FALSE
"REACTOME_CELLULAR_RESPONSE_TO_HEAT_STRESS",0.248888888888889,0.768716577540107,0.128788713061714,0.406524513591812,1.13679272366048,97,"MAPK1;GSK3B;HSPA1B;HSPA4L;NUP58;NUP133;CAMK2G;HSPA4;HSPH1;HSP90AA1;BAG2;NUP50;RPA1;HSPA1A;HSPA8;BAG5;DEDD2;POM121C;PTGES3;FKBP4","shrunk_lfc",FALSE
"REACTOME_G_ALPHA_Q_SIGNALLING_EVENTS",0.25,0.768716577540107,0.130105630751129,0.390053962479977,1.11115233141445,113,"P2RY1;MGLL;MAPK1;LPAR1;GNG2;RGS3;DGKH;EGFR;ANXA1;GNG11;F2RL1;PRKCA;RPS6KA1;ITPR3;TRIO;F2R;GNB1;HBEGF;GRB2;GNG12;SOS1;GNB5;PLCB3;ADRA1B","shrunk_lfc",FALSE
"REACTOME_MECHANICAL_LOAD_ACTIVATES_SIGNALING_BY_PIEZO1_AND_INTEGRINS_IN_OSTEOCYTES",0.25,0.768716577540107,0.123257226381337,-0.598601822467222,-1.23535890927354,15,"HSPG2;ITGAV;ITGB1","shrunk_lfc",FALSE
"REACTOME_RECOGNITION_OF_DNA_DAMAGE_BY_PCNA_CONTAINING_REPLICATION_COMPLEX",0.250470809792844,0.768716577540107,0.116739204791222,0.495408184908958,1.18111778787968,30,"CUL4A;RPS27A;RPA1;RFC1;POLD3;RAD18","shrunk_lfc",FALSE
"REACTOME_PROTEASOME_ASSEMBLY",0.251533742331288,0.768716577540107,0.122107920287081,-0.543261720067789,-1.21159545499701,50,"PSMB8;PSME2;PSMD5;PSMC3;PSMB4;PSMG4;PSMB7;PSMD8;PSMA5;PSMB3;PSMA6;PSMD10;PSMD6;PSMA2;PSMB9;PSMD13;PSME3;PSMB1;PSMA7;PSMA3;PSMD1;PSME4;ADRM1;PSMD9;PSMA1;PSMC5;PSMG2;PSMB2;PSMD4;PSMC1;PSME1","shrunk_lfc",FALSE
"REACTOME_REGULATION_OF_MITF_M_DEPENDENT_GENES_INVOLVED_IN_PIGMENTATION",0.251559251559252,0.768716577540107,0.123257226381337,-0.5490849258908,-1.20787239311186,35,"TFAP2A;SMARCD1;DPF3;ACTB;CTNNB1;BCL7A","shrunk_lfc",FALSE
"REACTOME_HEDGEHOG_ON_STATE",0.253138075313808,0.768716577540107,0.123257226381337,0.422559581545001,1.1485226761079,71,"EVC;CDC73;RPS27A;SUFU;SMURF2;GLI2;SMO;KIF7;GPR161;ITCH;PSMD7;EVC2;PSMD14;NUMB","shrunk_lfc",FALSE
"REACTOME_THROMBIN_SIGNALLING_THROUGH_PROTEINASE_ACTIVATED_RECEPTORS_PARS",0.254789272030651,0.768716577540107,0.116739204791222,0.511532682925085,1.17597976250759,24,"MAPK1;GNG2;GNG11;F2R;GNB1;GNA13;GNG12;GNB5","shrunk_lfc",FALSE
"REACTOME_REGULATION_OF_PD_L1_CD274_EXPRESSION",0.254854368932039,0.768716577540107,0.133554954557592,0.376095005657005,1.10606678706885,154,"H3C4;FOSB;CD274;GSK3B;RPS27A;PRKAG2;CCND1;AGO4;ATF3;TNRC6A;SEL1L;H2BC21;H2BC5;JUND;DERL1;PDCD1LG2;AGO1;H2AC19;AGO2;OSTC;DAD1;CSNK2A1;RELA;PSMD7;AGO3;MYC;PSMD14;TCF7","shrunk_lfc",FALSE
"REACTOME_ERK_MAPK_TARGETS",0.25626204238921,0.768716577540107,0.116739204791222,0.526969063102615,1.18197932966034,22,"MAPK1;MEF2A;DUSP7;MAPK14;RPS6KA1;PPP2R5D","shrunk_lfc",FALSE
"REACTOME_PROCESSING_OF_CAPPED_INTRON_CONTAINING_PRE_MRNA",0.256371814092954,0.768716577540107,0.100633389423036,-0.414342766026618,-1.13247627314081,290,"METTL14;NUP210;ZNF830;LSM8;POLR2I;PPP1R10;RBM39;SRSF6;ACIN1;POLR2L;SRRM2;DDX5;PRPF38A;BUD31;SRSF5;ZC3H11A;BCAS2;RBM17;CCDC12;DDX39B;PTBP1;POLR2F;SRSF3;SF1;SRSF2;NSRP1;TPR;RBM5;SRSF9;NXF1;RBM8A;SRSF10;AAAS;FYTTD1;UPF3B;SRRT;RBM25;SNRNP27;RBM10;FAM32A;U2AF2;DNAJC8;YJU2;HNRNPL;HNRNPC;DHX35;PPWD1;HNRNPA3;NUP93;SNRPD3;PABPN1;PAPOLG;SNRNP40;GTF2F1;FUS;CPSF1;UBB;PUF60;NUP85;STEEP1;LSM7;CPSF6;LSM4;RAE1;RBMX2;PQBP1;PPP1CB;THOC1;MTREX;HNRNPA2B1;PRCC;CWC15;LSM3;SDE2;POM121;ALYREF;PPIG;RBMX;RBM7;PCBP1;TRA2B;RANBP2;SF3B4;DDX46;SLBP;SLU7;PHF5A;EFTUD2;SF3B5;POLR2H;WBP4;CSTF2T;XAB2;HNRNPA1;PPP1CA;POLR2K;THOC7;UBA52","shrunk_lfc",FALSE
"REACTOME_REGULATION_OF_EXPRESSION_OF_SLITS_AND_ROBOS",0.256802721088435,0.768716577540107,0.108394255853397,-0.456591464079813,-1.16532764118809,150,"ROBO1;ROBO2;COL4A5;RPL41;DAG1;PSMC3;PSMB4;RPL22L1;RBM8A;PSMB7;UPF3B;PSMD8;RPL29;PSMA5;PSMB3;RPS9;LDB1;ELOC;PSMA6;UBB;PSMD6;PSMA2;EIF4G1;RPL35;PSMD13;RPL32;RPL12;RBX1","shrunk_lfc",FALSE
"REACTOME_RNA_POLYMERASE_I_TRANSCRIPTION",0.257668711656442,0.768716577540107,0.120433371642259,0.411457859177851,1.13763024461898,75,"H3C4;GATAD2A;H2BC21;H2BC5;CHD3;TAF1D;H2AC19;POLR1A;TAF1A;POLR1E;ERCC6;CDK7;RBBP7;KAT2A;ERCC3;H2BC4","shrunk_lfc",FALSE
"REACTOME_APOPTOTIC_FACTOR_MEDIATED_RESPONSE",0.258252427184466,0.768716577540107,0.116739204791222,0.54943218310693,1.2002505509658,19,"MAPK1;CARD8;UACA","shrunk_lfc",FALSE
"REACTOME_DUAL_INCISION_IN_GG_NER",0.259541984732824,0.768716577540107,0.115240003147781,0.457225348860189,1.14746494743777,41,"CUL4A;POLK;RPS27A;RPA1;RFC1;POLD3;PARP2;CUL4B;ERCC4;ERCC5;ERCC3;GTF2H2","shrunk_lfc",FALSE
"REACTOME_FORMATION_OF_TUBULIN_FOLDING_INTERMEDIATES_BY_CCT_TRIC",0.260780287474333,0.768716577540107,0.119887845115423,-0.55556194889694,-1.17937637076973,20,"TUBB4A;TUBB3;TUBA1C;TUBA1B;TUBA1A;TUBB4B;TUBB2A","shrunk_lfc",FALSE
"REACTOME_REGULATION_OF_TP53_EXPRESSION_AND_DEGRADATION",0.261036468330134,0.768716577540107,0.115240003147781,0.474168115104553,1.16580590011786,36,"AKT3;USP7;RPS27A;PHF20;MDM4;SGK1;RICTOR","shrunk_lfc",FALSE
"REACTOME_PROTEIN_UBIQUITINATION",0.261506276150628,0.768716577540107,0.120985142145252,0.419348421011597,1.13979469820771,71,"USP7;UBE2Q2;CDC73;RPS27A;UBA6;UBE2L3;UBE2H;H2BC5;SHPRH;UBE2D3;DERL1;RAD18;USP9X;HLTF;UBE2W;RNF40;BCL10;RNF144A","shrunk_lfc",FALSE
"REACTOME_TGFBR3_EXPRESSION",0.262135922330097,0.768716577540107,0.115734447701689,0.535527807538428,1.17808880836163,20,"AGO4;TNRC6A;SMAD3;AGO1;AGO2;SMAD4;HELLS;AGO3;RARA;RXRA","shrunk_lfc",FALSE
"REACTOME_FCERI_MEDIATED_MAPK_ACTIVATION",0.262548262548263,0.768716577540107,0.115240003147781,0.507331232978071,1.1706489236986,25,"MAPK1;PAK1;MAPK9;GRB2;SOS1;MAPK8;MAP2K4","shrunk_lfc",FALSE
"REACTOME_SEMAPHORIN_INTERACTIONS",0.262845849802372,0.768716577540107,0.116739204791222,0.439025293377587,1.14973719712246,54,"PLXNA2;ITGA1;GSK3B;PAK3;PAK1;ROCK2;HSP90AA1;MET;SEMA3A;ROCK1;RRAS;PLXNA3","shrunk_lfc",FALSE
"REACTOME_TRANSLESION_SYNTHESIS_BY_POLH",0.264077669902913,0.768716577540107,0.115240003147781,0.545368753187239,1.1913738703674,19,"RPS27A;UFD1;RPA1;RFC1","shrunk_lfc",FALSE
"REACTOME_MITOCHONDRIAL_PROTEIN_IMPORT",0.266019417475728,0.768716577540107,0.114750719227023,-0.520887979927581,-1.18849331285033,64,"ACO2;PMPCA;ATP5MC1;TOMM40;TOMM5;CYC1;TAFAZZIN;SLC25A6;DNAJC19;TIMM10B;ATP5F1A;TIMM8B;NDUFB8;SAMM50;FXN;TIMM8A;TIMM22;ATP5F1B;IDH3G;TIMM23;TIMM13;HSPA9;CMC2;CHCHD10","shrunk_lfc",FALSE
"REACTOME_SUMOYLATION_OF_CHROMATIN_ORGANIZATION_PROTEINS",0.267893660531697,0.768716577540107,0.11776578836269,0.425985272494154,1.13711875180961,61,"SATB1;NUP58;NUP133;PHC3;NUP50;PHC1;CHD3;POM121C;NDC1;SEC13;NUP160;NUP188;NUP43;NUP155;ZBED1;NUP153","shrunk_lfc",FALSE
"REACTOME_SIGNALING_BY_NOTCH2",0.268498942917548,0.768716577540107,0.119887845115423,-0.54580611112441,-1.18110285574052,33,"CNTN1;NOTCH2NLB;MDK;NEURL1B","shrunk_lfc",FALSE
"REACTOME_NEGATIVE_EPIGENETIC_REGULATION_OF_RRNA_EXPRESSION",0.269151138716356,0.768716577540107,0.118287526124085,0.413043011904969,1.13723208957302,73,"H3C4;H2BC21;H2BC5;SMARCA5;SAP130;TAF1D;H2AC19;POLR1A;TAF1A;SIN3A;SUDS3;POLR1E;CDK7;ERCC3;H2BC4","shrunk_lfc",FALSE
"REACTOME_G_ALPHA_12_13_SIGNALLING_EVENTS",0.27027027027027,0.768716577540107,0.118287526124085,0.420225018614248,1.13204281286932,67,"GNG2;GNG11;ROCK2;TRIO;ROCK1;GNB1;SOS2;NGEF;ARHGEF6;GNA13;ARHGEF7;ARHGEF26;GNG12;PREX1;SOS1;GNB5;ADRA1B","shrunk_lfc",FALSE
"REACTOME_COOPERATION_OF_PREFOLDIN_AND_TRIC_CCT_IN_ACTIN_AND_TUBULIN_FOLDING",0.270491803278689,0.768716577540107,0.117249716749792,-0.556636537716537,-1.19505013709216,27,"TUBB4A;TUBB3;TUBA1C;TUBA1B;TUBA1A;PFDN4;ACTB;TUBB4B;TUBB2A;PFDN6","shrunk_lfc",FALSE
"REACTOME_PLASMA_LIPOPROTEIN_CLEARANCE",0.271578947368421,0.768716577540107,0.118815039412263,-0.561660857101562,-1.1903848947794,28,"LSR;APOE;SCARB1;NPC2;AP2S1;AP2M1;LIPA","shrunk_lfc",FALSE
"REACTOME_MITOTIC_PROPHASE",0.272522522522523,0.768716577540107,0.123257226381337,0.394657384940338,1.11047750393329,106,"H3C4;VRK2;MAPK1;NUP58;NUP133;NUP50;PRKCA;NEK7;H2BC21;H2BC5;LPIN2;H2AC19;POM121C;PPP2CA;RAB2A;NDC1;ARPP19;SEC13;RAB1A","shrunk_lfc",FALSE
"REACTOME_BETA_CATENIN_INDEPENDENT_WNT_SIGNALING",0.273348519362187,0.768716577540107,0.12384217120105,0.378874499791686,1.09907581781708,121,"FZD4;FZD3;GNG2;RPS27A;NFATC1;SMURF2;GNG11;AGO4;PRKCA;ITPR3;TNRC6A;WNT5A;RAC2;GNB1;CLTB;GNG12;AGO1;CALM1;AGO2;CLTC;GNB5;PLCB3;RAC3;PSMD7;AGO3;MAP3K7;MYC;PSMD14;TCF7;DAAM1;PPP3CA;DVL2","shrunk_lfc",FALSE
"REACTOME_NRIF_SIGNALS_CELL_DEATH_FROM_THE_NUCLEUS",0.274131274131274,0.768716577540107,0.112378519110475,0.571478081832666,1.18901047685435,15,"RPS27A;TRAF6;SQSTM1;PSENEN;MAPK8","shrunk_lfc",FALSE
"REACTOME_DENGUE_VIRUS_ATTACHMENT_AND_ENTRY",0.274226804123711,0.768716577540107,0.116739204791222,-0.538243161450642,-1.18801125492207,37,"HSPG2;SDC3;UBA7;GPC1;AGRN;AP2S1;AP2M1;UBA5","shrunk_lfc",FALSE
"REACTOME_L1CAM_INTERACTIONS",0.274907749077491,0.768716577540107,0.109250039480711,-0.493137797019136,-1.17090037486023,94,"CNTN1;CD24;TUBB4A;L1CAM;DNM1;SHTN1;EPHB2;TUBB3;TUBA1C;DLG1;TUBA1B;SPTBN5;ANK1;AP2S1;AP2M1;TUBA1A;FGFR1;DPYSL2;RPS6KA6;ITGAV;SPTAN1;GAP43;LAMC1;ITGB1;ACTB;TUBB4B","shrunk_lfc",FALSE
"REACTOME_SIGNALING_BY_ROBO_RECEPTORS",0.274959083469722,0.768716577540107,0.101713902282311,-0.42732568246449,-1.12316689276716,191,"ROBO1;ROBO2;SRGAP3;GPC1;NCK2;PFN2;ABL1;COL4A5;CLASP1;PFN1;RPL41;DAG1;PSMC3;PSMB4;RPL22L1;EVL;RBM8A;PSMB7;SRGAP2;ARHGAP39;UPF3B;PSMD8;RPL29;PSMA5;PRKACA;PSMB3;RPS9;LDB1;ELOC;PSMA6;UBB;PSMD6;PAK4;PSMA2;EIF4G1;RPL35;PSMD13;RPL32","shrunk_lfc",FALSE
"REACTOME_RECYCLING_PATHWAY_OF_L1",0.277777777777778,0.768716577540107,0.118287526124085,-0.539956502226838,-1.17730577994738,39,"TUBB4A;L1CAM;DNM1;SHTN1;TUBB3;TUBA1C;TUBA1B;AP2S1;AP2M1;TUBA1A;DPYSL2;RPS6KA6;ACTB;TUBB4B","shrunk_lfc",FALSE
"REACTOME_TRANSCRIPTIONAL_AND_POST_TRANSLATIONAL_REGULATION_OF_MITF_M_EXPRESSION_AND_ACTIVITY",0.277886497064579,0.768716577540107,0.112378519110475,0.441569658293816,1.13056817137932,47,"MAPK1;SNAI2;GSK3B;ID1;AKT3;RPS6KA1;MARK3;YWHAZ;XPO1;SOX2","shrunk_lfc",FALSE
"REACTOME_TRANSCRIPTIONAL_REGULATION_BY_E2F6",0.278095238095238,0.768716577540107,0.110564716336619,0.477073713002208,1.16085462690083,34,"PHC3;E2F1;PHC1;RRM2;TFDP1;RBBP7;APAF1;RAD51;CBX5;E2F6","shrunk_lfc",FALSE
"REACTOME_TRIGLYCERIDE_METABOLISM",0.27831094049904,0.768716577540107,0.11101149245045,0.522936777844173,1.1662630620358,21,"MGLL;CAV1;PPP1CC","shrunk_lfc",FALSE
"REACTOME_GOLGI_ASSOCIATED_VESICLE_BIOGENESIS",0.278656126482213,0.768716577540107,0.112843355675562,0.433046479466618,1.13407963740596,54,"TPD52L1;AP1S2;CPD;PICALM;SNX9;FTL;NECAP1;HSPA8;OCRL;AP1M1","shrunk_lfc",FALSE
"REACTOME_REGULATION_OF_MITF_M_DEPENDENT_GENES_INVOLVED_IN_LYSOSOME_BIOGENESIS_AND_AUTOPHAGY",0.279503105590062,0.768716577540107,0.115734447701689,-0.570053285836641,-1.18347720265142,17,"ATP6V0E2;ATP6V0C;ATP6V0D1;ATP6V1G1;ATP6V1H;ATP6V0B;ATP6V1C1;ATP6V1F;ATP6V0A1","shrunk_lfc",FALSE
"REACTOME_HCMV_LATE_EVENTS",0.279591836734694,0.768716577540107,0.114750719227023,0.403060353914911,1.11791040955932,77,"H3C4;NUP58;NUP133;NUP50;H2BC21;H2BC5;H2AC19;POM121C;VPS37A;VPS4A;NDC1;SEC13;NUP160;CHMP2A;MVB12B;NUP188;NUP43;H2BC4;NUP155;NUP153;CHMP7","shrunk_lfc",FALSE
"REACTOME_ACTIVATION_OF_AMPK_DOWNSTREAM_OF_NMDARS",0.281314168377823,0.768716577540107,0.114750719227023,-0.542846544565768,-1.15238343606148,20,"TUBB4A;TUBB3;TUBA1C;TUBA1B;TUBA1A;TUBB4B;TUBB2A","shrunk_lfc",FALSE
"REACTOME_NERVOUS_SYSTEM_DEVELOPMENT",0.28133704735376,0.768716577540107,0.0908241419007155,-0.387539559556539,-1.09997850920528,465,"ROBO1;ROBO2;CNTN1;CD24;SEMA7A;POU3F2;SRGAP3;ADGRV1;TUBB4A;DOK1;L1CAM;DNM1;GPC1;SHTN1;EPHB2;AGRN;TUBB3;SHC1;PLXNB1;NCK2;TUBA1C;PFN2;DLG1;ABL1;SCD5;TUBA1B;COL4A5;SPTBN5;CLASP1;COL9A3;ANK1;EGR2;AP2S1;CFL1;AP2M1;COL5A1;PFN1;TUBA1A;RPL41;FGFR1;DPYSL2;RPS6KA6;EPHB4;ITGAV;SPTAN1;ARPC4;GAP43;LAMC1;DAG1;ITGB1;PSMC3;COL4A2;PSMB4;NCSTN;RPL22L1;EVL;ACTB;TUBB4B;PLXNB3;RBM8A;ERBB2;PIK3R2;PSMB7;SRGAP2;ARHGAP35;ARHGAP39;UPF3B;FRS2;PSMD8;PMP22;RPL29","shrunk_lfc",FALSE
"REACTOME_ECM_PROTEOGLYCANS",0.282208588957055,0.768716577540107,0.114266502484433,-0.522358358894767,-1.16497627227927,50,"HSPG2;FN1;TNC;AGRN;BGN;ITGA7;SPARC;LAMB2;COL4A5;COL9A3;COL5A1;ITGAV;LAMC1;DAG1;ITGB1;COL4A2","shrunk_lfc",FALSE
"REACTOME_SUMOYLATION_OF_DNA_DAMAGE_RESPONSE_AND_REPAIR_PROTEINS",0.282208588957055,0.768716577540107,0.114266502484433,0.402182080449185,1.11198386021109,75,"NUP58;NUP133;PHC3;SP100;NUP50;SMC1A;STAG2;RNF168;SMC3;RPA1;PHC1;HDAC7;POM121C;SMC5;NDC1;SEC13;RAD52;NUP160;NUP188;NUP43;NSMCE1;NUP155;NUP153;SMC6","shrunk_lfc",FALSE
"REACTOME_RHO_GTPASE_CYCLE",0.282467532467532,0.768716577540107,0.148261500475107,0.324388073139634,1.05050966369982,401,"DOCK3;DOCK4;VRK2;RHOBTB1;SH3PXD2A;BCR;PAK3;RND2;FERMT2;PAK6;PAK1;CAV1;SLITRK5;LMAN1;CCDC88A;TOR1AIP1;JAG1;CDC42BPA;DSG2;TRIP10;CPD;AKAP12;SWAP70;ROCK2;BAIAP2L1;ABI1;COPS4;TWF1;ARHGAP18;ACTN1;PHIP;PICALM;NCKAP1;HSP90AA1;ITSN2;UACA;ABL2;MYO6;GIT1;TRIO;CYFIP2;CDC42EP4;JUP;PKN2;RAC2;SH3RF1;ROCK1;ACBD5;ANLN;SPTBN1;SOS2;NGEF;DIAPH3;MOSPD2;KIDINS220;OCRL;RACGAP1;ARHGEF6;RASAL2;PKN1;GNA13;FAM169A;IQGAP1;ANKLE2;GOLGA3;SLK;PEAK1;GRB2;TJP2;ARHGEF28;ACTG1;WASF2;ARHGEF7;ARHGEF26;SYDE2;FAM91A1;SEMA4F;ALDH3A2;PREX1;ARHGAP6;SOS1;BLTP3B;USP9X;CLTC;SOWAHC;ARHGAP11B;MTR;RAC3;COPS2;FMNL2;ERBIN;TMEM59;STARD13;FMNL3","shrunk_lfc",FALSE
"REACTOME_TRANSCRIPTIONAL_REGULATION_BY_THE_AP_2_TFAP2_FAMILY_OF_TRANSCRIPTION_FACTORS",0.283298097251586,0.768716577540107,0.116234148779716,-0.554015655981355,-1.17131924651015,29,"TFAP2A;APOE;NOP2;MYBL2","shrunk_lfc",FALSE
"REACTOME_ELASTIC_FIBRE_FORMATION",0.283553875236295,0.768716577540107,0.108820126769161,0.474162908913138,1.15399367199396,33,"LOX;FBN2;BMP2;MFAP5;ITGB5;FBN1;FURIN;ITGA5;TGFB1;LTBP2;TGFB2;ITGB8","shrunk_lfc",FALSE
"REACTOME_MYOGENESIS",0.284894837476099,0.768716577540107,0.109250039480711,0.504514411710817,1.14241008329558,23,"MEF2A;CDH2;SPAG9;MAPK14","shrunk_lfc",FALSE
"REACTOME_FORMATION_OF_THE_CORNIFIED_ENVELOPE",0.285714285714286,0.768716577540107,0.108820126769161,0.473941470003903,1.15323299804545,34,"KRT16;KRT15;DSG2;CAPN1;FURIN;JUP","shrunk_lfc",FALSE
"REACTOME_KERATINIZATION",0.285714285714286,0.768716577540107,0.108820126769161,0.473941470003903,1.15323299804545,34,"KRT16;KRT15;DSG2;CAPN1;FURIN;JUP","shrunk_lfc",FALSE
"REACTOME_NEGATIVE_REGULATION_OF_MAPK_PATHWAY",0.286527514231499,0.768716577540107,0.108394255853397,0.453532148167707,1.13719311185769,40,"MAPK1;DUSP1;DUSP5;RPS27A;DUSP7;PPP2R5D;MARK3;PAQR3;PPP2CA;KSR1;PPP2R5B;PPP2R5E;MAP2K1","shrunk_lfc",FALSE
"REACTOME_RUNX1_REGULATES_TRANSCRIPTION_OF_GENES_INVOLVED_IN_DIFFERENTIATION_OF_HSCS",0.288065843621399,0.768716577540107,0.11331290842208,0.400602225841779,1.10889157717882,78,"H3C4;GATA2;RPS27A;ITCH;H2BC21;H2BC5;H2AC19;PSMD7;PSMD14","shrunk_lfc",FALSE
"REACTOME_PLASMA_LIPOPROTEIN_ASSEMBLY_REMODELING_AND_CLEARANCE",0.289738430583501,0.768716577540107,0.11146266692298,-0.516399625017829,-1.15964395563053,51,"LSR;A2M;PCSK5;APOE;LMF2;SCARB1;NPC2;AP2S1;AP2M1;LIPA","shrunk_lfc",FALSE
"REACTOME_BINDING_AND_UPTAKE_OF_LIGANDS_BY_SCAVENGER_RECEPTORS",0.290187891440501,0.768716577540107,0.11378726182188,-0.530503119212509,-1.14796479380288,23,"APOL1;APOE;CALR;SPARC;SCARB1;HMGB1;COL4A2","shrunk_lfc",FALSE
"REACTOME_METABOLISM_OF_WATER_SOLUBLE_VITAMINS_AND_COFACTORS",0.29038112522686,0.768716577540107,0.104732821580651,-0.474947622035636,-1.14660776262367,105,"NNMT;PARP9;PARP14;MCCC2;PARP10;PC;MTHFD2;ABCD4;MMACHC;SLC46A1;SLC25A51;NAXE;MOCS1;DCAKD;NAPRT;SLC25A32;MCCC1;PDZD11;MMAB;SHMT2;CUBN;NT5E;SLC52A2","shrunk_lfc",FALSE
"REACTOME_TRAF6_MEDIATED_IRF7_ACTIVATION",0.290721649484536,0.768716577540107,0.112843355675562,-0.555698552842091,-1.15127179156097,16,"IFIH1;RIGI;IRF7;SIKE1;TRAF2","shrunk_lfc",FALSE
"REACTOME_DEFECTS_IN_VITAMIN_AND_COFACTOR_METABOLISM",0.291581108829569,0.768716577540107,0.112378519110475,-0.538481954073741,-1.14311805187776,20,"MCCC2;PC;ABCD4;MMACHC;MCCC1;MMAB;CUBN","shrunk_lfc",FALSE
"REACTOME_REGULATION_OF_INSULIN_LIKE_GROWTH_FACTOR_IGF_TRANSPORT_AND_UPTAKE_BY_INSULIN_LIKE_GROWTH_FACTOR_BINDING_PROTEINS_IGFBPS",0.291902071563089,0.768716577540107,0.106729884364606,-0.497687307501524,-1.16116569510134,81,"IGFBP5;FN1;CHGB;TMEM132A;SCG2;LTBP1;IGFBP7;TNC;C3;APOL1;APOE;LAMB2;CST3;KTN1;APLP2;NUCB1;LAMC1;IGFBP2;PRSS23;PRKCSH;SDC2;FSTL1;SHISA5","shrunk_lfc",FALSE
"REACTOME_COPI_DEPENDENT_GOLGI_TO_ER_RETROGRADE_TRAFFIC",0.292051756007394,0.768716577540107,0.105520936843198,-0.499595465560513,-1.17621910401262,84,"TUBB4A;TUBB3;TUBA1C;TUBA1B;STX18;SEC22B;TUBA1A;TMED10;KIF20B;KIF22;COPE;KLC4;NAPA;SURF4;TUBB4B;RAB1B;ARF3;ARFGAP2;GBF1;KIF2C;KIF26B;TUBB2A;KIF13B;KIF23;KIF20A;KIF15;KIFC2;KIFC1;KLC1;KIF21A","shrunk_lfc",FALSE
"REACTOME_ASSEMBLY_AND_CELL_SURFACE_PRESENTATION_OF_NMDA_RECEPTORS",0.292993630573248,0.768716577540107,0.114266502484433,-0.54101698059516,-1.15199620407054,30,"NEFL;TUBB4A;TUBB3;TUBA1C;DLG1;TUBA1B;TUBA1A","shrunk_lfc",FALSE
"REACTOME_GLYCOSAMINOGLYCAN_METABOLISM",0.294010889292196,0.768716577540107,0.103958471559957,-0.472797417056166,-1.14141678659535,105,"CHSY3;HSPG2;CHST15;SDC3;HS6ST1;GPC1;AGRN;CEMIP;CHPF2;BGN;HAS3;CHSY1;IDS;GNS;B4GALT5;ST3GAL2","shrunk_lfc",FALSE
"REACTOME_MHC_CLASS_II_ANTIGEN_PRESENTATION",0.294010889292196,0.768716577540107,0.103958471559957,-0.480740225231376,-1.15091733432644,99,"DYNC1I1;CTSC;TUBB4A;DNM1;TUBB3;AP1S3;TUBA1C;TUBA1B;AP2S1;CTSD;AP2M1;TUBA1A;DYNLL1;KIF22;KLC4;CTSF;TUBB4B;ACTR1B;CTSA;IFI30;KIF2C;TUBB2A;DCTN6;KIF23;KIF20A;KIF15","shrunk_lfc",FALSE
"REACTOME_REGULATION_OF_ENDOGENOUS_RETROELEMENTS_BY_PIWI_INTERACTING_RNAS_PIRNAS",0.294117647058824,0.768716577540107,0.11101149245045,0.412017489599488,1.09834374710265,59,"H3C4;GATAD2A;H2BC21;H2BC5;CHD3;H2AC19","shrunk_lfc",FALSE
"REACTOME_INTEGRIN_SIGNALING",0.297297297297297,0.775069780107564,0.111918316325105,-0.539989269653925,-1.14680437425539,21,"FN1;SHC1","shrunk_lfc",FALSE
"REACTOME_REGULATION_OF_HOMOTYPIC_CELL_CELL_ADHESION",0.299173553719008,0.776232939935386,0.0972150808846466,-0.434570179889135,-1.12275356866116,168,"CDH11;TFAP2A;TNRC6B;CTNND1;DNTTIP1;ADAM19;TMEM258;MDM2;H2AX;GANAB;PSMC3;PSMB4;ACTB;H3-3A;PSMB7;PRKCSH;CTNNB1;PSMD8;KLF4","shrunk_lfc",FALSE
"REACTOME_EPHB_MEDIATED_FORWARD_SIGNALING",0.300380228136882,0.776232939935386,0.105520936843198,0.451796322755248,1.12152455168883,38,"YES1;PAK1;ROCK2;ARPC5;PTK2;ROCK1;ACTR3;ARHGEF28;ACTG1;ACTR2;RASA1","shrunk_lfc",FALSE
"REACTOME_SIGNALING_BY_FGFR1",0.300380228136882,0.776232939935386,0.105520936843198,0.452260868635883,1.12267772532986,38,"MAPK1;RPS27A;CBL;PTPN11;SPRED2;GRB2;FGF2;SOS1;PPP2CA;FGF1;SPRY2;SRC","shrunk_lfc",FALSE
"REACTOME_EPIGENETIC_REGULATION_OF_GENE_EXPRESSION",0.302857142857143,0.776232939935386,0.132846300606183,0.344066782689917,1.06295197225782,271,"H3C4;MGLL;ZNF264;ANGPTL4;GSK3B;TBL1X;MED14;PHF20;KDM6A;PSIP1;NCOA1;GATAD2A;H2BC21;CXXC1;H2BC5;KAT14;CHD3;SMARCA5;ACSL1;ZNF816;TADA2A;SAP130;TAF1D;H2AC19;MED13;POLR1A;NCOA2;TAF1A;MORC2;MED1;NCOA6;RXRA;ATF7IP;SIN3A;SUDS3;NCOA3;DEK;POLR1E;PPARGC1A;ZNF778;SMARCB1;ZZZ3;MPHOSPH8;ERCC6;SCD;CDK7;TET2;JARID2;RBBP7;KAT2A;AKAP8L;ERCC3;H2BC4","shrunk_lfc",FALSE
"REACTOME_ANTIGEN_PROCESSING_CROSS_PRESENTATION",0.303201506591337,0.776232939935386,0.104343952581949,-0.496499930442868,-1.1583953983972,81,"HLA-B;CALR;HLA-C;TAPBP;HLA-F;MYD88;HLA-A;SEC22B;HMGB1;ITGAV;PSMB8;PSME2;HLA-E;PSMC3;PSMB4;MRC2;PSMB7;PSMD8;SEC61A1;PSMA5;TIRAP;PSMB3;PSMA6;UBB;PSMD6;PSMA2;PSMB9;B2M;PSMD13","shrunk_lfc",FALSE
"REACTOME_MOLECULES_ASSOCIATED_WITH_ELASTIC_FIBRES",0.303675048355899,0.776232939935386,0.105920292736253,0.480465391605,1.12207880164909,26,"FBN2;BMP2;MFAP5;ITGB5;FBN1;TGFB1;LTBP2;TGFB2;ITGB8","shrunk_lfc",FALSE
"REACTOME_PLATELET_AGGREGATION_PLUG_FORMATION",0.304166666666667,0.776232939935386,0.110564716336619,-0.522748246208417,-1.13228571374221,24,"FN1;SHC1","shrunk_lfc",FALSE
"REACTOME_REGULATION_OF_TP53_ACTIVITY",0.305288461538462,0.776232939935386,0.119887845115423,0.357990764485947,1.05657030242878,156,"AKT3;JMY;USP7;RPS27A;PHF20;TAF5;PRKAG2;ZNF385A;MDM4;MAPK14;PIP4K2B;TAF10;RPA1;SGK1;NBN;GATAD2A;RICTOR;CHD3;HIPK2;RAD17;DYRK2;BARD1;PPP2CA;CSNK2A1;KAT6A;CCNA1;SSRP1;EXO1;TP53INP1;PPP1R13L;RMI1;HUS1;RBBP7;RAD9A;PRKAB1;BRIP1;MRE11","shrunk_lfc",FALSE
"REACTOME_DAG_AND_IP3_SIGNALING",0.305613305613306,0.776232939935386,0.110122263835536,-0.518248695757896,-1.13530212813187,36,"PDE1C;KPNA2","shrunk_lfc",FALSE
"REACTOME_CD209_DC_SIGN_SIGNALING",0.305927342256214,0.776232939935386,0.104732821580651,0.530853428376292,1.15366113649181,18,"PAK3;PAK1;RELA;PRKACB;FYN;RPS6KA5;PAK2;NFKB1","shrunk_lfc",FALSE
"REACTOME_SIGNALING_BY_THE_B_CELL_RECEPTOR_BCR",0.308351177730193,0.776232939935386,0.11146266692298,0.392181955818129,1.08604889750618,86,"PIK3AP1;RPS27A;NFATC1;FBXW11;ITPR3;TRPC1;MALT1;GRB2;AHCYL1;CALM1;SOS1;ORAI1;RELA;PSMD7;CD22;MAP3K7;PSMD14;BCL10;PPP3CA","shrunk_lfc",FALSE
"REACTOME_INTERLEUKIN_6_FAMILY_SIGNALING",0.30873786407767,0.776232939935386,0.105125131597001,0.516750548259648,1.13678137540177,20,"LIFR;IL11;CBL;PTPN11;OSMR","shrunk_lfc",FALSE
"REACTOME_WNT5A_DEPENDENT_INTERNALIZATION_OF_FZD4",0.308880308880309,0.776232939935386,0.104732821580651,0.554116865842445,1.15288893805953,15,"FZD4;PRKCA;WNT5A;CLTB;CLTC;DVL2","shrunk_lfc",FALSE
"REACTOME_REGULATION_OF_MITF_M_DEPENDENT_GENES_INVOLVED_IN_APOPTOSIS",0.311340206185567,0.776232939935386,0.108394255853397,-0.543070879314082,-1.12511033360596,16,"POU3F2;TNRC6B","shrunk_lfc",FALSE
"REACTOME_BRANCHED_CHAIN_AMINO_ACID_CATABOLISM",0.311850311850312,0.776232939935386,0.108820126769161,-0.534972453440087,-1.13614989072732,21,"BCAT2;MCCC2;BCKDK;ACAD8;MCCC1;DLD;SLC25A44;ALDH6A1;BCKDHA;AUH;ECHS1;IVD","shrunk_lfc",FALSE
"REACTOME_NOTCH3_INTRACELLULAR_DOMAIN_REGULATES_TRANSCRIPTION",0.31211498973306,0.776232939935386,0.107972360317345,-0.532720353554257,-1.12522495910967,19,"WWC1;FABP7;STAT1;HEY1","shrunk_lfc",FALSE
"REACTOME_PLASMA_LIPOPROTEIN_REMODELING",0.312629399585921,0.776232939935386,0.108394255853397,-0.544327342656266,-1.13006804244284,17,"PCSK5;APOE;LMF2","shrunk_lfc",FALSE
"REACTOME_MAPK_TARGETS_NUCLEAR_EVENTS_MEDIATED_BY_MAP_KINASES",0.314990512333966,0.776232939935386,0.102449405629826,0.476547694291996,1.13771201681178,31,"MAPK1;MEF2A;DUSP7;MAPK14;RPS6KA1;MAPK9;PPP2R5D;PPP2CA;MAPK8","shrunk_lfc",FALSE
"REACTOME_SIGNALING_BY_SCF_KIT",0.315689981096408,0.776232939935386,0.102080107662747,0.460574067005632,1.12092183681618,33,"FER;YES1;GRB10;CBL;PRKCA;PTPN11;GRB2;GAB2;STAT5B;SOS1","shrunk_lfc",FALSE
"REACTOME_INTEGRIN_CELL_SURFACE_INTERACTIONS",0.317554240631164,0.776232939935386,0.104343952581949,-0.49592372674601,-1.11735193288613,58,"HSPG2;FN1;COL13A1;TNC;AGRN;ITGA7;COL4A5;COL9A3;COL5A1;ITGAV;ITGB1;COL4A2","shrunk_lfc",FALSE
"REACTOME_APOPTOTIC_EXECUTION_PHASE",0.317622950819672,0.776232939935386,0.106729884364606,-0.49852230513596,-1.11424161801638,44,"GAS2;CASP6;ACIN1;HMGB1;SPTAN1;LMNB1;KPNB1;DNM1L;DFFA;CTNNB1;GSN","shrunk_lfc",FALSE
"REACTOME_MAPK6_MAPK4_SIGNALING",0.317622950819672,0.776232939935386,0.106729884364606,0.39301126406244,1.0866025254898,74,"PAK3;PAK1;RPS27A;AGO4;FOXO3;TNRC6A;MMP2;MAPK6;CDC14B;MMP10;XPO1;AGO1;AGO2;PSMD7;AGO3;MYC;PSMD14;NCOA3;SEPTIN7;PRKACB","shrunk_lfc",FALSE
"REACTOME_SEPARATION_OF_SISTER_CHROMATIDS",0.318936877076412,0.776232939935386,0.0937465422491719,-0.427292985669643,-1.10327351986639,169,"DYNC1I1;TUBB4A;UBE2C;CENPA;TUBB3;RCC2;TUBA1C;PLK1;TUBA1B;CDCA8;CLASP1;MAD1L1;CENPL;TUBA1A;CENPF;DYNLL1;SGO1;ZWINT;CENPT;CDC27;PSMC3;PSMB4;TUBB4B;CENPM;PPP2R5C;PSMB7;PSMD8;KIF2C;PPP2R1A;PSMA5;TUBB2A;PMF1;KNL1;BIRC5;PSMB3;AURKB;NUF2;INCENP;CDC23;PSMA6;UBB;SPC24;NUP85;ANAPC7;PSMD6;CENPK;PSMA2;SPC25;HDAC8;SKA2;PSMD13","shrunk_lfc",FALSE
"REACTOME_PKA_MEDIATED_PHOSPHORYLATION_OF_CREB",0.319845857418112,0.776232939935386,0.102449405629826,0.529561113440336,1.1426208000921,17,"ADCY3;ADCY9;CALM1;NBEA;PRKAR2A;PRKACB;CREB1","shrunk_lfc",FALSE
"REACTOME_RSV_HOST_INTERACTIONS",0.3203125,0.776232939935386,0.103197466945307,-0.491361776223581,-1.12313442586068,77,"HSPG2;SDC3;ISG15;IFIH1;RIGI;OAS2;GPC1;AGRN","shrunk_lfc",FALSE
"REACTOME_RESOLUTION_OF_SISTER_CHROMATID_COHESION",0.322638146167558,0.776232939935386,0.0972150808846466,-0.459621815410222,-1.12817617817318,118,"DYNC1I1;TUBB4A;CENPA;TUBB3;RCC2;TUBA1C;PLK1;TUBA1B;CDCA8;CLASP1;CCNB1;MAD1L1;CENPL;TUBA1A;CENPF;DYNLL1;SGO1;ZWINT;CENPT;TUBB4B;CENPM;PPP2R5C;KIF2C;PPP2R1A;TUBB2A;PMF1;KNL1;BIRC5;AURKB;NUF2;INCENP;SPC24;NUP85;CENPK;SPC25;HDAC8;SKA2","shrunk_lfc",FALSE
"REACTOME_VISUAL_PHOTOTRANSDUCTION",0.322772277227723,0.776232939935386,0.103576326612592,-0.493885606358445,-1.11227769329058,56,"HSPG2;SDC3;GPC1;APOE;AGRN","shrunk_lfc",FALSE
"REACTOME_TRANSMISSION_ACROSS_CHEMICAL_SYNAPSES",0.324257425742574,0.776232939935386,0.11776578836269,0.353153615788174,1.05704837137999,173,"RIMS1;KIF17;SLC1A3;MAPK1;GNG2;LIN7A;ADCY3;PRKAG2;GNG11;CAMK2G;PRKCA;NRGN;RPS6KA1;CAMKK2;MYO6;GIT1;GNB1;HSPA8;GRIA3;COMT;CHRNA9;ARHGEF7;PPM1F;ADCY9;GNG12;EPB41L1;CALM1;GNB5;NBEA;PLCB3","shrunk_lfc",FALSE
"REACTOME_SIGNAL_TRANSDUCTION_BY_L1",0.324271844660194,0.776232939935386,0.102080107662747,0.509432950231392,1.12068364859874,20,"MAPK1;PAK1;EGFR;ITGA5;NCAM1","shrunk_lfc",FALSE
"REACTOME_MEIOTIC_SYNAPSIS",0.324902723735409,0.776232939935386,0.102080107662747,0.431495773194252,1.09872530617358,44,"SMC1A;STAG2;SMC3;H2BC21;H2BC5;SUN2;POT1;H2AC19;ACD;TINF2;H2BC4;DIDO1","shrunk_lfc",FALSE
"REACTOME_DNA_REPLICATION_PRE_INITIATION",0.325,0.776232939935386,0.111918316325105,0.372848345729926,1.0621384435829,113,"H3C4;RPS27A;CDC45;MCM4;RPA1;MCM6;ANAPC1;KPNA1;H2BC21;H2BC5;ANAPC4;MCM3;H2AC19;PSMD7;PSMD14;ANAPC11","shrunk_lfc",FALSE
"REACTOME_PD_L1_CD274_GLYCOSYLATION_AND_TRANSLOCATION_TO_PLASMA_MEMBRANE",0.32621359223301,0.776232939935386,0.101713902282311,0.515155136696561,1.12537134820981,19,"CD274;RPS27A;PDCD1LG2;OSTC;DAD1;MAGT1;JAK1","shrunk_lfc",FALSE
"REACTOME_SYNTHESIS_OF_BILE_ACIDS_AND_BILE_SALTS_VIA_7ALPHA_HYDROXYCHOLESTEROL",0.326254826254826,0.776232939935386,0.101350743797099,0.542638853270766,1.12900792208526,15,"CYP27A1;NCOA1;NCOA2;RXRA;SCP2;AMACR;HSD3B7;HSD17B4","shrunk_lfc",FALSE
"REACTOME_ACTIVATION_OF_THE_PRE_REPLICATIVE_COMPLEX",0.326335877862595,0.776232939935386,0.100633389423036,0.464248365216188,1.11474466107926,32,"CDC45;MCM4;RPA1;MCM6;MCM3","shrunk_lfc",FALSE
"REACTOME_SULFUR_AMINO_ACID_METABOLISM",0.329166666666667,0.776232939935386,0.105520936843198,-0.507778509260718,-1.09986089088092,24,"SLC25A10;TXN2;MRI1;CBS;APIP;ETHE1;GOT1;ADO;AHCY;MTRR","shrunk_lfc",FALSE
"REACTOME_MITOTIC_METAPHASE_AND_ANAPHASE",0.329563812600969,0.776232939935386,0.0902635484340068,-0.407270254748085,-1.07584096106008,213,"DYNC1I1;TUBB4A;SPAST;UBE2C;CENPA;TUBB3;RCC2;TUBA1C;PLK1;TUBA1B;CDCA8;CLASP1;CCNB1;MAD1L1;CENPL;TUBA1A;CENPF;DYNLL1;SGO1;ZWINT;LMNB1;CENPT;RCC1;KPNB1;CDC27;PSMC3;CHMP3;PSMB4;TUBB4B;CENPM;FBXO5;PPP2R5C;PSMB7;PSMD8;KIF2C;PPP2R1A;BANF1;PSMA5;TUBB2A;PMF1;KNL1;BIRC5;NUP93;PSMB3;AURKB;NUF2;INCENP;CDC23;PSMA6;CHMP4A;UBB;LBR;SPC24;NUP85;ANAPC7;PSMD6;CENPK;PSMA2;VRK1;SPC25;HDAC8;SKA2;PSMD13;MIS12;LEMD2;POM121;BUB3;CENPE;TNPO1;CLASP2;CC2D1B;RANBP2;PSMB1;ANAPC15;TUBB6;NDC80;LMNA;PSMA7;PSMA3;PSMD1;ADRM1;CHMP2B;PSMA1;RAN;UBA52;CENPU;UBE2S","shrunk_lfc",FALSE
"REACTOME_RORA_B_C_AND_NR1D1_REV_ERBA_REGULATE_GENE_EXPRESSION",0.330578512396694,0.776232939935386,0.104732821580651,-0.505845552477011,-1.10015620074342,25,"RORC;HELZ2;CHD9","shrunk_lfc",FALSE
"REACTOME_G1_S_SPECIFIC_TRANSCRIPTION",0.330812854442344,0.776232939935386,0.099233334377119,0.465315949756585,1.10642049504585,29,"CDC45;E2F1;RBL1;RRM2;TFDP1;CCNA1;POLA1;LIN54;DHFR;ORC1;TYMS;E2F6;CDT1;E2F5","shrunk_lfc",FALSE
"REACTOME_NUCLEAR_EVENTS_STIMULATED_BY_ALK_SIGNALING_IN_CANCER",0.332684824902724,0.776232939935386,0.100633389423036,0.473283583804321,1.10168944874155,27,"MAPK1;AGO4;JUNB;AGO1;AGO2;TWIST1;AGO3;BCL2A1;SKP1;MECP2;FOXM1","shrunk_lfc",FALSE
"REACTOME_MITOCHONDRIAL_UNFOLDED_PROTEIN_RESPONSE_UPRMT",0.332688588007737,0.776232939935386,0.10027910675413,0.530939518371452,1.12834268289245,16,"HSPA1B;SOD2;FOXO3;HSPA1A;CAT","shrunk_lfc",FALSE
"REACTOME_DEVELOPMENTAL_CELL_LINEAGES_OF_THE_INTEGUMENTARY_SYSTEM",0.334033613445378,0.776232939935386,0.105125131597001,-0.493672992939471,-1.08620644997614,38,"TFAP2A;CD24;DMKN","shrunk_lfc",FALSE
"REACTOME_ANTIGEN_PRESENTATION_FOLDING_ASSEMBLY_AND_PEPTIDE_LOADING_OF_CLASS_I_MHC",0.334038054968288,0.776232939935386,0.105520936843198,-0.5135256241248,-1.08571380721732,29,"HLA-B;CALR;HLA-C;TAPBP;HLA-F;HLA-A;HLA-E;PIK3R4","shrunk_lfc",FALSE
"REACTOME_RIPK1_MEDIATED_REGULATED_NECROSIS",0.334593572778828,0.776232939935386,0.0985499803531691,0.463476935328211,1.10204771724767,29,"TNFRSF10A;RPS27A;SDCBP;HSP90AA1;UBE2L3;ITCH;BIRC2;MLKL","shrunk_lfc",FALSE
"REACTOME_G_BETA_GAMMA_SIGNALLING_THROUGH_CDC42",0.334622823984526,0.776232939935386,0.0999276973731092,0.529750418375247,1.12581562993534,16,"GNG2;PAK1;GNG11;GNB1;ARHGEF6;GNG12;GNB5","shrunk_lfc",FALSE
"REACTOME_INTERLEUKIN_17_SIGNALING",0.334719334719335,0.776232939935386,0.104343952581949,0.397953831281392,1.07204653364405,67,"MAPK1;MEF2A;RPS27A;RIPK2;FBXW11;DUSP7;MAPK14;RPS6KA1;IRAK1;MAPK9;TRAF6;PPP2R5D;TNIP2;PPP2CA;MAP3K7;MAPK8;MAP2K4","shrunk_lfc",FALSE
"REACTOME_BUTYRATE_RESPONSE_FACTOR_1_BRF1_BINDS_AND_DESTABILIZES_MRNA",0.335260115606936,0.776232939935386,0.0995791200495904,0.522903157578268,1.1282550948675,17,"ZFP36L1;XRN1;DIS3;DCP2","shrunk_lfc",FALSE
"REACTOME_NEF_MEDIATES_DOWN_MODULATION_OF_CELL_SURFACE_RECEPTORS_BY_RECRUITING_THEM_TO_CLATHRIN_ADAPTERS",0.335403726708075,0.776232939935386,0.103958471559957,-0.529285501872117,-1.09883995184807,17,"AP1S3;HLA-A;AP2S1;AP2M1;ATP6V1H;AP1B1;B2M;AP2A2","shrunk_lfc",FALSE
"REACTOME_POTASSIUM_CHANNELS",0.335984095427435,0.776232939935386,0.101350743797099,-0.491955871261663,-1.10331201271054,53,"KCNA2;GNG7;GNB4;KCNH2","shrunk_lfc",FALSE
"REACTOME_CA_DEPENDENT_EVENTS",0.336820083682008,0.776232939935386,0.104343952581949,-0.504210971026036,-1.08853582684972,32,"PDE1C;KPNA2","shrunk_lfc",FALSE
"REACTOME_DEVELOPMENTAL_LINEAGES_OF_THE_MAMMARY_GLAND",0.337474120082816,0.776232939935386,0.103576326612592,-0.51924035733537,-1.11224597856971,22,"TFAP2A;CD24","shrunk_lfc",FALSE
"REACTOME_GLYCEROPHOSPHOLIPID_BIOSYNTHESIS",0.338530066815145,0.776232939935386,0.107972360317345,0.378917871630509,1.06309470530109,103,"MGLL;ETNK1;MBOAT2;PITPNM3;OSBPL8;AGPAT3;CPNE3;STARD10;LPCAT2;AGPAT5;SLC44A1;CDIPT;LPIN2;CHPT1;ABHD3;CSNK2A1;DDHD2;PNPLA8;CDS1;PITPNB;LCLAT1;PITPNM2;GPD2;PISD;ETNK2;LPGAT1;PCTP;ACHE;CPNE7;CEPT1;DDHD1","shrunk_lfc",FALSE
"REACTOME_SLC_MEDIATED_TRANSPORT_OF_AMINO_ACIDS",0.339113680154143,0.776232939935386,0.0988903007520636,0.497161382713269,1.11512139709425,22,"SLC1A3;SLC7A11","shrunk_lfc",FALSE
"REACTOME_SIGNALING_BY_NOTCH",0.339331619537275,0.776232939935386,0.117249716749792,0.351597335227592,1.05010334358093,183,"H3C4;EGF;NOTCH3;HES1;TBL1X;EGFR;JAG1;RPS27A;HDAC5;MIB1;NOTCH2;CCND1;AGO4;E2F1;ST3GAL4;FURIN;HDAC9;TNRC6A;ITCH;ADAM10;SEL1L;H2BC21;H2BC5;YWHAZ;HDAC11;NOTCH2NLA;PSENEN;SMAD3;RAB6A;HDAC7;SNW1;AGO1;H2AC19;AGO2;NBEA;ATP2A3;PSMD7;AGO3;MYC;PSMD14;NUMB","shrunk_lfc",FALSE
"REACTOME_PURINE_CATABOLISM",0.34020618556701,0.776232939935386,0.102821842840815,-0.521149257072607,-1.07969408196594,16,"NUDT16;NUDT9;NT5E;DNPH1;NT5C;NUDT1;ITPA;ADPRM","shrunk_lfc",FALSE
"REACTOME_DEVELOPMENTAL_CELL_LINEAGES_OF_THE_EXOCRINE_PANCREAS",0.343137254901961,0.776232939935386,0.099233334377119,0.420127762264293,1.07192742067097,46,"EGF;TFPI2;ANXA1;COL5A2;CXCR4;LAMA4;LAMB1;LAMC3;FGF2","shrunk_lfc",FALSE
"REACTOME_ACTIVATION_OF_KAINATE_RECEPTORS_UPON_GLUTAMATE_BINDING",0.343685300207039,0.776232939935386,0.102449405629826,-0.515390050699608,-1.10399837606465,22,"GRIK2;GNG7;DLG1;GNB4","shrunk_lfc",FALSE
"REACTOME_REPLACEMENT_OF_PROTAMINES_BY_NUCLEOSOMES_IN_THE_MALE_PRONUCLEUS",0.34368932038835,0.776232939935386,0.0985499803531691,0.503723261867281,1.10039808584134,19,"HIRA;H2BC21;H2BC5","shrunk_lfc",FALSE
"REACTOME_HS_GAG_BIOSYNTHESIS",0.344262295081967,0.776232939935386,0.101713902282311,-0.508809273304628,-1.09236916841794,27,"HSPG2;SDC3;HS6ST1;GPC1;AGRN","shrunk_lfc",FALSE
"REACTOME_BETA_CATENIN_PHOSPHORYLATION_CASCADE",0.344894026974952,0.776232939935386,0.0978773277424561,0.521437832585685,1.12509339969592,17,"GSK3B;APC;PPP2R5D;PPP2CA;PPP2R5B;PPP2R5E;CSNK1A1","shrunk_lfc",FALSE
"REACTOME_BASE_EXCISION_REPAIR_AP_SITE_FORMATION",0.345489443378119,0.776232939935386,0.09754492162472,0.442761899226006,1.08858950659567,36,"SMUG1;H2BC21;H2BC5;POT1;H2AC19;ACD;TINF2;H2BC4;NEIL2","shrunk_lfc",FALSE
"REACTOME_ACYL_CHAIN_REMODELLING_OF_PC",0.346228239845261,0.776232939935386,0.0978773277424561,0.525119591602413,1.11597428393628,16,"MBOAT2;LPCAT2;PNPLA8;PLA2G4A;LPCAT4;PLAAT3;PLA2G4C","shrunk_lfc",FALSE
"REACTOME_SUMOYLATION_OF_DNA_METHYLATION_PROTEINS",0.346228239845261,0.776232939935386,0.0978773277424561,0.524927665853554,1.11556640694296,16,"PHC3;PHC1","shrunk_lfc",FALSE
"REACTOME_HYALURONAN_METABOLISM",0.347107438016529,0.776232939935386,0.101713902282311,-0.524320615879788,-1.08206176431806,15,"CEMIP;HAS3;HYAL3;HMMR;HEXA;ABCC5","shrunk_lfc",FALSE
"REACTOME_CYCLIN_A_B1_B2_ASSOCIATED_EVENTS_DURING_G2_M_TRANSITION",0.347280334728033,0.776232939935386,0.102449405629826,-0.490200978636293,-1.05828979983628,32,"PLK1;PPME1;CCNB1;CDC25B;SGO1;TICRR;FZR1;PPP2R1A;CDC25C","shrunk_lfc",FALSE
"REACTOME_SIGNALING_BY_CTNNB1_PHOSPHO_SITE_MUTANTS",0.347490347490348,0.776232939935386,0.09754492162472,0.53258430473917,1.1080885484047,15,"GSK3B;APC;PPP2R5D;PPP2CA;PPP2R5B;PPP2R5E;CSNK1A1","shrunk_lfc",FALSE
"REACTOME_G_BETA_GAMMA_SIGNALLING_THROUGH_PI3KGAMMA",0.347992351816444,0.776232939935386,0.096887770327544,0.506092188584661,1.0998495220009,18,"GNG2;AKT3;GNG11;GNB1;GNG12;GNB5","shrunk_lfc",FALSE
"REACTOME_OLFACTORY_SIGNALING_PATHWAY",0.347992351816444,0.776232939935386,0.096887770327544,0.507362903616956,1.10261106496164,18,"ADCY3;GNB1","shrunk_lfc",FALSE
"REACTOME_VASOPRESSIN_REGULATES_RENAL_WATER_HOMEOSTASIS_VIA_AQUAPORINS",0.351145038167939,0.781580891406057,0.096240602328129,0.453975922393035,1.09007865975038,32,"GNG2;ADCY3;GNG11;GNB1;MYO5B;ADCY9;GNG12;AQP1;GNB5;PRKAR2A;PRKACB","shrunk_lfc",FALSE
"REACTOME_CELLULAR_RESPONSES_TO_MECHANICAL_STIMULI",0.352504638218924,0.782749781250412,0.0943563635421779,-0.463680470540324,-1.09545617482099,88,"HSPG2;CALCRL;FN1;GNG7;STAT1;ABL1;GNB4;ITGAV;MLST8;ITGB1;PDE4D;PRKAR1B;PIK3R2;CTNNB1;PPP2R1A;MMP14;ADCY6;CAPNS1;PRKACA","shrunk_lfc",FALSE
"REACTOME_SOMITOGENESIS",0.353182751540041,0.782749781250412,0.10027910675413,-0.482510755606715,-1.07304658294339,42,"PSMC3;PSMB4;PSMB7;CTNNB1;PSMD8;PSMA5;PSMB3;PSMA6;NOTCH1;PSMD6;PSMA2;PSMD13;PSMB1;PSMA7;PSMA3;PSMD1;ADRM1;PSMA1;PSMC5;PSMB2","shrunk_lfc",FALSE
"REACTOME_RESPONSE_TO_ELEVATED_PLATELET_CYTOSOLIC_CA2",0.355311355311355,0.78578472809242,0.0931454575337804,-0.45616610922097,-1.08869711091792,95,"PCDH7;A2M;FN1;LGALS3BP;SPARC;CD63;CFL1;APLP2;CLU;PFN1;CHID1;PPIA;LAMP2;PCYOX1L","shrunk_lfc",FALSE
"REACTOME_ANTI_INFLAMMATORY_RESPONSE_FAVOURING_LEISHMANIA_PARASITE_INFECTION",0.357707509881423,0.78699743370402,0.0972150808846466,0.408458482959875,1.06968759755552,54,"GNG2;YES1;ADCY3;GNG11;MAPK14;FURIN;ITPR3;GNB1;AHCYL1;ADCY9;GNG12;CALM1;GNB5;PRKAR2A;PRKACB;ITPR2;SRC","shrunk_lfc",FALSE
"REACTOME_MITOTIC_SPINDLE_CHECKPOINT",0.360215053763441,0.78699743370402,0.0911073131586733,-0.446250406398279,-1.08899465644727,110,"DYNC1I1;UBE2C;CENPA;RCC2;PLK1;CDCA8;CLASP1;MAD1L1;CENPL;CENPF;DYNLL1;SGO1;ZWINT;CENPT;CDC27;CENPM;PPP2R5C;KIF2C;PPP2R1A;PMF1;KNL1;BIRC5;AURKB;NUF2;INCENP;CDC23;SPC24;NUP85;ANAPC7;CENPK;SPC25;SKA2","shrunk_lfc",FALSE
"REACTOME_MITOCHONDRIAL_TRANSLATION_ELONGATION",0.360655737704918,0.78699743370402,0.0919686140000427,-0.457861304594397,-1.08826424818406,90,"MRPL16;MRPL20;MRPS2;MRPL11;MRPL51;MRPS21;MRPS18A;MRPL35;OXA1L;MRPL43;MRPL23;MRPL32;MT-RNR1;MRPL30;MRPS22;MRPL44;MRPS9;MRPL55;MRPS18C;MRPS11;MRPL3;MRPL34;MRPL27;MRPL15;MRPL47;GFM1;MRPS12;MRPL9;TSFM;MRPL41;MRPL22;MRPL1;MRPL53;MRPL37;MRPL45;MRPL38","shrunk_lfc",FALSE
"REACTOME_SLC_MEDIATED_TRANSPORT_OF_INORGANIC_ANIONS",0.361396303901437,0.78699743370402,0.0988903007520636,-0.498999257780282,-1.05930209012006,20,"SLC4A4;SLC4A2;SLC20A2","shrunk_lfc",FALSE
"REACTOME_INFLUENZA_INFECTION",0.361650485436893,0.78699743370402,0.109250039480711,0.347281342897787,1.02132799790014,154,"RPS27A;KPNA5;NUP58;NUP133;RPS3A;POLR2A;HSP90AA1;NUP50;RPL9;IPO5;HSPA1A;KPNA1;RPL7;TGFB1;KPNA3;RPLP0;RPS15A;XPO1;RPL23;MLKL;POM121C;RPS7;CLTC;RPS13;RPS17;RPL39;RPS23;RPLP2;RPS11;NDC1;RPL5;DNAJC3;RPL22;RPL17;SEC13;RPS10;CANX;RPL27A;RPS21;RPS25;NUP160;RPS29;NUP188;NUP43;RPL11;CPSF4;NUP155;RPL34;POLR2D;NUP153;RPS18;RPS27L;RPL27;RPS3;RPL26;RPS20;RPS12;RPL30;RPS27;POLR2E;RPL18A;RPS19;NUP205;RPS6;RPS2;RPL4;RPS14","shrunk_lfc",FALSE
"REACTOME_ISG15_ANTIVIRAL_MECHANISM",0.36223506743738,0.78699743370402,0.0949751525905595,-0.467254063038254,-1.06615717535512,73,"IFIT1;MX1;UBA7;ISG15;RIGI;KPNA2;NUP210;STAT1;UBE2L6;TPR;KPNB1;EIF4A1;AAAS;UBE2N","shrunk_lfc",FALSE
"REACTOME_S_PHASE",0.36231884057971,0.78699743370402,0.108820126769161,0.352174913990611,1.03097949203737,150,"GSK3B;AKT3;RPS27A;WAPL;CDC45;MCM4;CCND1;E2F1;SMC1A;STAG2;SMC3;RPA1;RFC1;MCM6;ANAPC1;PDS5A;POLD3;CDKN1B;ANAPC4;MCM3;CCNE2;CABLES1;PSMD7;MYC;PSMD14;ANAPC11;TFDP1;CCNA1","shrunk_lfc",FALSE
"REACTOME_SIGNALING_BY_BRAF_AND_RAF1_FUSIONS",0.362525458248472,0.78699743370402,0.0982123351217438,0.390178105946196,1.04316774517602,60,"MAPK1;CAMK2G;TRAK1;QKI;BCL2L11;MARK3;RAP1B;FAM114A2;IQGAP1;PAPSS1;ACTG1;FXR1;RAP1A;CALM1;MPRIP;ATG7;KSR1;KDM7A;AKAP9;SRC;MAP2K1;JAK2","shrunk_lfc",FALSE
"REACTOME_METABOLISM_OF_PORPHYRINS",0.363106796116505,0.78699743370402,0.0952879846194844,0.497588544043363,1.09462755557167,20,"SLCO1B3;ALAD;CPOX;PPOX;BLVRA","shrunk_lfc",FALSE
"REACTOME_SYNTHESIS_OF_GLYCOSYLPHOSPHATIDYLINOSITOL_GPI",0.365344467640919,0.78699743370402,0.099233334377119,-0.514403786617261,-1.06913538521094,18,"PIGB;DPM2;PIGL;PIGQ;PIGZ","shrunk_lfc",FALSE
"REACTOME_RESOLUTION_OF_D_LOOP_STRUCTURES_THROUGH_SYNTHESIS_DEPENDENT_STRAND_ANNEALING_SDSA",0.365758754863813,0.78699743370402,0.0949751525905595,0.460608579960277,1.07218511249245,27,"RAD51B;NBN;RAD51AP1;BARD1;XRCC3;EXO1;RMI1;BRIP1;MRE11;RAD50;RAD51","shrunk_lfc",FALSE
"REACTOME_RNA_POLYMERASE_II_TRANSCRIBES_SNRNA_GENES",0.366459627329193,0.78699743370402,0.0985499803531691,0.382101048998382,1.05203952580234,73,"ELL2;INTS6;TAF5;RPAP2;POLR2A;PHAX;CCNK;CCNT2;SNAPC1;NABP2;INTS13;ZNF143;INTS8","shrunk_lfc",FALSE
"REACTOME_RECOGNITION_AND_ASSOCIATION_OF_DNA_GLYCOSYLASE_WITH_SITE_CONTAINING_AN_AFFECTED_PURINE",0.366729678638941,0.78699743370402,0.0931454575337804,0.44764057699062,1.06439228884302,29,"H2BC21;H2BC5;POT1;H2AC19;ACD;TINF2;H2BC4","shrunk_lfc",FALSE
"REACTOME_TICAM1_RIP1_MEDIATED_IKK_COMPLEX_RECRUITMENT",0.367432150313152,0.78699743370402,0.0988903007520636,-0.51267118524273,-1.06553435138077,18,"BIRC3;UBE2V1;UBE2N","shrunk_lfc",FALSE
"REACTOME_REGULATION_OF_ORNITHINE_DECARBOXYLASE_ODC",0.367647058823529,0.78699743370402,0.099233334377119,-0.47535272141926,-1.0458971817456,38,"PSMC3;PSMB4;AZIN1;PSMB7;PSMD8;PSMA5;PSMB3;PSMA6;PSMD6;PSMA2;PSMD13;PSMB1;PSMA7;PSMA3;PSMD1;ADRM1;PSMA1;PSMC5;OAZ3;PSMB2","shrunk_lfc",FALSE
"REACTOME_MITF_M_DEPENDENT_GENE_EXPRESSION",0.369565217391304,0.78699743370402,0.0902635484340068,-0.444885373340235,-1.06520505422906,97,"TFAP2A;POU3F2;EDIL3;TNRC6B;ATP6V0E2;PLK1;CCNB1;CDC25B;PXDN;SMARCD1;ATP6V0C;DPF3;ACTB;DICER1;ATP6V0D1;ATP6V1G1;TCF7L2;GMPR;CTNNB1;BCL7A;ATP6V1H;ATP6V0B;MOV10;ATP6V1C1;GXYLT2;ATP6V1F","shrunk_lfc",FALSE
"REACTOME_COPI_MEDIATED_ANTEROGRADE_TRANSPORT",0.36996336996337,0.78699743370402,0.0908241419007155,-0.451176877286479,-1.0711506013711,89,"DYNC1I1;TUBB4A;TUBB3;TUBA1C;TUBA1B;SPTBN5;ANK1;TUBA1A;TMED10;DYNLL1;COG2;SPTAN1;COPE;COG3;NAPA;TUBB4B;RAB1B;ARF3;ARFGAP2;GBF1;TMEM115;TUBB2A;DCTN6","shrunk_lfc",FALSE
"REACTOME_PKR_MEDIATED_SIGNALING",0.370441458733205,0.78699743370402,0.0934449219410994,-0.460017350150297,-1.05291007129347,67,"TUBB4A;ISG15;TUBB3;STAT1;STAT3;TUBA1C;TP53;TUBA1B;FANCA;TUBA1A;UBE2L6;ADAR;TUBB4B;PPP2R1A;PTPN2;TUBB2A;FAAP100","shrunk_lfc",FALSE
"REACTOME_CYTOSOLIC_SENSORS_OF_PATHOGEN_ASSOCIATED_DNA",0.370808678500986,0.78699743370402,0.0949751525905595,-0.467806901159669,-1.05400269645887,58,"TRIM56;MYD88;STING1;DHX36;POLR2L;PRKDC;POLR2F;IFI16;CTNNB1;LRRFIP1;IRF7;NFKBIB;TRIM21;UBB;NKIRAS2;CRCP;POLR2H;POLR3C;POLR2K;UBA52","shrunk_lfc",FALSE
"REACTOME_ROS_AND_RNS_PRODUCTION_IN_PHAGOCYTES",0.371900826446281,0.78699743370402,0.09754492162472,-0.490157429340919,-1.06603632786585,25,"NOS2;ATP6V0E2;ATP6V0C;ATP6V0D1;ATP6V1G1;ATP6V1H;ATP6V0B;ATP6V1C1;ATP6V1F;ATP6V0A1","shrunk_lfc",FALSE
"REACTOME_METABOLISM_OF_POLYAMINES",0.371951219512195,0.78699743370402,0.0965629554309422,-0.47348492288328,-1.06023715085641,46,"SMS;PSMC3;PSMB4;AZIN1;PSMB7;PSMD8;AMD1;PSMA5;PSMB3;PSMA6;PSMD6;PSMA2;PSMD13;SMOX;PSMB1;PSMA7;PSMA3;PSMD1;ADRM1;PSMA1;PSMC5;PAOX;OAZ3;PSMB2;SRM;PSMC1","shrunk_lfc",FALSE
"REACTOME_MAPK1_MAPK3_SIGNALING",0.373368146214099,0.78699743370402,0.111918316325105,0.341973643917667,1.03435043720545,213,"EGF;MAPK1;DUSP1;DUSP5;PDGFB;LYPLA1;EGFR;EREG;RPS27A;GFRA1;PPP1CC;RGL1;SPTBN2;CAMK2G;DUSP7;PTK2;PTPN11;MET;NRG2;NCAM1;SPTBN1;SPRED2;IRS1;PPP2R5D;TGFA;RASAL2;MARK3;HBEGF;RAP1B;IQGAP1;IL17RD;RANBP9;GRB2;ACTG1;FGF2;PAQR3;RAP1A;CALM1;RASA1;SOS1;ARL2;ICMT;RASA4;PPP2CA;PSMD7;RASA3;PSMD14","shrunk_lfc",FALSE
"REACTOME_FCERI_MEDIATED_CA_2_MOBILIZATION",0.374760994263862,0.78699743370402,0.0925528864684773,0.471912598853804,1.06858733635904,23,"NFATC1;ITPR3;GRB2;AHCYL1;CALM1;SOS1;PPP3CA;ITPR2","shrunk_lfc",FALSE
"REACTOME_HEPARAN_SULFATE_HEPARIN_HS_GAG_METABOLISM",0.375262054507338,0.78699743370402,0.0978773277424561,-0.471870397076816,-1.02957773590384,34,"HSPG2;SDC3;HS6ST1;GPC1;AGRN;IDS","shrunk_lfc",FALSE
"REACTOME_DETOXIFICATION_OF_REACTIVE_OXYGEN_SPECIES",0.377176015473888,0.78699743370402,0.0928481214159878,0.449815818266701,1.05049979278935,26,"PRDX1;SOD2;ERO1A;TXNRD1;CAT;ATP7A","shrunk_lfc",FALSE
"REACTOME_MITOCHONDRIAL_TRANSLATION",0.378136200716846,0.78699743370402,0.0883594442500905,-0.436798142277589,-1.067923797018,115,"MRPL16;MRPL20;MRPS2;MRPL11;MRPL51;MRPS21;MRPS18A;MRPL35;OXA1L;MRPL43;MRPL23;MRPL32;MT-RNR1;MRPL30;MRPS22;MRPL44;MRPS9;MTRFR;MALSU1;MRPL55;MRPS18C;MT-ND6;MRPS11;MRPL3;MRPL34;MRPL27;MRPL15;MRPL47;GFM1;MRPS12;MRPL9;TSFM;MT-CO2;MRPL41;MRPL22;GFM2;MRPL1;MRPL53;MT-CO1;MRPL37;MRPL45;MRPL38;MT-CO3;MTFMT;MT-ATP6;KGD4;MRRF;MRPS33;MRPL4","shrunk_lfc",FALSE
"REACTOME_SIGNALING_BY_INTERLEUKINS",0.378787878787879,0.78699743370402,0.120985142145252,0.318306056387668,1.0114954894423,340,"H3C4;MMP1;LCP1;CRKL;LIFR;MAPK1;IL1R1;IL13RA2;YES1;MEF2A;RPS27A;RIPK2;IL11;SOD2;ANXA1;CCND1;CBL;FBXW11;TCP1;RALA;NLRC5;MSN;HSP90AA1;DUSP7;MAPK14;JUNB;FOXO3;RPS6KA1;PTPN11;IRAK1;MCL1;SDC1;MAPK9;SOS2;TRAF6;MMP2;IRS1;HSPA8;PPP2R5D;OSMR;PTPN12;YWHAZ;RAP1B;TGFB1;IL33;SQSTM1;RPLP0;GRB2;FGF2;SMAD3;GAB2;TNIP2;STAT5B;SOX2;SOS1;MAP3K3;PPP2CA;TWIST1;N4BP1;RELA;BCL6;PSMD7;MAP3K7;ZEB1;MYC;PSMD14;MAPK8;PTPN18","shrunk_lfc",FALSE
"REACTOME_SIGNALING_BY_WNT",0.379501385041551,0.78699743370402,0.114750719227023,0.332000235804986,1.01451132297708,246,"H3C4;FZD4;FZD3;GNG2;GSK3B;CAV1;CDC73;RPS27A;WNT3;NFATC1;SMURF2;GNG11;CTBP2;AGO4;PRKCA;ITPR3;TNRC6A;WNT5A;DKK1;RUNX3;RAC2;GNB1;APC;TNKS2;SNX3;PPP2R5D;H2BC21;H2BC5;YWHAZ;CLTB;TMED5;VPS35;XPO1;GNG12;AGO1;H2AC19;SOX2;TNKS;CALM1;AGO2;CLTC;GNB5;PPP2CA;PLCB3;RAC3;CSNK2A1;PSMD7;AGO3;MAP3K7;MYC;PSMD14;KLHL12;TCF7;BCL9","shrunk_lfc",FALSE
"REACTOME_SENESCENCE_ASSOCIATED_SECRETORY_PHENOTYPE_SASP",0.379958246346555,0.78699743370402,0.096887770327544,0.385401997085452,1.0533826042702,72,"H3C4;MAPK1;RPS27A;RPS6KA1;ANAPC1;H2BC21;H2BC5;CDKN1B;ANAPC4;H2AC19;RELA;ANAPC11;CCNA1;CXCL8","shrunk_lfc",FALSE
"REACTOME_MITOPHAGY",0.380228136882129,0.78699743370402,0.0913924325943768,0.4239470815033,1.0523924976263,38,"RPS27A;UBE2L3;TOMM20;SQSTM1;UBE2D3;ATG9A;OPTN;CSNK2A1;PGAM5;MAP1LC3A;SRC;MAP1LC3B;ATG5;TBK1;ULK1","shrunk_lfc",FALSE
"REACTOME_DISORDERS_OF_DEVELOPMENTAL_BIOLOGY",0.380497131931166,0.78699743370402,0.0916795246008379,0.490409817849339,1.06576828473597,18,"TBL1X;BDNF;CALM1;SIN3A;MECP2;CAMK4","shrunk_lfc",FALSE
"REACTOME_RHO_GTPASES_ACTIVATE_ROCKS",0.380497131931166,0.78699743370402,0.0916795246008379,0.489943554307551,1.06475499161442,18,"PAK1;ROCK2;ROCK1","shrunk_lfc",FALSE
"REACTOME_HDR_THROUGH_HOMOLOGOUS_RECOMBINATION_HRR",0.380952380952381,0.78699743370402,0.096240602328129,0.387439178816747,1.05412308453275,70,"GEN1;RAD51B;POLK;RPS27A;RPA1;RFC1;NBN;POLD3;RAD51AP1;RAD17;BARD1;XRCC3;EXO1;RMI1;HUS1;RAD9A;BRIP1;MRE11","shrunk_lfc",FALSE
"REACTOME_DENGUE_VIRUS_ACTIVATES_MODULATES_INNATE_AND_ADAPTIVE_IMMUNE_RESPONSES",0.383333333333333,0.790338645418327,0.096240602328129,-0.482542186160371,-1.0451983868531,24,"IFIH1;PML;STING1;CLU;STAT2;RBM10;HSP90AB1;SKIC8","shrunk_lfc",FALSE
"REACTOME_HOMOLOGY_DIRECTED_REPAIR",0.386363636363636,0.795002711006687,0.100990587455923,0.353622143018129,1.02682045407492,120,"GEN1;RAD51B;POLK;RPS27A;NSD2;RNF168;RPA1;RFC1;UIMC1;NBN;POLD3;H2BC21;RNF8;H2BC5;PARP2;RAD51AP1;RAD17;BARD1;XRCC3;CCNA1;EXO1;ERCC4;RAD52;RMI1;HUS1;RAD9A;H2BC4;SIRT6;BRIP1;MRE11;PPP4R2","shrunk_lfc",FALSE
"REACTOME_RNA_POLYMERASE_III_CHAIN_ELONGATION",0.388308977035491,0.795670174228049,0.0956031492204301,-0.493611273389061,-1.02592028412096,18,"POLR2L;POLR2F;CRCP;POLR2H;POLR3C;POLR2K;POLR1D;POLR3GL","shrunk_lfc",FALSE
"REACTOME_AQUAPORIN_MEDIATED_TRANSPORT",0.388571428571429,0.795670174228049,0.0902635484340068,0.438374346217332,1.06668817470281,34,"GNG2;ADCY3;GNG11;GNB1;MYO5B;ADCY9;GNG12;AQP1;GNB5;PRKAR2A;PRKACB","shrunk_lfc",FALSE
"REACTOME_ONCOGENE_INDUCED_SENESCENCE",0.38899430740038,0.795670174228049,0.0899860794997137,0.444105511938018,1.06025941100166,31,"MAPK1;ID1;RPS27A;AGO4;E2F1;MDM4;TNRC6A;AGO1;AGO3;TFDP1;ETS1","shrunk_lfc",FALSE
"REACTOME_DNA_STRAND_ELONGATION",0.391221374045802,0.79740997965142,0.0899860794997137,0.440345552335929,1.05734966512567,32,"CDC45;MCM4;RPA1;RFC1;MCM6;POLD3;MCM3","shrunk_lfc",FALSE
"REACTOME_DEVELOPMENTAL_CELL_LINEAGES",0.391385767790262,0.79740997965142,0.088894528862045,-0.448970237061638,-1.04954837962693,82,"TFAP2A;CD24;DMKN;FN1;SLC4A4;SOX9;LAMB2;COL5A1;MUC1;LAMC1;ITGB1","shrunk_lfc",FALSE
"REACTOME_TRANSFERRIN_ENDOCYTOSIS_AND_RECYCLING",0.39344262295082,0.800025765725144,0.0937465422491719,-0.48611378934779,-1.04364394221333,27,"ATP6V0E2;ATP6V0C;ATP6V0D1;ATP6V1G1;ATP6AP1;ATP6V1H;ATP6V0B;ATP6V1C1;ATP6V1F;ATP6V0A1;ATP6V1A;ATP6V1E2;HFE;STEAP3","shrunk_lfc",FALSE
"REACTOME_DAG1_GLYCOSYLATIONS",0.394572025052192,0.800749109664743,0.0946646223153342,-0.489686209455705,-1.01776244226687,18,"MGAT5B;POMK;FKRP;DAG1;POMT1;CRPPA;RXYLT1;POMGNT1;LARGE1","shrunk_lfc",FALSE
"REACTOME_APC_C_CDH1_MEDIATED_DEGRADATION_OF_CDC20_AND_OTHER_APC_C_CDH1_TARGETED_PROTEINS_IN_LATE_MITOSIS_EARLY_G1",0.39766081871345,0.805438253167165,0.0902635484340068,-0.458655112863908,-1.03876536693245,61,"UBE2C;PLK1;CDC27;PSMC3;PSMB4;FZR1;AURKA;PSMB7;PSMD8;PSMA5;PSMB3;AURKB;CDC23;PSMA6;UBB;ANAPC7;PSMD6;PSMA2;PSMD13;PSMB1;ANAPC15;PSMA7;PSMA3;PSMD1;ADRM1;PSMA1;UBA52;UBE2S;PSMC5;CDC26;PSMB2;ANAPC16;PSMC1;ANAPC2","shrunk_lfc",FALSE
"REACTOME_REGULATION_OF_MRNA_STABILITY_BY_PROTEINS_THAT_BIND_AU_RICH_ELEMENTS",0.399590163934426,0.807765272797131,0.0928481214159878,0.371265610250985,1.02647986613976,74,"ZFP36L1;RPS27A;XRN1;DIS3;MAPK14;PRKCA;HSPA1A;HSPA8;YWHAZ;XPO1;DCP2;PSMD7;PSMD14;KHSRP;ZFP36","shrunk_lfc",FALSE
"REACTOME_FORMATION_OF_INCISION_COMPLEX_IN_GG_NER",0.401162790697674,0.808187088064798,0.0894366833718621,0.410817984880194,1.04032265798147,43,"CUL4A;RPS27A;RPA1;PARP2;CUL4B;ERCC4;CDK7;ERCC5;ERCC3;GTF2H2;UBE2V2;RAD23B;SUMO1;GTF2H1;RAD23A;SUMO3;MNAT1","shrunk_lfc",FALSE
"REACTOME_FACTORS_INVOLVED_IN_MEGAKARYOCYTE_DEVELOPMENT_AND_PLATELET_PRODUCTION",0.401360544217687,0.808187088064798,0.0985499803531691,0.353634722296946,1.0231740247554,119,"H3C4;DOCK3;DOCK4;RAD51B;GATA2;AK3;RCOR1;RAB5A;RACGAP1;CARMIL1;KIF11;EHD2;KIFAP3;MAFK;CABLES1;KIF1C;KIF2A;PRKAR2A;SIN3A;KIF5A;PRKACB;SH2B2;GATA4;KIF1B","shrunk_lfc",FALSE
"REACTOME_PHOSPHORYLATION_OF_THE_APC_C",0.402464065708419,0.808835549530512,0.0925528864684773,-0.478445619625745,-1.01566973693075,20,"UBE2C;PLK1;CCNB1;CDC27;CDC23;ANAPC7;ANAPC15;UBE2S;CDC26;ANAPC16;ANAPC2","shrunk_lfc",FALSE
"REACTOME_BIOLOGICAL_OXIDATIONS",0.403914590747331,0.810177522138542,0.0843144320642653,-0.422495165860331,-1.04051331023263,120,"NNMT;MAT2A;CYB5B;CES2;HEMK2;MGST1;GSTM2;GSTM4;GSTK1;GSTP1;GGT7;HSP90AB1;EPHX1;GSTZ1;MTARC2;BPHL;CBR3;AKR7A2;POR;ALDH1B1;CYP3A5;SMOX;AHCY;ACY1;MTRR","shrunk_lfc",FALSE
"REACTOME_EVASION_BY_RSV_OF_HOST_INTERFERON_RESPONSES",0.405405405405405,0.810810810810811,0.0928481214159878,-0.483598016314246,-1.02704322411044,21,"IFIH1;RIGI;STAT2;TYK2;ELOC;UBB;RBX1;ELOB","shrunk_lfc",FALSE
"REACTOME_THE_ROLE_OF_NEF_IN_HIV_1_REPLICATION_AND_DISEASE_PATHOGENESIS",0.405797101449275,0.810810810810811,0.0925528864684773,-0.474858956648201,-1.01717818628385,22,"AP1S3;HLA-A;AP2S1;AP2M1;ATP6V1H;AP1B1;B2M;AP2A2","shrunk_lfc",FALSE
"REACTOME_PARACETAMOL_ADME",0.408247422680412,0.813028012449978,0.0919686140000427,-0.491201970714342,-1.01765061281935,16,"GSTP1;GGT7;ABCC5;ACY1;SULT1A3;NAT1;GGT5;ABCC2;ABCC3;ABCC1","shrunk_lfc",FALSE
"REACTOME_JNK_C_JUN_KINASES_PHOSPHORYLATION_AND_ACTIVATION_MEDIATED_BY_ACTIVATED_HUMAN_TAK1",0.408477842003854,0.813028012449978,0.0880945010398517,0.467685107913993,1.04900679954462,22,"RPS27A;RIPK2;IRAK1;MAPK9;TRAF6;MAP3K7;MAPK8;MAP2K4","shrunk_lfc",FALSE
"REACTOME_DEVELOPMENTAL_LINEAGE_OF_PANCREATIC_DUCTAL_CELLS",0.410309278350515,0.813881968234195,0.0916795246008379,-0.454405133901206,-1.00296381270142,37,"FN1;SLC4A4;SOX9;LAMB2;COL5A1;LAMC1","shrunk_lfc",FALSE
"REACTOME_G_PROTEIN_MEDIATED_EVENTS",0.411885245901639,0.813881968234195,0.0911073131586733,-0.450554495668951,-1.00702930458008,44,"PDE1C;KPNA2;GNAI2;GRK2;PRKAR1B","shrunk_lfc",FALSE
"REACTOME_COOPERATION_OF_PDCL_PHLP1_AND_TRIC_CCT_IN_G_PROTEIN_BETA_FOLDING",0.412429378531073,0.813881968234195,0.0862865626267245,0.433227984346826,1.03287207217485,30,"GNG2;GNG11;TCP1;CCT4;GNB1;GNG12;GNB5;CSNK2A1;CCT8;CCT6B","shrunk_lfc",FALSE
"REACTOME_HSP90_CHAPERONE_CYCLE_FOR_STEROID_HORMONE_RECEPTORS_SHR_IN_THE_PRESENCE_OF_LIGAND",0.41260162601626,0.813881968234195,0.0905428948469474,-0.456278751352073,-1.02170873865206,46,"DYNC1I1;TUBB4A;TUBB3;TUBA1C;TUBA1B;TUBA1A;DYNLL1;TUBB4B","shrunk_lfc",FALSE
"REACTOME_IKK_COMPLEX_RECRUITMENT_MEDIATED_BY_RIP1",0.413721413721414,0.813881968234195,0.0916795246008379,-0.475385940031259,-1.00960279421248,21,"BIRC3;UBE2V1;UBE2N;UBB;SARM1","shrunk_lfc",FALSE
"REACTOME_MATURATION_OF_SARS_COV_2_SPIKE_PROTEIN",0.415730337078652,0.813881968234195,0.0855356947987884,0.411370280816137,1.02400916338875,39,"ZDHHC8;FUT8;MGAT5;ST3GAL4;OSTC;DAD1;ZDHHC20;MAN2A1","shrunk_lfc",FALSE
"REACTOME_VIF_MEDIATED_DEGRADATION_OF_APOBEC3G",0.416317991631799,0.813881968234195,0.0916795246008379,-0.454414487297488,-1.00012739255965,41,"PSMC3;PSMB4;PSMB7;PSMD8;PSMA5;PSMB3;ELOC;PSMA6;UBB;PSMD6;PSMA2;PSMD13;RBX1;ELOB;PSMB1;PSMA7;PSMA3;PSMD1;ADRM1;APOBEC3G;PSMA1;UBA52;PSMC5;PSMB2","shrunk_lfc",FALSE
"REACTOME_TOLL_LIKE_RECEPTOR_TLR1_TLR2_CASCADE",0.418181818181818,0.813881968234195,0.096240602328129,0.361298033009853,1.00700445963466,101,"MAPK1;TLR6;MEF2A;RPS27A;RIPK2;FBXW11;NLRC5;DUSP7;MAPK14;RPS6KA1;IRAK1;MAPK9;TRAF6;PPP2R5D;TNIP2;ECSIT;PPP2CA;N4BP1;RELA;MAP3K7;MAPK8","shrunk_lfc",FALSE
"REACTOME_SIGNALING_BY_HIPPO",0.418891170431211,0.813881968234195,0.0902635484340068,-0.472349384411649,-1.00272832548881,20,"WWC1;AMOTL1;AMOTL2","shrunk_lfc",FALSE
"REACTOME_ACYL_CHAIN_REMODELLING_OF_PE",0.41972920696325,0.813881968234195,0.086794975677172,0.49331619397944,1.04838630120508,16,"MBOAT2;PNPLA8;PLA2G4A;LPCAT4;PLAAT3;PLA2G4C","shrunk_lfc",FALSE
"REACTOME_NUCLEOTIDE_BINDING_DOMAIN_LEUCINE_RICH_REPEAT_CONTAINING_RECEPTOR_NLR_SIGNALING_PATHWAYS",0.420743639921722,0.813881968234195,0.0873098257637931,0.399922196710768,1.02393653670934,47,"TNFAIP3;RPS27A;RIPK2;SUGT1;TXNIP;MAPK14;IRAK1;TRAF6;ITCH;PANX1;BIRC2;CYLD;RELA;MAP3K7","shrunk_lfc",FALSE
"REACTOME_DUAL_INCISION_IN_TC_NER",0.422680412371134,0.813881968234195,0.0899860794997137,0.375829336665553,1.00727065377528,63,"CUL4A;USP7;POLK;RPS27A;POLR2A;RPA1;RFC1;POLD3;TCEA1;ERCC8","shrunk_lfc",FALSE
"REACTOME_TRANS_GOLGI_NETWORK_VESICLE_BUDDING",0.422680412371134,0.813881968234195,0.0899860794997137,0.373804928242928,1.01136370028674,68,"TPD52L1;AP1S2;CPD;PICALM;SNX9;FTL;NECAP1;HSPA8;OCRL;AP1M1;CLTB","shrunk_lfc",FALSE
"REACTOME_FBXL7_DOWN_REGULATES_AURKA_DURING_MITOTIC_ENTRY_AND_IN_EARLY_MITOSIS",0.42299794661191,0.813881968234195,0.0897104652742981,-0.446577415030172,-0.993135103517579,42,"PSMC3;PSMB4;AURKA;PSMB7;PSMD8;PSMA5;PSMB3;PSMA6;UBB;PSMD6;PSMA2;PSMD13;RBX1;PSMB1;PSMA7;PSMA3;PSMD1;ADRM1;PSMA1;UBA52;PSMC5;PSMB2","shrunk_lfc",FALSE
"REACTOME_CYTOCHROME_P450_ARRANGED_BY_SUBSTRATE_TYPE",0.4234404536862,0.813881968234195,0.0850427463764322,0.422254343424474,1.02766123440724,33,"CYP27A1;NCOA1;NCOA2;RXRA;CYP4F11;CYP46A1;ARNT2;FDX1;CYP2U1;CYP51A1;CYP4F12;CYP26B1","shrunk_lfc",FALSE
"REACTOME_ER_TO_GOLGI_ANTEROGRADE_TRANSPORT",0.423670668953688,0.813881968234195,0.0797705918628453,-0.402819289769425,-1.01451552253043,137,"DYNC1I1;CTSC;TUBB4A;TUBB3;TUBA1C;TUBA1B;SPTBN5;SEC16A;ANK1;SEC22B;LMAN2;TUBA1A;TMED10;DYNLL1;TRAPPC2;COG2;SPTAN1;COPE;COG3;NAPA;TUBB4B;RAB1B;ARF3;TRAPPC4;CNIH3;ARFGAP2;GBF1;TMEM115;CSNK1D;TUBB2A;DCTN6","shrunk_lfc",FALSE
"REACTOME_ION_CHANNEL_TRANSPORT",0.424719101123596,0.813881968234195,0.0946646223153342,0.355891450344492,1.01941074448277,114,"ANO1;SLC9B2;ATP11C;ATP2B1;ANO6;RPS27A;CAMK2G;ATP6V1E1;ATP9A;ANO10;TRPC1;ATP11B;SGK1;CLCN4;ASIC1;MLKL;ATP11A;CALM1;ATP7A;ATP2A3;TPCN1;ANO8;ATP2B4;WNK1;WWP1;OSTM1;CLCN7;FKBP1B;NEDD4L;ATP1A3;MCOLN3;ATP6V1C2;CLCN3;TCIRG1;CLCN6","shrunk_lfc",FALSE
"REACTOME_INTRINSIC_PATHWAY_FOR_APOPTOSIS",0.424849699398798,0.813881968234195,0.0880945010398517,0.388507340346183,1.01409846499571,53,"MAPK1;AKT3;PPP3CC;CARD8;BID;E2F1;UACA;BCL2L11;YWHAZ","shrunk_lfc",FALSE
"REACTOME_DENGUE_VIRUS_HOST_INTERACTIONS",0.425233644859813,0.813881968234195,0.0745500777420554,-0.377654653553997,-1.01270219753759,241,"HSPG2;SDC3;IFIH1;GPC1;AGRN;POLR2I;PEX19;PML;STING1;SRSF6;POLR2L;SRRM2;DDX5;BUD31;SRSF5;CLU;BCAS2;RBM17;PTBP1;POLR2F;MLST8;SRSF3;SRSF2;RBM5;SRSF9;PIK3R4;STAT2;SRRT;CTNNB1;GBF1;RBM10;SDC2;HNRNPA0;U2AF2;DNAJC8;HNRNPL;HNRNPC;NFKBIB;HNRNPA3;SNRPD3;PABPN1;HSP90AB1;SNRNP40;GTF2F1;FUS;HNRNPUL1;CPSF1;PUF60;SKIC8;H3C6;CPSF6;PQBP1;CAMK2D;HNRNPA2B1;PRCC;CWC15;RPTOR","shrunk_lfc",FALSE
"REACTOME_MET_PROMOTES_CELL_MOTILITY",0.426103646833013,0.813881968234195,0.0855356947987884,0.420302016676347,1.03336887332603,36,"CRKL;COL5A2;PTK2;MET;LAMA4;LAMB1;ITGA2;LAMC3;RAP1B;GRB2;ITGA3;RAP1A","shrunk_lfc",FALSE
"REACTOME_RIBOSOME_ASSOCIATED_QUALITY_CONTROL",0.426506024096386,0.813881968234195,0.0985499803531691,0.343466586367999,0.999243989037016,141,"RPS27A;UFD1;RPS3A;RPL9;KLHDC10;ABCE1;LTN1;RPL7;RPLP0;RPS15A;ASCC2;UBE2D3;RPL23;RPS7;CUL2;RPS13;RPS17;PSMD7;PSMD14;RPL39;RPS23;RPLP2;RPS11;RPL5;HBS1L;RPL22;RPL17;RPS10;RPL27A;RPS21;RPS25;RPS29;RCHY1;TRIP4;RPL11;RPL34;RPS18;RPS27L;RPL27;RPS3;RPL26;PSMC4;RPS20;RPS12;RPL30;ZNF598;RPS27;RPL18A;RPS19;PSMB5;RPS6;RPS2;UBE2D1;RPL4;RPS14;RPL39L;RPL13;RPL21;RPS4X;RPL31;RPS8;RPS16;NEMF","shrunk_lfc",FALSE
"REACTOME_ADIPOGENESIS",0.430434782608696,0.813881968234195,0.0919686140000427,0.362457358931035,1.01377103331523,94,"DIO2;PPARA;KLF5;MED15;ANGPTL4;TBL1X;MED14;NCOA1;GATAD2A;TGFB1;CHD3;MED13;NCOA2;SMAD4;RELA;MED1;NCOA6;RXRA;NCOA3;PPARGC1A","shrunk_lfc",FALSE
"REACTOME_ASYMMETRIC_LOCALIZATION_OF_PCP_PROTEINS",0.431683168316832,0.813881968234195,0.0865399737444125,0.392423950342762,1.01464473293208,51,"FZD4;FZD3;RPS27A;SMURF2;WNT5A","shrunk_lfc",FALSE
"REACTOME_ADHERENS_JUNCTIONS_INTERACTIONS",0.431855500821018,0.813881968234195,0.0764767053228531,-0.389951112155363,-1.01492031907899,181,"CDH11;TFAP2A;TNRC6B;CTNND1;DNTTIP1;ADAM19;TMEM258;MDM2;H2AX;GANAB;PSMC3;PSMB4;ACTB;H3-3A;PSMB7;PRKCSH;CTNNB1;PSMD8;KLF4;PIP5K1C;CADM1;PSMA5;H3-3B","shrunk_lfc",FALSE
"REACTOME_OVARIAN_TUMOR_DOMAIN_PROTEASES",0.431861804222649,0.813881968234195,0.0847985102819124,0.417826686687152,1.02728294258919,36,"TNFAIP3;RPS27A;RNF128;RIPK2;TRAF6;APC;YOD1;PTEN;TNIP2;TNIP1","shrunk_lfc",FALSE
"REACTOME_HOMOLOGOUS_DNA_PAIRING_AND_STRAND_EXCHANGE",0.432170542635659,0.813881968234195,0.0852884689790502,0.399023729924584,1.01045582859251,43,"RAD51B;RPA1;NBN;RAD51AP1;RAD17;BARD1;XRCC3;EXO1;RMI1;HUS1;RAD9A;BRIP1;MRE11","shrunk_lfc",FALSE
"REACTOME_TP53_REGULATES_TRANSCRIPTION_OF_ADDITIONAL_CELL_CYCLE_GENES_WHOSE_EXACT_ROLE_IN_THE_P53_PATHWAY_REMAIN_UNCERTAIN",0.434511434511435,0.813881968234195,0.088894528862045,-0.466334118713748,-0.990378952434009,21,"PLK2;TP53;CNOT10;CDC25C;CNOT6;BTG2;CNOT3","shrunk_lfc",FALSE
"REACTOME_TRANSPORT_OF_SMALL_MOLECULES",0.434722222222222,0.813881968234195,0.0676760401641789,-0.354192289987912,-1.01017436112973,484,"APOD;AZGP1;FXYD6;LSR;A2M;HEPH;SLC15A3;SLC4A4;PCSK5;SLC43A2;GNG7;APOE;SLC7A5;ABCA2;ATP6V0E2;SLC9A7;SLC4A2;PEX19;LMF2;SCARB1;SLC44A2;ATP13A1;NPC2;SLC22A4;PMPCA;STOM;ATP8B2;GLRX3;AP2S1;AP2M1;TRPM3;GNB4;ABCA7;SLC25A10;LIPA;SLC22A17;TTYH3;ATP6V0C;ABCF1;ABCA3;SLC38A1;PSMC3;ERLIN2;PSMB4;SLC25A5;SLC46A1;SLC22A5;OS9;SLC25A6;SLC20A2;ATP6V0D1;PRKAR1B;SLC38A2;SLC35A2;ATP6V1G1;PSMB7","shrunk_lfc",FALSE
"REACTOME_METAL_ION_SLC_TRANSPORTERS",0.435244161358811,0.813881968234195,0.0899860794997137,-0.460998346784484,-0.981611233337452,30,"HEPH;SLC9A7","shrunk_lfc",FALSE
"REACTOME_SIGNALING_BY_TGFBR3",0.436432637571158,0.813881968234195,0.0835990603684159,0.405742170762459,1.0173638266777,40,"AGO4;TNRC6A;TGFB1;FGF2;PSENEN;SMAD3;TGFB2;AGO1;AGO2;SMAD4;HELLS;AGO3;RARA;RXRA","shrunk_lfc",FALSE
"REACTOME_RHOG_GTPASE_CYCLE",0.436853002070393,0.813881968234195,0.0883594442500905,0.368378250834664,1.00226316613241,70,"DOCK3;DOCK4;VRK2;CAV1;LMAN1;DSG2;TRIO;DIAPH3;ANKLE2;ARHGEF26;PREX1","shrunk_lfc",FALSE
"REACTOME_INTERLEUKIN_12_FAMILY_SIGNALING",0.437254901960784,0.813881968234195,0.0852884689790502,0.397875263344804,1.01515168263906,46,"LCP1;SOD2;TCP1;RALA;MSN;RAP1B;RPLP0","shrunk_lfc",FALSE
"REACTOME_CARDIOGENESIS",0.437371663244353,0.813881968234195,0.0878312634480124,-0.463856054905615,-0.979768103342764,19,"HEY1;KAT5;CTNNB1;NKX2-5;WDR5;LDB1","shrunk_lfc",FALSE
"REACTOME_AMYLOID_FIBER_FORMATION",0.438383838383838,0.813881968234195,0.086794975677172,0.376093707377694,0.998943735692769,58,"H3C4;CALB1;GGA2;RPS27A;FURIN;ADAM10;H2BC21;H2BC5;ITM2B;PSENEN;H2AC19;USP9X","shrunk_lfc",FALSE
"REACTOME_RNA_POLYMERASE_II_TRANSCRIPTION_TERMINATION",0.438834951456311,0.813881968234195,0.0845557442441281,-0.436898223089075,-0.997715980500883,66,"SRSF6;SRSF5;ZC3H11A;DDX39B;SRSF3;SRSF2;SRSF9;RBM8A;FYTTD1;UPF3B;U2AF2;SNRPD3;PABPN1;CPSF1;CPSF6;THOC1;LSM10;ALYREF;SLBP;SLU7;CSTF2T;THOC7;POLDIP3","shrunk_lfc",FALSE
"REACTOME_GABA_B_RECEPTOR_ACTIVATION",0.439688715953307,0.813881968234195,0.0845557442441281,0.432693000749725,1.00720441144094,27,"GNG2;ADCY3;GNG11;GNB1;ADCY9;GNG12;GNB5","shrunk_lfc",FALSE
"REACTOME_MITOTIC_G2_G2_M_PHASES",0.440322580645161,0.813881968234195,0.0745500777420554,-0.384862980581135,-1.01258134955289,185,"TUBB4A;CEP192;GTSE1;TUBB3;TUBA1C;TP53;PLK1;TUBA1B;PPME1;TUBB;CLASP1;CCNB1;RAB8A;CDC25B;TUBA1A;MYBL2;CENPF;DYNLL1;SGO1;TICRR;PSMC3;PSMB4;TUBB4B;FZR1;AURKA;HMMR;PSMB7;PSMD8;PPP2R1A;CEP70;ALMS1;CSNK1D;PSMA5;HAUS5;TUBB2A;CEP43;LIN9;PRKACA;CDC25C;PSMB3;HSP90AB1;PSMA6;UBB;PSMD6;PSMA2;PSMD13;HJURP;CDK5RAP2;MZT2A;PPP1CB;RBX1","shrunk_lfc",FALSE
"REACTOME_SCF_BETA_TRCP_MEDIATED_DEGRADATION_OF_EMI1",0.441478439425051,0.813881968234195,0.0873098257637931,-0.442356417093178,-0.983748105693649,42,"PSMC3;PSMB4;FBXO5;FZR1;PSMB7;PSMD8;PSMA5;PSMB3;PSMA6;UBB;PSMD6;PSMA2;PSMD13;PSMB1;PSMA7;PSMA3;PSMD1;ADRM1;PSMA1;UBA52;PSMC5;PSMB2","shrunk_lfc",FALSE
"REACTOME_ABORTIVE_ELONGATION_OF_HIV_1_TRANSCRIPT_IN_THE_ABSENCE_OF_TAT",0.44258872651357,0.813881968234195,0.0880945010398517,-0.450971055465954,-0.975863997684921,23,"POLR2I;POLR2L;POLR2F;CTDP1;GTF2F1;SUPT5H;POLR2H;POLR2K;SUPT4H1;NELFE","shrunk_lfc",FALSE
"REACTOME_REGULATION_OF_CDH1_GENE_TRANSCRIPTION",0.4435318275154,0.813881968234195,0.0870515867946735,0.368739741725431,0.992211836194726,65,"H3C4;MAPK1;SNAI2;CTBP2;H2BC21;H2BC5;STRAP;H2AC19;TWIST1;ZEB1","shrunk_lfc",FALSE
"REACTOME_SIGNALING_BY_FLT3_FUSION_PROTEINS",0.44359464627151,0.813881968234195,0.083129129135339,0.470220295174868,1.02189201601694,18,"SPTBN1;GRB2;GAB2;STAT5B;SOS1;PIM1;GOLGB1","shrunk_lfc",FALSE
"REACTOME_METABOLISM_OF_CARBOHYDRATES_AND_CARBOHYDRATE_DERIVATIVES",0.44375,0.813881968234195,0.0725351864394589,-0.371052444785465,-0.996989356868766,236,"CHSY3;HSPG2;CHST15;SDC3;HS6ST1;GPC1;NUP210;AGRN;CEMIP;CHPF2;G6PD;BGN;GAA;HAS3;CHSY1;IDS;G6PC3;PC;GNS;B4GALT5;PGD;ST3GAL2;PFKFB3;MAN2C1;GYS1;TPR;AKR1B1;HYAL3;HMMR;AAAS;MAN2B1;B3GALT6;CHST7;PPP2R1A;SDC2;PFKP;HGSNAT;CHST12;HS3ST5;PHKG2;PRKACA;CHST2;PFKM;NUP93;EXT1;GALM;PGLS;HK1;PCK2;RPIA;HEXA;ST6GALNAC6;ENO1;UBB;ADPGK;NUP85;ARSB;EXTL3;RAE1;SORD","shrunk_lfc",FALSE
"REACTOME_RUNX1_INTERACTS_WITH_CO_FACTORS_WHOSE_PRECISE_EFFECT_ON_RUNX1_TARGETS_IS_NOT_KNOWN",0.445297504798464,0.813881968234195,0.083129129135339,0.413251490017882,1.01603420801315,36,"AUTS2;PHC3;PCGF5;PHC1;HIPK2;CSNK2A1;SMARCB1","shrunk_lfc",FALSE
"REACTOME_G0_AND_EARLY_G1",0.445525291828794,0.813881968234195,0.0838361057159929,0.430587067748035,1.00230230993751,27,"E2F1;RBL1;CCNE2;DYRK1A;MYC;TFDP1;CCNA1;LIN54","shrunk_lfc",FALSE
"REACTOME_DISEASES_ASSOCIATED_WITH_N_GLYCOSYLATION_OF_PROTEINS",0.44558521560575,0.813881968234195,0.086794975677172,-0.458746057417566,-0.973850461458472,20,"MAN1B1;MPDU1;CTSA;ALG11;NEU1;ALG6;ALG3;ALG8;ALG2","shrunk_lfc",FALSE
"REACTOME_SARS_COV_2_ACTIVATES_MODULATES_INNATE_AND_ADAPTIVE_IMMUNE_RESPONSES",0.446236559139785,0.813881968234195,0.0793434960134973,-0.410335371122315,-0.992418358315911,102,"HLA-B;ISG15;IFIH1;RIGI;KPNA2;IL17RC;NUP210;HLA-C;TAB1;STAT1;HLA-F;STING1;HLA-A;TPR;HLA-E;UBE2V1;AAAS;PIK3R4;UBE2N;STAT2;IRF7;TYK2;NUP93;HSP90AB1;UBB;SIKE1;NUP85;RAE1;B2M","shrunk_lfc",FALSE
"REACTOME_INFECTION_WITH_ENTEROBACTERIA",0.446985446985447,0.813881968234195,0.0873098257637931,-0.445013782475527,-0.974869977344812,36,"FN1;LAMB2;COL4A5;COL5A1;LAMC1;COL4A2","shrunk_lfc",FALSE
"REACTOME_SIGNALING_BY_ERYTHROPOIETIN",0.44721689059501,0.813881968234195,0.0828962134571565,0.448406775868993,1.00004490336001,21,"CRKL;GRB2;STAT5B;SOS1;EPOR","shrunk_lfc",FALSE
"REACTOME_FC_EPSILON_RECEPTOR_FCERI_SIGNALING",0.447727272727273,0.813881968234195,0.0922597260527354,0.352511205472177,0.992294282343141,107,"MAPK1;PAK1;RPS27A;NFATC1;FBXW11;ITPR3;MAPK9;TRAF6;MALT1;GRB2;AHCYL1;GAB2;CALM1;SOS1;RELA;PSMD7;MAP3K7;PSMD14;MAPK8;BCL10;MAP2K4;PPP3CA","shrunk_lfc",FALSE
"REACTOME_NEUTROPHIL_DEGRANULATION",0.448224852071006,0.813881968234195,0.0692836467392548,-0.361611042164953,-1.00353814916601,351,"BST2;CHI3L1;PTPRN2;HLA-B;CTSC;C3;PLD1;HLA-C;ARSA;GOLGA7;GAA;SLC44A2;STING1;TUBB;CST3;GNS;CD63;NPC2;STOM;ORMDL3;HMGB1;MGST1;TNFRSF1B;CTSD;GLA;SERPINB6;APEH;DOK3;DPP7;DYNLL1;APRT;ITGAV;SPTAN1;ATP6V0C;PPIA;ABCA13;KPNB1;LAMP2;PSMC3;NCSTN;IGF2R;SURF4;TUBB4B;TSPAN14;MAN2B1;PSMB7;ACTR1B;CTSA;COMMD9;COTL1","shrunk_lfc",FALSE
"REACTOME_APC_C_MEDIATED_DEGRADATION_OF_CELL_CYCLE_PROTEINS",0.450292397660819,0.815522505663351,0.0833634065110386,-0.437889405548311,-0.994848197988151,75,"UBE2C;PLK1;CCNB1;CDC27;PSMC3;PSMB4;FBXO5;FZR1;AURKA;PSMB7;PSMD8;PSMA5;PSMB3;AURKB;CDC23;PSMA6;UBB;ANAPC7;PSMD6;PSMA2;PSMD13;BUB3;PSMB1;ANAPC15;PSMA7;PSMA3;PSMD1;ADRM1;PSMA1;UBA52;UBE2S;PSMC5;CDC26;PSMB2;ANAPC16;CCNA2;PSMC1;ANAPC2","shrunk_lfc",FALSE
"REACTOME_IRON_UPTAKE_AND_TRANSPORT",0.450704225352113,0.815522505663351,0.0850427463764322,-0.436551679977793,-0.980334788177128,51,"HEPH;ATP6V0E2;GLRX3;SLC22A17;ATP6V0C;SLC46A1;ATP6V0D1;ATP6V1G1;ATP6AP1;ATP6V1H;ATP6V0B;UBB;ATP6V1C1;ATP6V1F;HMOX2;ATP6V0A1","shrunk_lfc",FALSE
"REACTOME_TRANSCRIPTION_COUPLED_NUCLEOTIDE_EXCISION_REPAIR_TC_NER",0.45398773006135,0.820030193042752,0.0855356947987884,0.357077548248209,0.989088687728373,76,"CUL4A;USP7;POLK;RPS27A;COPS4;POLR2A;RPA1;RFC1;POLD3;TCEA1;ERCC8;COPS2;CUL4B;ERCC4;ERCC6;CDK7;ERCC5;ERCC3;GTF2H2;POLR2D","shrunk_lfc",FALSE
"REACTOME_FORMATION_OF_THE_POLYBROMO_BAF_PBAF_COMPLEX",0.455114822546973,0.820633869923549,0.0865399737444125,-0.46717643288299,-0.970978185865224,18,"SMARCD1;ACTB;BCL7A;BRD7;PBRM1;BCL7C;SMARCD2;SMARCC2;SMARCD3;BCL7B","shrunk_lfc",FALSE
"REACTOME_GLUCAGON_LIKE_PEPTIDE_1_GLP1_REGULATES_INSULIN_SECRETION",0.458015267175573,0.821215646357423,0.0813027345384498,0.414519762033524,0.995337251049957,32,"GNG2;GNG11;ITPR3;GNB1;IQGAP1;RAP1A;GNG12;GNB5;PRKAR2A;PRKACB;ITPR2","shrunk_lfc",FALSE
"REACTOME_TRANSCRIPTIONAL_REGULATION_BY_NPAS4",0.459203036053131,0.821215646357423,0.0808589150280032,0.419229659515383,0.991777411339836,28,"MAPK1;NR3C1;AGO4;TNRC6A;BDNF;XPO1;AGO1;AGO2;AGO3;NAMPT","shrunk_lfc",FALSE
"REACTOME_MISCELLANEOUS_TRANSPORT_AND_BINDING_EVENTS",0.45929018789144,0.821215646357423,0.0860347242455604,-0.44099870897297,-0.954284666158005,23,"AZGP1","shrunk_lfc",FALSE
"REACTOME_ACTIVATION_OF_APC_C_AND_APC_C_CDC20_MEDIATED_DEGRADATION_OF_MITOTIC_PROTEINS",0.460194174757282,0.821215646357423,0.0819778796501272,-0.429639589835712,-0.980294802591709,64,"UBE2C;PLK1;CCNB1;CDC27;PSMC3;PSMB4;PSMB7;PSMD8;PSMA5;PSMB3;CDC23;PSMA6;UBB;ANAPC7;PSMD6;PSMA2;PSMD13;BUB3;PSMB1;ANAPC15;PSMA7;PSMA3;PSMD1;ADRM1;PSMA1;UBA52;UBE2S;PSMC5;CDC26;PSMB2;ANAPC16;CCNA2;PSMC1;ANAPC2;NEK2","shrunk_lfc",FALSE
"REACTOME_FORMATION_OF_PARAXIAL_MESODERM",0.461232604373757,0.821215646357423,0.083129129135339,-0.429659231533809,-0.963599012056699,53,"FGFR1;PSMC3;PSMB4;PSMB7;CTNNB1;PSMD8;PSMA5;PSMB3;PSMA6;NOTCH1;PSMD6;PSMA2;PSMD13;MAMLD1;PSMB1;PSMA7;PSMA3;PSMD1;ADRM1;PSMA1;PSMC5;PSMB2;PSMC1;CREBBP","shrunk_lfc",FALSE
"REACTOME_CROSSLINKING_OF_COLLAGEN_FIBRILS",0.461855670103093,0.821215646357423,0.0850427463764322,-0.471218587891415,-0.9762499202562,16,"LOXL3;LOXL1;COL4A5;PXDN;COL4A2","shrunk_lfc",FALSE
"REACTOME_SIGNALING_BY_PDGFR_IN_DISEASE",0.464065708418891,0.821215646357423,0.0845557442441281,-0.453801982663142,-0.958531646067494,19,"STAT1;STAT3;PIK3R2","shrunk_lfc",FALSE
"REACTOME_ACTIVATION_OF_IRF3_IRF7_MEDIATED_BY_TBK1_IKK_IKBKE",0.464354527938343,0.821215646357423,0.0810802057550866,0.470025721039924,1.01416276952332,17,"RPS27A;PTPN11;OPTN;LY96;TBK1;TANK;TICAM1;IKBKE","shrunk_lfc",FALSE
"REACTOME_REGULATION_OF_INSULIN_SECRETION",0.464929859719439,0.821215646357423,0.083129129135339,-0.435007858882077,-0.970217908463125,55,"CHRM3;GNG7;VAMP2;GNB4;GNAI2;PRKAR1B;CACNA1E;ADCY6;PRKACA","shrunk_lfc",FALSE
"REACTOME_EXPRESSION_OF_BMAL_ARNTL_CLOCK_AND_NPAS2",0.465696465696466,0.821215646357423,0.0850427463764322,-0.434376898582041,-0.955538641224952,35,"RORC;HELZ2;CHD9","shrunk_lfc",FALSE
"REACTOME_FORMATION_OF_THE_EMBRYONIC_STEM_CELL_BAF_ESBAF_COMPLEX",0.46583850931677,0.821215646357423,0.0847985102819124,-0.461066538029265,-0.957211808475428,17,"SMARCD1;ACTB;BCL7A;BCL7C;SMARCD2;SMARCC2;ARID1A;SMARCD3;BCL7B","shrunk_lfc",FALSE
"REACTOME_ACTIVATION_OF_ATR_IN_RESPONSE_TO_REPLICATION_STRESS",0.46615087040619,0.821215646357423,0.0810802057550866,0.405965536460359,1.00159550880304,37,"CDC45;MCM4;RPA1;MCM6;MCM3;RAD17","shrunk_lfc",FALSE
"REACTOME_EPHRIN_SIGNALING",0.466281310211946,0.821215646357423,0.0808589150280032,0.468154274579966,1.01012479619572,17,"PAK3;PAK1;SDCBP;GIT1;ARHGEF7","shrunk_lfc",FALSE
"REACTOME_CHEMOKINE_RECEPTORS_BIND_CHEMOKINES",0.46972860125261,0.821215646357423,0.0847985102819124,-0.458008070007895,-0.951922686218383,18,"CXCL16;CX3CL1","shrunk_lfc",FALSE
"REACTOME_NEGATIVE_REGULATORS_OF_DDX58_IFIH1_SIGNALING",0.46985446985447,0.821215646357423,0.0845557442441281,-0.431940452365225,-0.950178967367909,35,"UBA7;ISG15;IFIH1;RIGI","shrunk_lfc",FALSE
"REACTOME_ASSOCIATION_OF_TRIC_CCT_WITH_TARGET_PROTEINS_DURING_BIOSYNTHESIS",0.470019342359768,0.821215646357423,0.0806388495950661,0.403971045775427,0.996674714467159,37,"KIF13A;TCP1;SPHK1;CCT4;KIFC3;SKIC2;LONP2;CCNE2;CCT8;CCT6B;CCT6A;FBXW4;FBXW7;CCT7","shrunk_lfc",FALSE
"REACTOME_DOWNSTREAM_SIGNAL_TRANSDUCTION",0.470588235294118,0.821215646357423,0.0795564677235957,0.413816988406437,0.978972580338447,28,"CRKL;PDGFB;PTPN11;GRB2;STAT5B;RASA1;SOS1","shrunk_lfc",FALSE
"REACTOME_ATTENUATION_PHASE",0.471042471042471,0.821215646357423,0.080419996876154,0.426945616045235,0.985161948274518,25,"HSPA1B;HSPH1;HSP90AA1;HSPA1A;HSPA8;DEDD2;PTGES3;FKBP4","shrunk_lfc",FALSE
"REACTOME_G_ALPHA_S_SIGNALLING_EVENTS",0.471374045801527,0.821215646357423,0.0797705918628453,-0.422566006076309,-0.969279994656298,71,"CALCRL;FN1;GNG7;GRK5;SHC1;ARRB1;GNB4;ADM2;ITGB1;PDE4D;GNAI2;GRK2;PRKAR1B;PDE8B;ADORA2B","shrunk_lfc",FALSE
"REACTOME_PROTEIN_FOLDING",0.471910112359551,0.821215646357423,0.0787113806986485,-0.416110893784346,-0.972733776685773,82,"GNG7;TUBB4A;TBCD;TUBB3;STAT3;TUBA1C;TP53;TUBA1B;TBCB;GNB4;PDCL;TUBA1A;USP11;PFDN4;ACTB;TUBB4B","shrunk_lfc",FALSE
"REACTOME_RHOBTB2_GTPASE_CYCLE",0.472275334608031,0.821215646357423,0.0797705918628453,0.433993397502274,0.982724025085913,23,"TWF1;ACTN1;PHIP;HSP90AA1;MYO6;ACTG1;DBN1;CUL3;CCT6A;STK38","shrunk_lfc",FALSE
"REACTOME_TRANSCRIPTIONAL_REGULATION_BY_TP53",0.474320241691843,0.821215646357423,0.105920292736253,0.306525323302917,0.975948157982065,343,"TNFRSF10A;TNFRSF10D;AKT3;JMY;NDRG1;USP7;PRDX1;RPS27A;FANCI;PHF20;TAF5;PRKAG2;IGFBP3;BID;ZNF385A;POLR2A;TXNRD1;AGO4;E2F1;MDM4;MAPK14;PIP4K2B;TNRC6A;TAF10;RRM2B;RPA1;CCNK;CDK12;SGK1;E2F7;NBN;GATAD2A;TCEA1;RICTOR;CDKN1B;CNOT2;YWHAZ;CNOT1;CHD3;CCNT2;HIPK2;PTEN;RBL1;RAD17;DYRK2;AGO1;BARD1;CCNE2;AGO2;PPP2CA;RRAGD;CSNK2A1;BCL6;AGO3;E2F8;KAT6A;TFDP1;CCNA1;SSRP1;EXO1;GPI;TP53INP1;PLAGL1;PPP1R13L","shrunk_lfc",FALSE
"REACTOME_INTERACTION_BETWEEN_L1_AND_ANKYRINS",0.474332648870637,0.821215646357423,0.0833634065110386,-0.447512194911532,-0.950002622313984,20,"L1CAM;SPTBN5;ANK1;SPTAN1;ACTB","shrunk_lfc",FALSE
"REACTOME_EXPORT_OF_VIRAL_RIBONUCLEOPROTEINS_FROM_NUCLEUS",0.474480151228733,0.821215646357423,0.0789209638180035,0.40445228400909,0.984335483852646,33,"NUP58;NUP133;NUP50;HSPA1A;XPO1;POM121C;NDC1;SEC13;NUP160;NUP188;NUP43;NUP155;NUP153","shrunk_lfc",FALSE
"REACTOME_GLUCAGON_SIGNALING_IN_METABOLIC_REGULATION",0.475822050290135,0.8217659137577,0.0799858801499946,0.42134868523427,0.984017654684224,26,"GNG2;ADCY3;GNG11;GNB1;ADCY9;GNG12;PRKAR2A;PRKACB","shrunk_lfc",FALSE
"REACTOME_INTRA_GOLGI_TRAFFIC",0.476386036960986,0.8217659137577,0.083129129135339,-0.42661356735408,-0.948737878621946,42,"RAB30;CUX1;CYTH2;GOLIM4;COG2;COG3;TRIP11;NAPA;VPS45;MAN1C1","shrunk_lfc",FALSE
"REACTOME_RIP_MEDIATED_NFKB_ACTIVATION_VIA_ZBP1",0.477272727272727,0.821925578581153,0.0833634065110386,-0.470067873837938,-0.97009817563789,15,"MYD88;NFKBIB;NKIRAS2","shrunk_lfc",FALSE
"REACTOME_RESPIRATORY_SYNCYTIAL_VIRUS_INFECTION_PATHWAY",0.478339350180505,0.822394065509673,0.0760837160951725,-0.399861497278214,-0.959705433212723,100,"HSPG2;SDC3;ISG15;IFIH1;RIGI;OAS2;GPC1;AGRN;UBE2L6;KPNB1;STAT2;SDC2;MED29;MAP1B;MED16;TYK2;MED8;HSP90AB1;ELOC;NCL;UBB;MED17;MED10;RAB5C;PPP1CB;RBX1","shrunk_lfc",FALSE
"REACTOME_CARGO_CONCENTRATION_IN_THE_ER",0.480544747081712,0.823899119695441,0.0797705918628453,0.420348733911415,0.978469950763261,27,"SEC24D;LMAN1;SEC23A;SEC24B;TGFA;MIA2;CD59;GOSR2;SEC24A","shrunk_lfc",FALSE
"REACTOME_REGULATION_OF_CHOLESTEROL_BIOSYNTHESIS_BY_SREBP_SREBF",0.481113320079523,0.823899119695441,0.0808589150280032,0.372040567073487,0.977743294757429,55,"PPARA;SEC24D;TBL1X;MTF1;NCOA1;SEC23A;SEC24B;ACACB;NCOA2;MED1;NCOA6;RXRA;SEC24A","shrunk_lfc",FALSE
"REACTOME_MET_ACTIVATES_PTK2_SIGNALING",0.482474226804124,0.823899119695441,0.0826646449123753,-0.444750904740147,-0.956215000325994,26,"FN1;LAMB2;COL5A1;LAMC1;ITGB1","shrunk_lfc",FALSE
"REACTOME_REGULATION_OF_TP53_ACTIVITY_THROUGH_METHYLATION",0.483495145631068,0.823899119695441,0.0793434960134973,0.457184477397463,0.998732760404245,19,"JMY;RPS27A;MDM4","shrunk_lfc",FALSE
"REACTOME_PROTEIN_LOCALIZATION",0.48381601362862,0.823899119695441,0.0725351864394589,-0.379204298883903,-0.970529954436469,155,"NOS2;PEX19;PXMP2;ACO2;ECH1;CRAT;UBE2J2;VAMP2;PMPCA;ATP5MC1;TOMM40;BAG6;TOMM5;CYC1;TAFAZZIN;SLC25A6;DNAJC19;TIMM10B;SLC25A17;ATP5F1A;PIPOX;TIMM8B;GSTK1;NDUFB8;SAMM50;PEX16;FIS1;ACOT8;GET4;FXN;GET3;NUDT19;TIMM8A;ACAA1;UBB;SGTA;TIMM22;ATP5F1B;PXMP4;PEX3;CROT;IDH3G;TIMM23;TIMM13;ATAD1;HSPA9;CMC2","shrunk_lfc",FALSE
"REACTOME_ROLE_OF_PHOSPHOLIPIDS_IN_PHAGOCYTOSIS",0.484599589322382,0.823899119695441,0.0822054920415869,-0.444699595137376,-0.939305360525472,19,"PLD1;PLD3;PIK3R2;PLA2G6;PLD2","shrunk_lfc",FALSE
"REACTOME_HH_MUTANTS_ABROGATE_LIGAND_SECRETION",0.484787018255578,0.823899119695441,0.0815265143256594,-0.42410349339131,-0.952310749811435,45,"PSMC3;PSMB4;OS9;PSMB7;PSMD8;DERL2;PSMA5;PSMB3;VCP;PSMA6;UBB;PSMD6;PSMA2;PSMD13;PSMB1;PSMA7;PSMA3;PSMD1;ADRM1;PSMA1;UBA52;PSMC5;PSMB2","shrunk_lfc",FALSE
"REACTOME_SIGNALING_BY_PDGF",0.486707566462168,0.824623237724842,0.0817515582532145,-0.418293551771401,-0.932888417239381,50,"THBS2;PDGFC;NCK2;STAT1;STAT3;COL4A5;COL9A3;COL5A1","shrunk_lfc",FALSE
"REACTOME_NUCLEAR_RECEPTOR_TRANSCRIPTION_PATHWAY",0.487523992322457,0.824623237724842,0.0782955249944794,0.400372758485266,0.984370119415696,36,"PPARA;NR2C2;NR3C1;NR1D2;NR4A1;NR1D1;AR;RORB","shrunk_lfc",FALSE
"REACTOME_SYNDECAN_INTERACTIONS",0.487603305785124,0.824623237724842,0.0822054920415869,-0.435268130146563,-0.946658382231199,25,"FN1;SDC3;TNC;COL5A1;ITGAV;ITGB1;TRAPPC4;SDC2","shrunk_lfc",FALSE
"REACTOME_FORMATION_OF_WDR5_CONTAINING_HISTONE_MODIFYING_COMPLEXES",0.489320388349515,0.82617716466843,0.0787113806986485,0.390264630293899,0.980039359461243,42,"PHF20;KDM6A;PSIP1;CXXC1;KAT14;TADA2A;NCOA6;ZZZ3;KAT2A;AKAP8L;PAXIP1;SETD1A;DR1","shrunk_lfc",FALSE
"REACTOME_ABC_FAMILY_PROTEINS_MEDIATED_TRANSPORT",0.490234375,0.826372277076547,0.0789209638180035,-0.421284411702604,-0.962954484368275,77,"ABCA2;PEX19;ABCA7;ABCF1;ABCA3;PSMC3;ERLIN2;PSMB4;OS9;PSMB7;PSMD8;DERL2;PSMA5;PSMB3;VCP;PSMA6;UBB;PSMD6;PSMA2;PEX3;PSMD13;ABCC5;ABCA5;ABCA6;PSMB1;PSMA7;PSMA3;PSMD1;ADRM1;PSMA1;UBA52;PSMC5;EIF2S2;PSMB2;RNF5","shrunk_lfc",FALSE
"REACTOME_SELECTIVE_AUTOPHAGY",0.494186046511628,0.828374805649769,0.0780892306943345,-0.413502606693646,-0.952116184336029,78,"DYNC1I1;TUBB4A;TUBB3;TUBA1C;TUBA1B;TUBA1A;TOMM40;DYNLL1;TOMM5;UBE2V1;TUBB4B;UBE2N;TUBB2A;VDAC3;VCP;UBB;HDAC6","shrunk_lfc",FALSE
"REACTOME_CELL_CELL_COMMUNICATION",0.494556765163297,0.828374805649769,0.0668966276500666,-0.363281596032215,-0.974889040725565,248,"CDH11;TFAP2A;PTK2B;DST;FBLIM1;TNRC6B;NCK2;CTNND1;DNTTIP1;ADAM19;TMEM258;MDM2;CLDN4;H2AX;SPTAN1;ITGB1;GANAB;PSMC3;PSMB4;ACTB;PARVA;H3-3A;PIK3R2;PSMB7;PRKCSH;CTNNB1;PSMD8;KLF4;PIP5K1C;CADM1;PSMA5;KIRREL1;H3-3B","shrunk_lfc",FALSE
"REACTOME_INTERLEUKIN_20_FAMILY_SIGNALING",0.495867768595041,0.828374805649769,0.0813027345384498,-0.461612643157028,-0.952648772446009,15,"STAT1;STAT3;STAT2;TYK2","shrunk_lfc",FALSE
"REACTOME_ONCOGENIC_MAPK_SIGNALING",0.495918367346939,0.828374805649769,0.0806388495950661,0.349672533788146,0.969836307793433,77,"MAPK1;PPP1CC;CAMK2G;DUSP7;TRAK1;QKI;SPRED2;BCL2L11;MARK3;RAP1B;FAM114A2;IQGAP1;PAPSS1;ACTG1;FXR1;RAP1A;CALM1;MPRIP;ATG7;KSR1;KDM7A","shrunk_lfc",FALSE
"REACTOME_MRNA_DECAY_BY_3_TO_5_EXORIBONUCLEASE",0.497098646034816,0.828374805649769,0.0776798560117236,0.463402660594185,0.984814622422828,16,"SKIC3;DIS3;SKIC2;HBS1L;NT5C3B","shrunk_lfc",FALSE
"REACTOME_SIGNALING_BY_CSF1_M_CSF_IN_MYELOID_CELLS",0.497153700189753,0.828374805649769,0.0766746872490091,0.403591052561447,0.954780942293095,28,"YES1;RPS27A;CBL;PTPN11;GRB2;GAB2;SOS1;CSF1","shrunk_lfc",FALSE
"REACTOME_PRESYNAPTIC_FUNCTION_OF_KAINATE_RECEPTORS",0.498069498069498,0.828374805649769,0.0774767547848578,0.471277977509619,0.980535335620694,15,"GNG2;GNG11;GNB1;GNG12;GNB5;PLCB3","shrunk_lfc",FALSE
"REACTOME_SIGNALING_BY_FGFR2",0.498989898989899,0.828374805649769,0.0797705918628453,0.361276414717562,0.959587475823467,58,"MAPK1;RPS27A;CBL;POLR2A;PTPN11;GRB2;FGF2;SOS1;PPP2CA;FGF1;FGFR2;SPRY2;HNRNPF;SRC","shrunk_lfc",FALSE
"REACTOME_THROMBOXANE_SIGNALLING_THROUGH_TP_RECEPTOR",0.499043977055449,0.828374805649769,0.0768736734126542,0.449316301858384,0.976463045612665,18,"GNG2;GNG11;GNB1;GNA13;GNG12;GNB5","shrunk_lfc",FALSE
"REACTOME_MITOTIC_PROMETAPHASE",0.5,0.828374805649769,0.0689567351672811,-0.372049891585795,-0.973502774751475,195,"DYNC1I1;TUBB4A;CEP192;CENPA;TUBB3;RCC2;TUBA1C;PLK1;TUBA1B;NEK6;CDCA8;TUBB;CLASP1;CCNB1;MAD1L1;CENPL;TUBA1A;CENPF;DYNLL1;SGO1;ZWINT;CENPT;NUMA1;SMC4;TUBB4B;CENPM;PPP2R5C;KIF2C;PPP2R1A;NCAPH;CEP70;ALMS1;CSNK1D;HAUS5;TUBB2A;CEP43;PMF1;KNL1;PRKACA;BIRC5;AURKB;NUF2;INCENP;SPC24;NUP85;CENPK;SPC25;HDAC8;SKA2;CDK5RAP2;MZT2A","shrunk_lfc",FALSE
"REACTOME_E3_UBIQUITIN_LIGASES_UBIQUITINATE_TARGET_PROTEINS",0.500990099009901,0.828374805649769,0.0785029047348687,0.37336175188248,0.965357834798219,51,"CDC73;RPS27A;UBE2L3;H2BC5;SHPRH;UBE2D3;DERL1;RAD18;HLTF;RNF40;BCL10;RNF144A","shrunk_lfc",FALSE
"REACTOME_G1_S_DNA_DAMAGE_CHECKPOINTS",0.501026694045175,0.828374805649769,0.080419996876154,0.353268823205225,0.954339741172734,66,"GSK3B;RPS27A;PHF20;ZNF385A;FBXW11;MDM4;MAPK14;CDKN1B;CCNE2;PSMD7;PSMD14;CCNA1","shrunk_lfc",FALSE
"REACTOME_MATURATION_OF_TCA_ENZYMES_AND_REGULATION_OF_TCA_CYCLE",0.503080082135524,0.829162875341219,0.0802023444698144,-0.434397090052145,-0.917544157323996,19,"ACO2;ISCA1;FXN;SDHB;IDH2;SDHC","shrunk_lfc",FALSE
"REACTOME_FORMATION_OF_NEURONAL_PROGENITOR_AND_NEURONAL_BAF_NPBAF_AND_NBAF",0.503105590062112,0.829162875341219,0.0806388495950661,-0.42881539013023,-0.918549928724232,22,"SMARCD1;DPF3;ACTB;BCL7A;BCL7C;SMARCD2;SMARCC2;ARID1A;SMARCD3;BCL7B","shrunk_lfc",FALSE
"REACTOME_GLUTATHIONE_CONJUGATION",0.505263157894737,0.830169151654322,0.0813027345384498,-0.443824680003971,-0.940642717623979,28,"MGST1;GSTM2;GSTM4;GSTK1;GSTP1;GGT7;GSTZ1","shrunk_lfc",FALSE
"REACTOME_POST_TRANSLATIONAL_MODIFICATION_SYNTHESIS_OF_GPI_ANCHORED_PROTEINS",0.506,0.830169151654322,0.0785029047348687,-0.41485086569319,-0.926204821363723,52,"THY1;GPAA1;PIGT;PIGB;DPM2;PIGU;PIGL","shrunk_lfc",FALSE
"REACTOME_PROCESSING_OF_DNA_DOUBLE_STRAND_BREAK_ENDS",0.506122448979592,0.830169151654322,0.0795564677235957,0.345282527075275,0.957660378916562,77,"RPS27A;NSD2;RNF168;RPA1;UIMC1;NBN;H2BC21;RNF8;H2BC5;RAD17;BARD1;CCNA1;EXO1;RMI1;HUS1;RAD9A;H2BC4;SIRT6;BRIP1;MRE11;PPP4R2","shrunk_lfc",FALSE
"REACTOME_GPER1_SIGNALING",0.507276507276507,0.83029530524383,0.080419996876154,-0.423840004719511,-0.928485615659461,36,"FN1;GNG7;SHC1;GNB4;ITGB1;GNAI2;PRKAR1B","shrunk_lfc",FALSE
"REACTOME_DDX58_IFIH1_MEDIATED_INDUCTION_OF_INTERFERON_ALPHA_BETA",0.50873786407767,0.83029530524383,0.0766746872490091,-0.407844865575974,-0.93136872261305,66,"DHX58;UBA7;ISG15;IFIH1;RIGI;S100B;HMGB1;UBE2L6","shrunk_lfc",FALSE
"REACTOME_GLYCOSPHINGOLIPID_BIOSYNTHESIS",0.509316770186335,0.83029530524383,0.0799858801499946,-0.441981530134343,-0.917589772575901,17,"ST8SIA5;B4GALT5;ST3GAL2","shrunk_lfc",FALSE
"REACTOME_TRANSLOCATION_OF_SLC2A4_GLUT4_TO_THE_PLASMA_MEMBRANE",0.51063829787234,0.83029530524383,0.0762797180809272,-0.409843574670831,-0.933841131104115,63,"SFN;TUBB4A;TUBB3;TUBA1C;TUBA1B;VAMP2;RAB8A;TUBA1A;ACTB;TUBB4B;ASPSCR1","shrunk_lfc",FALSE
"REACTOME_IRS_MEDIATED_SIGNALLING",0.512241054613936,0.83029530524383,0.0747385227439092,0.40109338427082,0.956258990452865,30,"PTPN11;IRS1;GRB2;FGF2;GAB2;SOS1;PIK3C3;FGF1;FGFR2","shrunk_lfc",FALSE
"REACTOME_FGFR1_MUTANT_RECEPTOR_ACTIVATION",0.5125,0.83029530524383,0.0799858801499946,-0.424848401962432,-0.920232214144014,24,"CUX1;STAT1;STAT3;FGFR1;ERLIN2;MYO18A;LRRFIP1;CEP43","shrunk_lfc",FALSE
"REACTOME_TRANSCRIPTIONAL_REGULATION_OF_WHITE_ADIPOCYTE_DIFFERENTIATION",0.513292433537832,0.83029530524383,0.0789209638180035,0.344062500472349,0.951290388178949,75,"PPARA;KLF5;MED15;ANGPTL4;TBL1X;MED14;NCOA1;TGFB1;MED13;NCOA2;RELA;MED1;NCOA6;RXRA;NCOA3;PPARGC1A","shrunk_lfc",FALSE
"REACTOME_SIGNALING_BY_ALK_IN_CANCER",0.514957264957265,0.83029530524383,0.0810802057550866,0.352233737920144,0.967230941523743,82,"ALK;MAPK1;RPS27A;MSN;AGO4;LMO7;JUNB;MCL1;MAPK9;IRS1;EEF1G;SQSTM1;GRB2;AGO1;AGO2;CLTC;EML4;RRBP1;TWIST1;AGO3;BCL2A1;SEC31A;MAPK8;PPFIBP1;DCTN1","shrunk_lfc",FALSE
"REACTOME_RECRUITMENT_OF_NUMA_TO_MITOTIC_CENTROSOMES",0.515828677839851,0.83029530524383,0.0738052724171275,-0.393626097293394,-0.927167260199,87,"TUBB4A;CEP192;TUBB3;TUBA1C;PLK1;TUBA1B;TUBB;CLASP1;TUBA1A;DYNLL1;NUMA1;TUBB4B;PPP2R1A;CEP70;ALMS1;CSNK1D;HAUS5;TUBB2A;CEP43;PRKACA","shrunk_lfc",FALSE
"REACTOME_RHOF_GTPASE_CYCLE",0.516129032258065,0.83029530524383,0.0747385227439092,0.378840970413837,0.949911365235331,40,"CAV1;TOR1AIP1;AKAP12;BAIAP2L1;ACTN1;DIAPH3;FAM169A","shrunk_lfc",FALSE
"REACTOME_HEDGEHOG_LIGAND_BIOGENESIS",0.517102615694165,0.83029530524383,0.0776798560117236,-0.406162153207549,-0.912091068921196,51,"PSMC3;PSMB4;OS9;PSMB7;PSMD8;DERL2;PSMA5;PSMB3;VCP;PSMA6;UBB;PSMD6;PSMA2;PSMD13;PSMB1;PSMA7;PSMA3;PSMD1;ADRM1;PSMA1;UBA52;PSMC5;PSMB2;P4HB;PSMC1","shrunk_lfc",FALSE
"REACTOME_REGULATION_OF_APOPTOSIS",0.517894736842105,0.83029530524383,0.0799858801499946,-0.412093367654269,-0.905105109847596,40,"PSMC3;PSMB4;OMA1;PSMB7;PSMD8;PSMA5;PSMB3;PSMA6;UBB;PSMD6;PSMA2;PSMD13;PSMB1;PSMA7;PSMA3;PSMD1;ADRM1;PSMA1;UBA52;PSMC5;PSMB2","shrunk_lfc",FALSE
"REACTOME_ACTIVATION_OF_MATRIX_METALLOPROTEINASES",0.518375241779497,0.83029530524383,0.0755015292281669,0.456171451709827,0.969446993246987,16,"MMP1;FURIN;MMP2;MMP10","shrunk_lfc",FALSE
"REACTOME_PCP_CE_PATHWAY",0.519427402862986,0.83029530524383,0.0782955249944794,0.339850032546879,0.941369247003403,76,"FZD4;FZD3;RPS27A;SMURF2;PRKCA;WNT5A;RAC2;CLTB;CLTC;RAC3;PSMD7;PSMD14;DAAM1;DVL2","shrunk_lfc",FALSE
"REACTOME_CELL_JUNCTION_ORGANIZATION",0.519543973941368,0.83029530524383,0.0667426134241917,-0.362011706540256,-0.957680213621094,223,"CDH11;TFAP2A;DST;FBLIM1;TNRC6B;CTNND1;DNTTIP1;ADAM19;TMEM258;MDM2;CLDN4;H2AX;ITGB1;GANAB;PSMC3;PSMB4;ACTB;PARVA;H3-3A;PSMB7;PRKCSH;CTNNB1;PSMD8;KLF4;PIP5K1C;CADM1;PSMA5;H3-3B","shrunk_lfc",FALSE
"REACTOME_INSULIN_PROCESSING",0.520153550863724,0.83029530524383,0.0749278818393739,0.42695435765597,0.952201332180464,21,"MYO5A;EXOC4;KIF5C;EXOC6;SLC30A5;KIF5A;EXOC5;EXOC1;RAB27A","shrunk_lfc",FALSE
"REACTOME_KERATAN_SULFATE_BIOSYNTHESIS",0.520388349514563,0.83029530524383,0.0755015292281669,0.436696014550377,0.96067221936185,20,"ST3GAL4;B3GNT2;B4GAT1;CHST6;CHST1;B4GALT4;B4GALT6;ST3GAL3;ST3GAL1;ST3GAL6","shrunk_lfc",FALSE
"REACTOME_FGFR2_ALTERNATIVE_SPLICING",0.521649484536083,0.83029530524383,0.0785029047348687,-0.425496630943223,-0.914818287629571,26,"POLR2I;POLR2L;PTBP1;POLR2F","shrunk_lfc",FALSE
"REACTOME_G_PROTEIN_ACTIVATION",0.522243713733075,0.83029530524383,0.0751181635276301,0.448730128513638,0.953632833085748,16,"GNG2;GNG11;GNB1;GNG12;GNB5","shrunk_lfc",FALSE
"REACTOME_SARS_COV_1_TARGETS_HOST_INTRACELLULAR_SIGNALLING_AND_REGULATORY_PATHWAYS",0.522243713733075,0.83029530524383,0.0751181635276301,0.450054922226855,0.956448259779235,16,"SERPINE1;CAV1;YWHAZ;SMAD3;SMAD4","shrunk_lfc",FALSE
"REACTOME_METALLOPROTEASE_DUBS",0.524177949709865,0.831852115179524,0.0749278818393739,0.40497790367646,0.945785333952269,26,"RPS27A;UIMC1;BARD1;H2AC19;PSMD14;ABRAXAS2","shrunk_lfc",FALSE
"REACTOME_PINK1_PRKN_MEDIATED_MITOPHAGY",0.52561669829222,0.831852115179524,0.0738052724171275,0.396809026754808,0.947343578671711,31,"RPS27A;UBE2L3;TOMM20;SQSTM1;UBE2D3;ATG9A;OPTN;MAP1LC3A;MAP1LC3B;ATG5;TBK1","shrunk_lfc",FALSE
"REACTOME_REGULATION_OF_RUNX2_EXPRESSION_AND_ACTIVITY",0.527162977867203,0.831852115179524,0.0766746872490091,0.358710512477749,0.941255678000625,56,"BMP2;GSK3B;NR3C1;RPS27A","shrunk_lfc",FALSE
"REACTOME_TRANSCRIPTION_OF_E2F_TARGETS_UNDER_NEGATIVE_CONTROL_BY_DREAM_COMPLEX",0.528155339805825,0.831852115179524,0.0747385227439092,0.43767358859338,0.956110657518845,19,"E2F1;RBL1;MYC;TFDP1;LIN54","shrunk_lfc",FALSE
"REACTOME_MITOCHONDRIAL_FATTY_ACID_BETA_OXIDATION",0.52928870292887,0.831852115179524,0.0785029047348687,-0.426060925253379,-0.9198185049708,32,"DBI;ACADVL;ECI1;HADHB;MCAT;ACOT7;PCCA;ACAA2;ECHS1;MMAA","shrunk_lfc",FALSE
"REACTOME_CHAPERONE_MEDIATED_AUTOPHAGY",0.529865125240848,0.831852115179524,0.0741758965588009,0.441333093854609,0.952253403825676,17,"RPS27A;HSP90AA1;HSPA8","shrunk_lfc",FALSE
"REACTOME_DEFECTIVE_INTRINSIC_PATHWAY_FOR_APOPTOSIS",0.529865125240848,0.831852115179524,0.0741758965588009,0.419018192726537,0.93984804276443,22,"PRDX1;SOD2;CAPN1;FOXO3;BCL2L11;CAPN2","shrunk_lfc",FALSE
"REACTOME_SIGNALING_BY_FGFR_IN_DISEASE",0.531187122736419,0.831852115179524,0.0762797180809272,-0.400127241661844,-0.89853887337787,51,"CUX1;STAT1;STAT3;POLR2I;POLR2L;FGFR1;POLR2F;ERLIN2;MYO18A;FRS2;LRRFIP1;CEP43","shrunk_lfc",FALSE
"REACTOME_TOLL_LIKE_RECEPTOR_9_TLR9_CASCADE",0.532150776053215,0.831852115179524,0.0813027345384498,0.336599173257475,0.946102846460794,104,"MAPK1;MEF2A;RPS27A;RIPK2;FBXW11;NLRC5;DUSP7;MAPK14;RPS6KA1;IRAK1;MAPK9;TRAF6;PPP2R5D;SLC15A4;TNIP2;ECSIT;PPP2CA;N4BP1;RELA;MAP3K7;MAPK8;MAP2K4;PIK3C3","shrunk_lfc",FALSE
"REACTOME_ENDOSOMAL_SORTING_COMPLEX_REQUIRED_FOR_TRANSPORT_ESCRT",0.532908704883227,0.831852115179524,0.0789209638180035,-0.43200406402359,-0.919873238268326,30,"VPS36;CHMP3;VPS37B;TSG101;SNF8;UBAP1;CHMP4A;UBB;CHMP5;HGS;VPS37C;VPS28;VPS25;CHMP2B;UBA52","shrunk_lfc",FALSE
"REACTOME_SIGNALING_BY_NOTCH4",0.532921810699588,0.831852115179524,0.077274697304471,0.343377180888461,0.931115562857785,69,"HES1;JAG1;RPS27A;NOTCH2;ADAM10;YWHAZ;PSENEN;SMAD3;SNW1;PSMD7;PSMD14","shrunk_lfc",FALSE
"REACTOME_NUCLEAR_ENVELOPE_NE_REASSEMBLY",0.533589251439539,0.831852115179524,0.0736212741014394,-0.398596951647336,-0.912328077711058,67,"TUBB4A;SPAST;TUBB3;TUBA1C;TUBA1B;CCNB1;TUBA1A;LMNB1;RCC1;KPNB1;CHMP3;TUBB4B;PPP2R1A;BANF1;TUBB2A;NUP93;CHMP4A;LBR;NUP85;VRK1;LEMD2;POM121;TNPO1;CC2D1B;TUBB6;LMNA;CHMP2B;RAN","shrunk_lfc",FALSE
"REACTOME_ACTIVATION_OF_BAD_AND_TRANSLOCATION_TO_MITOCHONDRIA",0.534749034749035,0.831852115179524,0.0738052724171275,0.451288400796396,0.938945260873322,15,"AKT3;PPP3CC;BID;YWHAZ","shrunk_lfc",FALSE
"REACTOME_SPHINGOLIPID_METABOLISM",0.535087719298246,0.831852115179524,0.080419996876154,0.342758263015683,0.94922971623957,89,"A4GALT;ARSK;CERT1;PPM1L;CERK;SPHK1;DEGS1;PRKD3;KDSR;PLPP1;SGPP1;PRKD2;ALDH3B1;SAMD8;ALDH3A2;SGMS1","shrunk_lfc",FALSE
"REACTOME_TNFR1_INDUCED_PROAPOPTOTIC_SIGNALING",0.535416666666667,0.831852115179524,0.0776798560117236,-0.413294681811012,-0.895206568696294,24,"BIRC3;RNF31;RBCK1;TRAF2;FADD;SHARPIN;CASP8;XIAP","shrunk_lfc",FALSE
"REACTOME_DISEASES_ASSOCIATED_WITH_GLYCOSYLATION_PRECURSOR_BIOSYNTHESIS",0.536082474226804,0.831852115179524,0.0770736734944102,-0.444152008631024,-0.920174573222874,16,"DPM2;DOLK;GALM;PMM2;GNE;PGM1;DPM3;GALE;DHDDS","shrunk_lfc",FALSE
"REACTOME_SIGNALING_BY_INSULIN_RECEPTOR",0.537678207739308,0.83307925899728,0.0762797180809272,0.351030707991198,0.938504510022957,60,"MAPK1;PTPRF;GRB10;ATP6V1E1;PTPN11;IRS1;GRB2;FGF2;GAB2;SOS1;IDE;INSR;PIK3C3;FGF1;FGFR2","shrunk_lfc",FALSE
"REACTOME_RESPONSE_OF_MTB_TO_PHAGOCYTOSIS",0.539499036608863,0.834650975919542,0.0732558655828455,0.417019615424777,0.935365280445327,22,"MAPK1;RPS27A;RAB5A;KPNA1","shrunk_lfc",FALSE
"REACTOME_CIRCADIAN_CLOCK",0.541573033707865,0.835189617083947,0.0810802057550866,0.333610863588527,0.944144766242112,109,"SERPINE1;PPARA;NRIP1;BMAL2;TBL1X;RPS27A;PPP1CC;NR1D1;FBXW11;PER3;NCOA1;RORB;RAI1;NCOA2;CSNK2A1;PSMD7;MED1;PSMD14;CRTC2;NCOA6;RXRA;BHLHE40;CRY2;NAMPT;PER1;PPARGC1A","shrunk_lfc",FALSE
"REACTOME_GASTRULATION",0.541899441340782,0.835189617083947,0.0713052987340038,-0.385674395957315,-0.908437411765707,87,"TFAP2A;FGFR1;PSMC3;PSMB4;TCF7L2;PSMB7;CTNNB1;PSMD8;PSMA5;PSMB3;PSMA6;NOTCH1;PSMD6;PSMA2;PSMD13;ZIC1;MAMLD1;PSMB1;FOXF1;TRIM33;PSMA7;PSMA3;PSMD1;ADRM1;PSMA1","shrunk_lfc",FALSE
"REACTOME_INSULIN_RECEPTOR_RECYCLING",0.542268041237113,0.835189617083947,0.0764767053228531,-0.415663067095824,-0.893676113083484,26,"ATP6V0E2;CTSD;ATP6V0C;ATP6V0D1;ATP6V1G1;ATP6AP1;ATP6V1H;ATP6V0B;ATP6V1C1;ATP6V1F;ATP6V0A1","shrunk_lfc",FALSE
"REACTOME_DISASSEMBLY_OF_THE_DESTRUCTION_COMPLEX_AND_RECRUITMENT_OF_AXIN_TO_THE_MEMBRANE",0.544747081712062,0.837761113777094,0.0732558655828455,0.398906398790471,0.928557392695558,27,"GSK3B;CAV1;APC;PPP2R5D;PPP2CA;DVL2;PPP2R5B;PPP2R5E","shrunk_lfc",FALSE
"REACTOME_TRANSCRIPTIONAL_REGULATION_BY_RUNX2",0.548446069469835,0.84104929440445,0.0697792517076235,-0.381028481402215,-0.910381053674794,96,"MAF;PPARGC1B;STAT1;SOX9;ABL1;CDK4;CCNB1;RBM14;HEY1;PSMC3;PSMB4;PSMB7;PSMD8;PSMA5;WWTR1;PSMB3;BAX;PSMA6;UBB;HDAC6;PSMD6;PSMA2;ITGBL1","shrunk_lfc",FALSE
"REACTOME_KSRP_KHSRP_BINDS_AND_DESTABILIZES_MRNA",0.549132947976879,0.84104929440445,0.0723570851036907,0.435846327676244,0.940414745356378,17,"DIS3;MAPK14;YWHAZ;DCP2;KHSRP","shrunk_lfc",FALSE
"REACTOME_RHOV_GTPASE_CYCLE",0.549323017408124,0.84104929440445,0.0725351864394589,0.384656690787112,0.949022464523983,37,"PAK6;PAK1;GIT1;SH3RF1;SPTBN1;IQGAP1;PEAK1;ARHGEF7;USP9X;CLTC","shrunk_lfc",FALSE
"REACTOME_GABA_RECEPTOR_ACTIVATION",0.550863723608445,0.841691515315804,0.072003313661988,0.38238031915713,0.94013329442035,36,"GNG2;ADCY3;GNG11;GNB1;ADCY9;GNG12;GNB5","shrunk_lfc",FALSE
"REACTOME_ASSEMBLY_OF_COLLAGEN_FIBRILS_AND_OTHER_MULTIMERIC_STRUCTURES",0.55193482688391,0.841691515315804,0.0749278818393739,-0.393123497032674,-0.885319582721309,47,"LOXL3;LOXL1;COL14A1;DST;COL4A5;COL9A3;COL5A1;PXDN;COL4A2","shrunk_lfc",FALSE
"REACTOME_CARBOXYTERMINAL_POST_TRANSLATIONAL_MODIFICATIONS_OF_TUBULIN",0.552182163187856,0.841691515315804,0.0713052987340038,0.388466957148909,0.927427685783357,31,"AGBL1","shrunk_lfc",FALSE
"REACTOME_NEDDYLATION",0.553524804177546,0.842263142263142,0.0880945010398517,0.316044153784155,0.955231859375689,212,"CUL4A;FEM1C;RPS27A;FBXO21;FBXW11;COPS4;UFD1;LMO7;COMMD7;TULP4;FBXO11;KLHL2;WSB2;BTBD1;SQSTM1;ERCC8;UBE2D3;DCAF11;DCAF6;FBXO41;SPSB1;UBE2F;PUM2;DCAF16;KLHL3;DCUN1D3;CUL2;COPS2;PSMD7;FBXL20;KLHL21;PSMD14;FBXO31;CUL5;CUL4B;FBXO7;FBXL16;CUL3;CAND1;COMMD2;KBTBD7;COMMD10;RBBP7;NUB1;SKP1;DCUN1D2;DCAF13;FBXO22;KLHL5;SOCS5;COMMD8;DCAF8;NAE1;PSMC4;BTRC;KCTD7;EPAS1;FBXW4;FBXW7;ASB3","shrunk_lfc",FALSE
"REACTOME_DNA_REPLICATION",0.554744525547445,0.842263142263142,0.0840745577910723,0.32320145924826,0.943629512541031,148,"H3C4;RPS27A;CDC45;MCM4;RPA1;RFC1;MCM6;ANAPC1;POLD3;KPNA1;H2BC21;H2BC5;ANAPC4;MCM3;H2AC19;CCNE2;PSMD7;PSMD14;ANAPC11;CCNA1;POLA1;RNASEH1","shrunk_lfc",FALSE
"REACTOME_CELLULAR_RESPONSE_TO_STARVATION",0.556626506024096,0.842263142263142,0.0833634065110386,0.321384542713026,0.942359989988255,151,"RPS27A;EIF2S1;ATP6V1E1;RPS3A;RPL9;ATF3;EIF2AK4;CASTOR2;RPL7;RPLP0;RPS15A;DDIT3;RPL23;RPS7;RPS13;RRAGD;RPS17;RPL39;RPS23;RPLP2;RPS11;RPL5;RPL22;RPL17;SEC13;RPS10;RPL27A;RPS21;RPS25;RPS29;FNIP1;SH3BP4;WDR24;RPL11;RPL34;RPS18;RPS27L;ATP6V1C2;TCIRG1;RPL27;RPS3;RPL26;RPS20;RPS12;NPRL3;RPL30;RPS27;RPL18A;RPS19;RPS6;RPS2;RPL4;RPS14;SESN1;RPL39L;RPL13;RRAGC;RPL21;RPS4X;RPL31;RPS8;RPS16;ATP6V1G2","shrunk_lfc",FALSE
"REACTOME_STABILIZATION_OF_P53",0.55761316872428,0.842263142263142,0.0749278818393739,-0.397201586875985,-0.882297624078593,43,"TP53;MDM2;PSMC3;PSMB4;CHEK2;PSMB7;PSMD8;PSMA5;PSMB3;PSMA6;UBB;PSMD6;PSMA2;PSMD13;PSMB1;PSMA7;PSMA3;PSMD1;ADRM1;PSMA1;UBA52;PSMC5","shrunk_lfc",FALSE
"REACTOME_INSERTION_OF_TAIL_ANCHORED_PROTEINS_INTO_THE_ENDOPLASMIC_RETICULUM_MEMBRANE",0.559251559251559,0.842263142263142,0.0753093764172773,-0.409163416191774,-0.868962443966215,21,"UBE2J2;VAMP2;BAG6;GET4;GET3;SGTA","shrunk_lfc",FALSE
"REACTOME_AUTOPHAGY",0.55952380952381,0.842263142263142,0.0652353056017703,-0.359565589056642,-0.913199606599833,142,"DYNC1I1;TUBB4A;TUBB3;TUBA1C;TUBA1B;WIPI1;TUBA1A;TOMM40;DYNLL1;TOMM5;MLST8;UBE2V1;LAMP2;CHMP3;ATG16L1;AMBRA1;TUBB4B;RRAGA;GABARAP;VPS37B;TSG101;PIK3R4;UBE2N;ATG4D;LAMTOR4;TUBB2A;TSC2;UBAP1;VDAC3;HSP90AB1;VCP;CHMP4A;UBB;HDAC6","shrunk_lfc",FALSE
"REACTOME_ACTIVATED_TAK1_MEDIATES_P38_MAPK_ACTIVATION",0.560229445506692,0.842263142263142,0.0709609456938284,0.407167003556103,0.921978995348028,23,"RPS27A;RIPK2;MAPK14;IRAK1;TRAF6","shrunk_lfc",FALSE
"REACTOME_CLASS_I_PEROXISOMAL_MEMBRANE_PROTEIN_IMPORT",0.560574948665298,0.842263142263142,0.0745500777420554,-0.411863372437493,-0.86994788788851,19,"PEX19;PXMP2;SLC25A17;PEX16;FIS1;PXMP4;PEX3","shrunk_lfc",FALSE
"REACTOME_SIGNALING_BY_CYTOSOLIC_FGFR1_FUSION_MUTANTS",0.561586638830898,0.842263142263142,0.0753093764172773,-0.423230606609069,-0.879641303975705,18,"CUX1;STAT1;STAT3;MYO18A;LRRFIP1;CEP43","shrunk_lfc",FALSE
"REACTOME_INFECTION_WITH_MYCOBACTERIUM_TUBERCULOSIS",0.562141491395794,0.842263142263142,0.0707899094502623,0.405459138154306,0.918111746740979,23,"MAPK1;RPS27A;RAB5A;KPNA1","shrunk_lfc",FALSE
"REACTOME_GLUCAGON_TYPE_LIGAND_RECEPTORS",0.5626204238921,0.842263142263142,0.0711327399327894,0.429010518014276,0.925665289425803,17,"GNG2;GNG11;GNB1;GNG12;GNB5","shrunk_lfc",FALSE
"REACTOME_SARS_COV_2_INFECTION",0.563271604938272,0.842263142263142,0.0602484086158019,-0.344908005950647,-0.928468283808229,263,"HSPG2;SFN;SDC3;PARP9;HLA-B;ISG15;IFIH1;RIGI;PARP14;GPC1;KPNA2;IL17RC;NUP210;AGRN;HLA-C;TAB1;STAT1;PARP10;HLA-F;GOLGA7;STING1;HLA-A;MAN1B1;TMEM258;DDX5;VPS18;ST3GAL2;TPR;HLA-E;UBE2V1;GANAB;CHMP3;VPS45;AAAS;PIK3R4;UBE2N;VHL;STAT2;PRKCSH;SDC2;IRF7;TYK2;PRMT1;ST6GALNAC4;NUP93;OST4;SNRPD3;GEMIN6;RPS9;HSP90AB1;VCP","shrunk_lfc",FALSE
"REACTOME_CDK_MEDIATED_PHOSPHORYLATION_AND_REMOVAL_OF_CDC6",0.563600782778865,0.842263142263142,0.0718276293603809,-0.395377627627767,-0.89478570667874,60,"UBE2C;CDC27;PSMC3;PSMB4;FZR1;PSMB7;PSMD8;PSMA5;PSMB3;CDC23;PSMA6;UBB;ANAPC7;PSMD6;PSMA2;PSMD13;PSMB1;ANAPC15;PSMA7;PSMA3;PSMD1;ADRM1;PSMA1;UBA52;UBE2S;PSMC5;CDC26;PSMB2;ANAPC16;CCNA2;PSMC1;ANAPC2","shrunk_lfc",FALSE
"REACTOME_SIGNALING_BY_NOTCH1",0.563953488372093,0.842263142263142,0.0713052987340038,-0.389844246089843,-0.894374880505033,69,"CNTN1;DNER;ARRB1;NEURL1B;HIF1A;HEY1","shrunk_lfc",FALSE
"REACTOME_SIGNALING_BY_HEDGEHOG",0.566820276497696,0.842263142263142,0.0799858801499946,0.32391986501886,0.94107346550616,128,"DYNC2H1;EVC;GSK3B;ADCY3;CDC73;RPS27A;SUFU;SMURF2;GLI2;SMO;KIF7;GPR161;ITCH;SEL1L;ADCY9;PSMD7;EVC2;PSMD14;NUMB;OFD1;PRKAR2A","shrunk_lfc",FALSE
"REACTOME_HSF1_ACTIVATION",0.567362428842505,0.842263142263142,0.0699458736501659,0.385917033573648,0.91296927080985,28,"HSPA1B;HSPH1;HSP90AA1;RPA1;HSPA1A;DEDD2;PTGES3;FKBP4","shrunk_lfc",FALSE
"REACTOME_NEGATIVE_REGULATION_OF_NOTCH4_SIGNALING",0.567622950819672,0.842263142263142,0.0738052724171275,-0.393115617461806,-0.878648311530793,44,"PSMC3;PSMB4;PSMB7;PSMD8;PSMA5;PSMB3;PSMA6;UBB;PSMD6;PSMA2;TACC3;PSMD13;RBX1;PSMB1;PSMA7;PSMA3;PSMD1;ADRM1;PSMA1;UBA52;PSMC5;PSMB2","shrunk_lfc",FALSE
"REACTOME_RESOLUTION_OF_D_LOOP_STRUCTURES",0.568665377176016,0.842263142263142,0.0707899094502623,0.37776228620153,0.932012634751244,37,"GEN1;RAD51B;NBN;RAD51AP1;BARD1;XRCC3;EXO1;RMI1;BRIP1;MRE11;RAD50;RAD51;FIRRM","shrunk_lfc",FALSE
"REACTOME_CONVERSION_FROM_APC_C_CDC20_TO_APC_C_CDH1_IN_LATE_ANAPHASE",0.568788501026694,0.842263142263142,0.0738052724171275,-0.409081335036835,-0.868419554692864,20,"UBE2C;CDC27;FZR1;CDC23;ANAPC7;ANAPC15;UBE2S;CDC26;ANAPC16;ANAPC2","shrunk_lfc",FALSE
"REACTOME_ADORA2B_MEDIATED_ANTI_INFLAMMATORY_CYTOKINES_PRODUCTION",0.568998109640832,0.842263142263142,0.0696133438850965,0.377964787519664,0.919871556453046,33,"GNG2;ADCY3;GNG11;GNB1;ADCY9;GNG12;GNB5;PRKAR2A;PRKACB","shrunk_lfc",FALSE
"REACTOME_DAP12_SIGNALING",0.56964656964657,0.842263142263142,0.0743625384422526,-0.403352317899641,-0.85662110069301,21,"SHC1;HLA-E;PIK3R2;B2M;PLCG2;PIK3CB","shrunk_lfc",FALSE
"REACTOME_SIGNALING_BY_FGFR1_IN_DISEASE",0.570526315789474,0.842360537577896,0.0749278818393739,-0.41155919867758,-0.884544597075904,31,"CUX1;STAT1;STAT3;FGFR1;ERLIN2;MYO18A;FRS2;LRRFIP1;CEP43","shrunk_lfc",FALSE
"REACTOME_GLYCOSPHINGOLIPID_METABOLISM",0.572895277207392,0.842597431172474,0.0734381410838857,-0.385906021165001,-0.863048265165404,48,"ST8SIA5;ARSA;SUMF2;B4GALT5;GLA;ST3GAL2;CTSA;SMPD4;M6PR;PSAP;HEXA;ST6GALNAC6;ARSB","shrunk_lfc",FALSE
"REACTOME_HIV_LIFE_CYCLE",0.573493975903615,0.842597431172474,0.0817515582532145,0.322820871198726,0.940670301917793,144,"RPS27A;TAF5;NUP58;NUP133;POLR2A;NUP50;FURIN;PSIP1;CXCR4;RANBP1;TAF10;CCNK;RNMT;KPNA1;TCEA1;CCNT2;XPO1;POM121C;VPS37A;XRCC5;VPS4A;NDC1;SSRP1;NMT2;SEC13;HMGA1;LIG4;NELFB;NUP160;CHMP2A;MVB12B;CDK7;NUP188;NUP43;ERCC3;NEDD4L;NUP155;GTF2H2;POLR2D;NUP153;NELFA;CHMP7","shrunk_lfc",FALSE
"REACTOME_RAB_REGULATION_OF_TRAFFICKING",0.573696145124717,0.842597431172474,0.0785029047348687,0.328041171124818,0.947229858026994,118,"DENND1B;AKT3;GGA2;CCZ1B;RABEP1;RABGEF1;RAB5A;RIN2;TRAPPC6B;CHML;DENND3;RAB35;RAB6A;TBC1D15;GAPVD1;OPTN;RABGAP1;RIC1;RAB21;RAB38;RAB33B;TBC1D16;RAB1A;RAB3GAP1;DENND5A;DENND4C;RAB27A;MAP1LC3B;ULK1;MADD;RAB5B;RAB39A;SBF2;GDI2;TSC1;HPS4;RAB11A;RAB4A","shrunk_lfc",FALSE
"REACTOME_FORMATION_OF_THE_CANONICAL_BAF_CBAF_COMPLEX",0.574112734864301,0.842597431172474,0.0741758965588009,-0.416648728603527,-0.86596154721664,18,"SMARCD1;DPF3;ACTB;BCL7A","shrunk_lfc",FALSE
"REACTOME_COLLAGEN_DEGRADATION",0.574757281553398,0.842597431172474,0.0704500850658419,0.366532530362696,0.920442895395997,42,"MMP1;CTSB;COL6A2;COL6A1;COL5A2;FURIN;MMP2;ADAM10","shrunk_lfc",FALSE
"REACTOME_NONHOMOLOGOUS_END_JOINING_NHEJ",0.576699029126214,0.843991298319428,0.0702812841717392,0.357271655878843,0.919460364556093,48,"NSD2;RNF168;UIMC1;NBN;H2BC21;RNF8;H2BC5;BARD1;XRCC5;NHEJ1;LIG4;H2BC4;MRE11;RIF1;PAXIP1;TDP1;UBE2V2;RAD50;POLL","shrunk_lfc",FALSE
"REACTOME_GLUCOSE_METABOLISM",0.577405857740586,0.843991298319428,0.0739901439101341,0.335353278743932,0.911494761842293,71,"PGM2L1;NUP58;NUP133;NUP50;PPP2R5D;GNPDA1;GNPDA2;SLC37A2;POM121C;PPP2CA;SLC37A1;ALDOC;NDC1;GPI;SEC13;PRKACB;PGK1;BPGM;NUP160;NUP188;NUP43;NUP155;NUP153","shrunk_lfc",FALSE
"REACTOME_TRANSPORT_OF_MATURE_TRANSCRIPT_TO_CYTOPLASM",0.578154425612053,0.843991298319428,0.0686325631836726,-0.3770996113079,-0.879819769736522,81,"NUP210;SRSF6;SRSF5;ZC3H11A;DDX39B;SRSF3;SRSF2;TPR;SRSF9;NXF1;RBM8A;AAAS;FYTTD1;UPF3B;U2AF2;NUP93;CPSF1;NUP85;RAE1;THOC1;POM121;ALYREF;RANBP2;SLBP;SLU7","shrunk_lfc",FALSE
"REACTOME_GLYCOSPHINGOLIPID_CATABOLISM",0.581052631578947,0.844676487040835,0.0739901439101341,-0.407409793822249,-0.875626478716123,31,"ARSA;SUMF2;GLA;CTSA;SMPD4;M6PR;PSAP;HEXA;ARSB;GM2A;NEU1","shrunk_lfc",FALSE
"REACTOME_SYNAPTIC_ADHESION_LIKE_MOLECULES",0.581081081081081,0.844676487040835,0.0696133438850965,0.430118821316634,0.894900086452426,15,"PTPRF;GRIA3;RTN3","shrunk_lfc",FALSE
"REACTOME_TRANSLATION_OF_SARS_COV_2_STRUCTURAL_PROTEINS",0.581818181818182,0.844676487040835,0.0718276293603809,0.345353380014901,0.917294250870708,58,"ZDHHC8;FUT8;GSK3B;MGAT5;RPS27A;ST3GAL4;SRPK2;PARP6;OSTC;DAD1;ZDHHC20;MAN2A1","shrunk_lfc",FALSE
"REACTOME_RAS_PROCESSING",0.581888246628131,0.844676487040835,0.0694481442003175,0.407109621249861,0.913137394423253,22,"LYPLA1;RPS27A;CALM1;ARL2;ICMT;FNTA","shrunk_lfc",FALSE
"REACTOME_REGULATION_OF_TP53_ACTIVITY_THROUGH_PHOSPHORYLATION",0.582781456953642,0.844788246424398,0.0762797180809272,0.333930336491609,0.925955016149929,90,"RPS27A;TAF5;PRKAG2;MDM4;MAPK14;TAF10;RPA1;NBN;HIPK2;RAD17;DYRK2;BARD1;CSNK2A1;CCNA1;SSRP1;EXO1;TP53INP1;RMI1;HUS1;RAD9A;PRKAB1;BRIP1;MRE11;PRKAB2;PRKAA1","shrunk_lfc",FALSE
"REACTOME_NEUROTRANSMITTER_RECEPTORS_AND_POSTSYNAPTIC_SIGNAL_TRANSMISSION",0.58421052631579,0.844863589521072,0.0646484568421928,-0.358248268555638,-0.892496070650972,131,"NEFL;GRIK2;GNG7;TUBB4A;KPNA2;TUBB3;TUBA1C;DLG1;TUBA1B;MDM2;AP2S1;AP2M1;GNB4;TUBA1A;RPS6KA6","shrunk_lfc",FALSE
"REACTOME_METABOLIC_DISORDERS_OF_BIOLOGICAL_OXIDATION_ENZYMES",0.584466019417476,0.844863589521072,0.0696133438850965,0.414960402056095,0.912856809103138,20,"CYP27A1;GCLC","shrunk_lfc",FALSE
"REACTOME_MTORC1_MEDIATED_SIGNALLING",0.5875,0.84660300244543,0.0728938564822936,-0.393605779798347,-0.852559916832975,24,"AKT1S1;MLST8;FKBP1A;RRAGA;LAMTOR4;EIF4G1;RPTOR;LAMTOR5;LAMTOR3;RHEB;LAMTOR2;MTOR;LAMTOR1","shrunk_lfc",FALSE
"REACTOME_HSF1_DEPENDENT_TRANSACTIVATION",0.589251439539347,0.84660300244543,0.0686325631836726,0.371214808253123,0.907269051018864,35,"HSPA1B;CAMK2G;HSPH1;HSP90AA1;HSPA1A;HSPA8;DEDD2;PTGES3;FKBP4","shrunk_lfc",FALSE
"REACTOME_REGULATION_OF_ENDOGENOUS_RETROELEMENTS",0.59009009009009,0.84660300244543,0.0766746872490091,0.328584471019927,0.918775798090076,102,"H3C4;ZNF264;GATAD2A;H2BC21;H2BC5;CHD3;ZNF816;H2AC19;MORC2;ATF7IP;ZNF778;SMARCB1;MPHOSPH8","shrunk_lfc",FALSE
"REACTOME_NUCLEAR_SIGNALING_BY_ERBB4",0.590909090909091,0.84660300244543,0.0721797965581253,-0.386378092834659,-0.840328144790369,25,"APOE;SPARC;S100B;NCSTN;NRG3","shrunk_lfc",FALSE
"REACTOME_ABERRANT_REGULATION_OF_MITOTIC_EXIT_IN_CANCER_DUE_TO_RB1_DEFECTS",0.591375770020534,0.84660300244543,0.0718276293603809,-0.404018361699422,-0.857671606364441,20,"UBE2C;CDC27;FZR1;CDC23;ANAPC7;ANAPC15;UBE2S;CDC26;ANAPC16;ANAPC2","shrunk_lfc",FALSE
"REACTOME_OPIOID_SIGNALLING",0.591439688715953,0.84660300244543,0.069119845655101,-0.38393528054314,-0.872696923591588,74,"PDE1C;GNG7;KPNA2;PPP1R1B;GNB4;PDE4D;GNAI2;GRK2;PRKAR1B","shrunk_lfc",FALSE
"REACTOME_CARDIAC_CONDUCTION",0.592132505175983,0.84660300244543,0.0721797965581253,0.330124812036124,0.908933256321786,73,"CACNG7;ATP2B1;KCNK1;KCND3;CAMK2G;ITPR3;TRPC1;HIPK2;AHCYL1;CALM1;ORAI1;ATP2A3;KCNJ2;AKAP9;GATA4;ATP2B4;ITPR2;SCN1B;FKBP1B","shrunk_lfc",FALSE
"REACTOME_TRANSLATION_OF_SARS_COV_1_STRUCTURAL_PROTEINS",0.592213114754098,0.84660300244543,0.0716527366829457,-0.396331750481646,-0.850889729032234,27,"PARP9;PARP14;PARP10;ST3GAL2;GANAB;PRKCSH;ST6GALNAC4;UBB","shrunk_lfc",FALSE
"REACTOME_TP53_REGULATES_TRANSCRIPTION_OF_CELL_CYCLE_GENES",0.593877551020408,0.847547888824068,0.0713052987340038,-0.379219968524459,-0.847080807052199,49,"SFN;PLK2;TP53;CCNB1;AURKA;CNOT10;PRMT1;CDC25C;BAX","shrunk_lfc",FALSE
"REACTOME_DEGRADATION_OF_DVL",0.594650205761317,0.847547888824068,0.0716527366829457,-0.386349957976298,-0.858193071851399,43,"PSMC3;PSMB4;PSMB7;PSMD8;PSMA5;PSMB3;PSMA6;UBB;PSMD6;PSMA2;DVL3;PSMD13;RBX1;PSMB1;PSMA7;PSMA3;PSMD1;ADRM1;PSMA1;UBA52;PSMC5;PSMB2","shrunk_lfc",FALSE
"REACTOME_POSTMITOTIC_NUCLEAR_PORE_COMPLEX_NPC_REFORMATION",0.595330739299611,0.847547888824068,0.0687943095604775,0.389977704625894,0.907773557192356,27,"NUP58;NUP133;NDC1;SEC13;NUP160;AHCTF1;NUP188;NUP43;NUP155","shrunk_lfc",FALSE
"REACTOME_DNA_DOUBLE_STRAND_BREAK_REPAIR",0.598540145985402,0.847898893628366,0.0799858801499946,0.316977090799557,0.925835026870935,149,"GEN1;RAD51B;POLK;RPS27A;NSD2;RNF168;RPA1;RFC1;UIMC1;NBN;POLD3;H2BC21;RNF8;H2BC5;SMARCA5;EYA3;PARP2;RAD51AP1;RAD17;APBB1;BARD1;XRCC3;XRCC5;MAPK8;NHEJ1;CCNA1;EXO1;ERCC4;RAD52;LIG4;RMI1;HUS1;RAD9A;H2BC4;SIRT6;BRIP1;MRE11;PPP4R2;RIF1;PAXIP1;POLQ;TDP1;BAZ1B;UBE2V2;POLD4","shrunk_lfc",FALSE
"REACTOME_FORMATION_OF_THE_NON_CANONICAL_BAF_NCBAF_COMPLEX",0.600414078674948,0.847898893628366,0.0714786287425507,-0.408720561952971,-0.848537284749265,17,"SMARCD1;ACTB;BCL7A;BCL7C;SMARCD2;SMARCC2;SMARCD3;BCL7B","shrunk_lfc",FALSE
"REACTOME_PIWI_INTERACTING_RNA_PIRNA_BIOGENESIS",0.600414078674948,0.847898893628366,0.0714786287425507,-0.408118610616928,-0.847287584587873,17,"POLR2I;POLR2L;POLR2F","shrunk_lfc",FALSE
"REACTOME_PLATELET_ACTIVATION_SIGNALING_AND_AGGREGATION",0.60129659643436,0.847898893628366,0.059476028695732,-0.342803354209234,-0.901295210715445,188,"PCDH7;A2M;FN1;GNG7;LGALS3BP;SHC1;SPARC;ARRB1;CD63;CFL1;GNB4;APLP2;CLU;PFN1;CHID1;PPIA;LAMP2;PCYOX1L;GNAI2","shrunk_lfc",FALSE
"REACTOME_RET_SIGNALING",0.601518026565465,0.847898893628366,0.0670512579829467,0.373985625171653,0.892854891481114,31,"GFRA1;GRB10;PRKCA;PTPN11;GRB2;GAB2;SOS1;PRKACB;SHC3;SRC","shrunk_lfc",FALSE
"REACTOME_CARGO_TRAFFICKING_TO_THE_PERICILIARY_MEMBRANE",0.603143418467583,0.847898893628366,0.0686325631836726,-0.37961695601067,-0.857430866399664,59,"TUBB4A;TUBB3;TUBA1C;TUBA1B;RAB8A;TUBA1A;TTC8;TUBB4B;BBS2;GBF1;PKD2;TUBB2A","shrunk_lfc",FALSE
"REACTOME_ACTIVATION_OF_SMO",0.60348162475822,0.847898893628366,0.0678338263479455,0.416508400983166,0.885155823499645,16,"EVC;SMO","shrunk_lfc",FALSE
"REACTOME_ATP_DEPENDENT_CHROMATIN_REMODELERS",0.604210526315789,0.847898893628366,0.072003313661988,-0.402046067279721,-0.852097060786809,28,"SMARCD1;DPF3;ACTB;BCL7A;BRD7;PBRM1;BCL7C;SMARCD2;SMARCC2;ARID1A;SMARCD3;BCL7B","shrunk_lfc",FALSE
"REACTOME_TP53_REGULATES_METABOLIC_GENES",0.604288499025341,0.847898893628366,0.0681513438679483,-0.379226128994074,-0.861570127706946,75,"SFN;TNRC6B;G6PD;TP53;CYCS;COX6A1;PRDX2;COX7B;COX8A;MLST8;COX6B1;RRAGA;COX5B;COX5A;LAMTOR4;SESN3;TSC2","shrunk_lfc",FALSE
"REACTOME_FORMATION_OF_THE_EARLY_ELONGATION_COMPLEX",0.604651162790698,0.847898893628366,0.0721797965581253,-0.394758746123205,-0.854242326847803,33,"POLR2I;POLR2L;POLR2F;CTDP1;GTF2H4;GTF2F1;GTF2H3;SUPT5H;GTF2H5;POLR2H;POLR2K;SUPT4H1;NELFE","shrunk_lfc",FALSE
"REACTOME_SIGNALING_BY_FGFR",0.606185567010309,0.847898893628366,0.0707899094502623,0.331169026604579,0.896008337133261,68,"MAPK1;RPS27A;CBL;POLR2A;PTPN11;SPRED2;GRB2;FGF2;SOS1;PPP2CA;FGF1;FGFR2;SPRY2;HNRNPF;SRC","shrunk_lfc",FALSE
"REACTOME_ACTIVATION_OF_BH3_ONLY_PROTEINS",0.606403013182674,0.847898893628366,0.0662842187012672,0.374909033503212,0.89383207988136,30,"AKT3;PPP3CC;BID;E2F1;BCL2L11;YWHAZ","shrunk_lfc",FALSE
"REACTOME_ADP_SIGNALLING_THROUGH_P2Y_PURINOCEPTOR_12",0.608108108108108,0.847898893628366,0.0673623868166279,0.420872246835358,0.875661773938335,15,"GNG2;GNG11;GNB1;GNG12;GNB5","shrunk_lfc",FALSE
"REACTOME_SENSORY_PERCEPTION",0.608490566037736,0.847898893628366,0.0774767547848578,0.317789148946946,0.928407303338693,135,"ATP2B1;ADCY3;MPP1;RDH10;EZR;TWF1;CTBP2;MSN;PRKCA;ITPR3;LRP8;LRP10;SDC1;LRP12;SPTBN1;GNB1;GPC4;CHRNA9;ACTG1;METAP1;GRK4;EPS8;EPB41L1;CALM1;GNB5;RDX;LDLR;FNTA;GRM1;KCNMA1;SLC24A1;NMT2","shrunk_lfc",FALSE
"REACTOME_INTERACTIONS_OF_VPR_WITH_HOST_CELLULAR_PROTEINS",0.609284332688588,0.847898893628366,0.0673623868166279,0.367293570005803,0.906184286818074,37,"NUP58;NUP133;NUP50;PSIP1;KPNA1;POM121C;NDC1;SEC13;HMGA1;NUP160;NUP188;NUP43;NUP155;NUP153","shrunk_lfc",FALSE
"REACTOME_COBALAMIN_CBL_VITAMIN_B12_TRANSPORT_AND_METABOLISM",0.609504132231405,0.847898893628366,0.070619624712259,-0.405749368016766,-0.837361461155704,15,"ABCD4;MMACHC;MMAB;CUBN;LDLRAP1;MTRR","shrunk_lfc",FALSE
"REACTOME_RRNA_MODIFICATION_IN_THE_MITOCHONDRION",0.609504132231405,0.847898893628366,0.070619624712259,-0.405070325877036,-0.835960094294458,15,"RCC1L;MT-RNR1;RPUSD4;MTERF4;MRM1;TRUB2;MTERF3","shrunk_lfc",FALSE
"REACTOME_SIGNALING_BY_ALK",0.611969111969112,0.848549591418691,0.0670512579829467,0.389715856671277,0.899255591820083,25,"ALK;CD274;PTN;IRS1","shrunk_lfc",FALSE
"REACTOME_INTRAFLAGELLAR_TRANSPORT",0.612244897959184,0.848549591418691,0.0697792517076235,-0.373834860566704,-0.835051847678916,49,"TUBB4A;TUBB3;TUBA1C;TUBA1B;DYNC2I1;DYNLT2B;TUBA1A;DYNLL1;TRIP11;IFT122;TUBB4B","shrunk_lfc",FALSE
"REACTOME_HCMV_EARLY_EVENTS",0.612431444241316,0.848549591418691,0.064358336791736,-0.359252947264806,-0.852067717591373,92,"DYNC1I1;TUBB4A;NUP210;TUBB3;TUBA1C;PML;TUBA1B;TRIM28;TUBA1A;DYNLL1;TPR;ITGB1;TUBB4B;AAAS","shrunk_lfc",FALSE
"REACTOME_NOD1_2_SIGNALING_PATHWAY",0.613333333333333,0.848663101604278,0.0662842187012672,0.364516888592614,0.886972191453088,34,"TNFAIP3;RPS27A;RIPK2;MAPK14;IRAK1;TRAF6;ITCH;BIRC2;CYLD","shrunk_lfc",FALSE
"REACTOME_ABERRANT_REGULATION_OF_MITOTIC_G1_S_TRANSITION_IN_CANCER_DUE_TO_RB1_DEFECTS",0.616570327552986,0.852003056097918,0.0665892104103933,0.405023233416411,0.873908524014556,17,"CCND1;E2F1;CDKN1B;CCNE2;TFDP1","shrunk_lfc",FALSE
"REACTOME_ACTIVATION_OF_NMDA_RECEPTORS_AND_POSTSYNAPTIC_EVENTS",0.620229007633588,0.855916030534351,0.0658311958368866,-0.374495064939162,-0.859015087166027,71,"NEFL;TUBB4A;KPNA2;TUBB3;TUBA1C;DLG1;TUBA1B;TUBA1A;RPS6KA6","shrunk_lfc",FALSE
"REACTOME_GSK3B_MEDIATED_PROTEASOMAL_DEGRADATION_OF_PD_L1_CD274",0.622568093385214,0.857999968913045,0.0665892104103933,0.349520295746111,0.88998970051242,44,"CD274;GSK3B;RPS27A","shrunk_lfc",FALSE
"REACTOME_TRNA_PROCESSING_IN_THE_NUCLEUS",0.62474645030426,0.858159360607834,0.0684714904492087,0.333714394979421,0.889605728630815,59,"NUP58;XPOT;NUP133;NUP50;POM121C;TSEN54;DDX1;NDC1;SEC13;NUP160;RPP38;NUP188;ZBTB8OS;NUP43;CPSF4;NUP155;NUP153","shrunk_lfc",FALSE
"REACTOME_ABC_TRANSPORTER_DISORDERS",0.625250501002004,0.858159360607834,0.0678338263479455,-0.379896740944673,-0.847301063430246,55,"ABCD4;ABCA3;PSMC3;ERLIN2;PSMB4;OS9;PSMB7;PSMD8;DERL2;PSMA5;PSMB3;VCP;PSMA6;UBB;PSMD6;PSMA2;PSMD13;PSMB1;PSMA7;PSMA3;PSMD1;ADRM1;PSMA1;UBA52;PSMC5;PSMB2;RNF5","shrunk_lfc",FALSE
"REACTOME_RNA_POLYMERASE_III_TRANSCRIPTION_TERMINATION",0.626304801670146,0.858159360607834,0.0697792517076235,-0.382291006505938,-0.827246062394,23,"POLR2L;POLR2F;NFIB;CRCP;POLR2H;POLR3C;POLR2K","shrunk_lfc",FALSE
"REACTOME_ZBP1_DAI_MEDIATED_INDUCTION_OF_TYPE_I_IFNS",0.626304801670146,0.858159360607834,0.0697792517076235,-0.399319448048515,-0.829944419186834,18,"MYD88;NFKBIB;NKIRAS2","shrunk_lfc",FALSE
"REACTOME_METABOLISM_OF_STEROIDS",0.6281179138322,0.858159360607834,0.0738052724171275,0.314800830136766,0.90642118279932,117,"PPARA;SEC24D;TBL1X;SLCO1B3;CYP27A1;MTF1;OSBPL1A;NCOA1;SEC23A;SEC24B;ACACB;OSBPL6;NCOA2;MED1;NCOA6;RXRA;SEC24A;OSBPL9","shrunk_lfc",FALSE
"REACTOME_SEMA4D_INDUCED_CELL_MIGRATION_AND_GROWTH_CONE_COLLAPSE",0.628336755646817,0.858159360607834,0.0687943095604775,-0.387983579182239,-0.819508404565008,19,"PLXNB1;ERBB2;SEMA4D;LIMK1;MYL6;RHOC;MYH14;LIMK2;RHOA;ARHGEF11","shrunk_lfc",FALSE
"REACTOME_TNFR1_INDUCED_NF_KAPPA_B_SIGNALING_PATHWAY",0.629707112970711,0.858159360607834,0.0696133438850965,-0.386069942823522,-0.833482388489174,32,"BIRC3;TAB1;RNF31;TRAF1;RBCK1","shrunk_lfc",FALSE
"REACTOME_REGULATION_OF_RUNX1_EXPRESSION_AND_ACTIVITY",0.630057803468208,0.858159360607834,0.0655321029282414,0.399335392371149,0.861636011322467,17,"CCND1;AGO4;PTPN11;TNRC6A;AGO1;AGO2;AGO3","shrunk_lfc",FALSE
"REACTOME_REGULATION_OF_NF_KAPPA_B_SIGNALING",0.630975143403442,0.858159360607834,0.0650877566917313,0.40754581396055,0.885686597794616,18,"RPS27A;NLRC5;TRAF6;N4BP1","shrunk_lfc",FALSE
"REACTOME_SIGNALLING_TO_RAS",0.630975143403442,0.858159360607834,0.0650877566917313,0.407398460171097,0.88536636563425,18,"RALA;MAPK14;GRB2;RALB;SOS1;SHC3;SRC","shrunk_lfc",FALSE
"REACTOME_AMINO_ACIDS_REGULATE_MTORC1",0.63220675944334,0.858706031527371,0.0668966276500666,-0.367352100729847,-0.823862483011446,53,"ATP6V0E2;MLST8;ATP6V0C;RRAGA;ATP6V0D1;SZT2;CASTOR1;ATP6V1G1;LAMTOR4;ATP6V1H;ATP6V0B;ATP6V1C1;ATP6V1F;RPTOR;ATP6V1A;FLCN;LAMTOR5;ATP6V1E2;LAMTOR3;RHEB;SAMTOR;LAMTOR2;MTOR;SEH1L;WDR59;LAMTOR1","shrunk_lfc",FALSE
"REACTOME_LYSOSOME_VESICLE_BIOGENESIS",0.633684210526316,0.859168052255061,0.0696133438850965,-0.38602514797342,-0.829665477220486,31,"AP1S3;ARRB1;GNS;VAMP2;DNASE2;M6PR;DNAJC6;AP1B1;AP4B1;HGS;CLVS2","shrunk_lfc",FALSE
"REACTOME_HCMV_INFECTION",0.636200716845878,0.859168052255061,0.0615706755421678,-0.354170956319502,-0.865909343144256,115,"DYNC1I1;TUBB4A;VPS36;NUP210;TUBB3;TUBA1C;PML;TUBA1B;TRIM28;TUBA1A;DYNLL1;TPR;ITGB1;CHMP3;TUBB4B;VPS37B;AAAS;TSG101","shrunk_lfc",FALSE
"REACTOME_DEADENYLATION_DEPENDENT_MRNA_DECAY",0.641851106639839,0.859168052255061,0.0667426134241917,0.338424140014552,0.888024276625946,56,"XRN1;SKIC3;DIS3;SKIC2;CNOT2;CNOT1;PAN3;DCP2;HBS1L;NT5C3B;CNOT9;EIF4B;EIF4E;CNOT8;EIF4A2","shrunk_lfc",FALSE
"REACTOME_AURKA_ACTIVATION_BY_TPX2",0.64244741873805,0.859168052255061,0.0642140881844605,-0.368736752966623,-0.843253967644443,72,"TUBB4A;CEP192;PLK1;TUBB;CLASP1;TUBA1A;DYNLL1;TUBB4B;AURKA;HMMR;PPP2R1A;CEP70;ALMS1;CSNK1D;HAUS5;CEP43;PRKACA","shrunk_lfc",FALSE
"REACTOME_PROCESSIVE_SYNTHESIS_ON_THE_LAGGING_STRAND",0.642561983471074,0.859168052255061,0.0679922591544058,-0.390810121978492,-0.806530731948858,15,"POLD1;DNA2;RPA3;PRIM1","shrunk_lfc",FALSE
"REACTOME_TERMINATION_OF_TRANSLESION_DNA_SYNTHESIS",0.64421052631579,0.859168052255061,0.0687943095604775,-0.3831957985143,-0.823584491094199,31,"UBA7;ISG15;POLD1;UBE2L6;USP10;RPA3","shrunk_lfc",FALSE
"REACTOME_FORMATION_OF_TC_NER_PRE_INCISION_COMPLEX",0.645544554455446,0.859168052255061,0.065681360193401,0.340456958883637,0.880279758204437,51,"CUL4A;USP7;RPS27A;COPS4;POLR2A;TCEA1;ERCC8;COPS2;CUL4B;ERCC6;CDK7;ERCC3;GTF2H2;POLR2D","shrunk_lfc",FALSE
"REACTOME_DEUBIQUITINATION",0.645945945945946,0.859168052255061,0.0815265143256594,0.299242369458496,0.911703278582888,234,"TNFAIP3;USP7;RPS27A;RNF128;RIPK2;SMURF2;UFD1;MDM4;AR;KDM1B;TAF10;UIMC1;FOXK1;TRAF6;APC;USP21;TNKS2;SNX3;H2BC21;FOXK2;USP12;TOMM20;H2BC5;TGFB1;USP47;IL33;YOD1;PTEN;BECN1;BIRC2;CYLD;SMAD3;USP3;BARD1;H2AC19;TNIP2;MAT2B;TNKS;USP9X;SMAD4;SMAD2;PSMD7;TNIP1;MAP3K7;MYC;PSMD14;ASXL2;IDE;CCNA1;SUDS3","shrunk_lfc",FALSE
"REACTOME_REGULATION_OF_PTEN_STABILITY_AND_ACTIVITY",0.646123260437376,0.859168052255061,0.0658311958368866,0.338150361497885,0.888677950297425,55,"AKT3;NEDD4;RPS27A;TNKS2;PTEN;TNKS;CSNK2A1;PSMD7;PSMD14","shrunk_lfc",FALSE
"REACTOME_DOWNSTREAM_SIGNALING_OF_ACTIVATED_FGFR2",0.646271510516252,0.859168052255061,0.0639271933359996,0.39829113570942,0.865574148560333,18,"PTPN11;GRB2;FGF2;SOS1;FGF1;FGFR2","shrunk_lfc",FALSE
"REACTOME_CYCLIN_D_ASSOCIATED_EVENTS_IN_G1",0.646365422396857,0.859168052255061,0.0652353056017703,0.345327976165747,0.880130454389985,45,"RPS27A;CCND1;E2F1;CDKN1B;RBL1;CCNE2;PPP2CA;TFDP1;SRC;CDK7;SKP1;JAK2;CDKN2D;CCND3","shrunk_lfc",FALSE
"REACTOME_INWARDLY_RECTIFYING_K_CHANNELS",0.646601941747573,0.859168052255061,0.0646484568421928,0.403549653205137,0.881565930234662,19,"GNG2;GNG11;GNB1;GNG12;GNB5;KCNJ2","shrunk_lfc",FALSE
"REACTOME_SUMOYLATION",0.6475,0.859168052255061,0.077274697304471,0.306960282179232,0.909081174931309,169,"SATB1;PPARA;NRIP1;NR3C1;NUP58;MBD1;NUP133;PHC3;SP100;NUP50;AR;SMC1A;STAG2;RNF168;SMC3;RPA1;NCOA1;PHC1;CHD3;UHRF2;HIPK2;HDAC7;SP3;POM121C;NCOA2;SMC5;RELA;RARA;MRTFA;RXRA;NDC1;SIN3A;PPARGC1A;SEC13","shrunk_lfc",FALSE
"REACTOME_SUMOYLATION_OF_RNA_BINDING_PROTEINS",0.647749510763209,0.859168052255061,0.0649407684612899,0.345818322854166,0.885412259550113,47,"NUP58;NUP133;PHC3;NUP50;PHC1;POM121C;NDC1;SEC13;NUP160;NUP188;NUP43;NUP155;NUP153","shrunk_lfc",FALSE
"REACTOME_TRANSPORT_TO_THE_GOLGI_AND_SUBSEQUENT_MODIFICATION",0.648054145516074,0.859168052255061,0.0579754757571486,-0.337015282108842,-0.866013642662876,161,"DYNC1I1;CTSC;TUBB4A;TUBB3;TUBA1C;TUBA1B;SPTBN5;SEC16A;ANK1;SEC22B;B4GALT5;LMAN2;TUBA1A;TMED10;DYNLL1;TRAPPC2;COG2;SPTAN1;COPE;COG3;NAPA;TUBB4B;RAB1B;ARF3;TRAPPC4;MAN1C1;CNIH3;ARFGAP2;GBF1;TMEM115;CSNK1D;TUBB2A;DCTN6","shrunk_lfc",FALSE
"REACTOME_TP53_REGULATES_TRANSCRIPTION_OF_DNA_REPAIR_GENES",0.649122807017544,0.859168052255061,0.0646484568421928,-0.366112386148338,-0.82917394022104,61,"FANCD2;TP53;POLR2I;POLR2L;FOS;POLR2F;MLH1;MDC1;CTDP1;GTF2H4;ELOC;GTF2F1;GTF2H3;SUPT5H;GTF2H5;RAD51D;ELOB","shrunk_lfc",FALSE
"REACTOME_DISEASES_OF_DNA_REPAIR",0.64950495049505,0.859168052255061,0.0653834195468773,0.339361623128322,0.877447676589765,51,"RAD51B;RPA1;NBN;RAD51AP1;RAD17;BARD1;MSH6;EXO1;RMI1;HUS1;RAD9A;BRIP1;MRE11;MSH2","shrunk_lfc",FALSE
"REACTOME_RND2_GTPASE_CYCLE",0.650526315789474,0.859168052255061,0.0683110858318647,-0.369909766386337,-0.812454763940036,40,"DST;FNBP1;PRAG1;KTN1;WDR6;PIK3R2;DLG5;ARHGAP35;FRS2;TNFAIP1;ARHGAP1;SCRIB;KCTD13;LRRC1;RBMX;DEPDC1B","shrunk_lfc",FALSE
"REACTOME_PROGRAMMED_CELL_DEATH",0.651741293532338,0.859168052255061,0.0567672387487446,-0.337531909487476,-0.875211373874752,178,"GAS2;BIRC3;SFN;STAT3;TP53;CYCS;IRF1;CASP6;ACIN1;HMGB1;DYNLL1;SPTAN1;FLOT2;LMNB1;KPNB1;PSMC3;DNM1L;CHMP3;PSMB4;DFFA;OMA1;PSMB7;CTNNB1;PSMD8;PMAIP1;GSN","shrunk_lfc",FALSE
"REACTOME_STRIATED_MUSCLE_CONTRACTION",0.65183752417795,0.859168052255061,0.0640703750499722,0.400721001439277,0.851604738788743,16,"TMOD2","shrunk_lfc",FALSE
"REACTOME_REGULATION_OF_GLUCOKINASE_BY_GLUCOKINASE_REGULATORY_PROTEIN",0.652751423149905,0.859168052255061,0.0630790410571939,0.363503614028148,0.867830092953785,31,"NUP58;NUP133;NUP50;POM121C;NDC1;SEC13;NUP160;NUP188;NUP43;NUP155;NUP153","shrunk_lfc",FALSE
"REACTOME_AUF1_HNRNP_D0_BINDS_AND_DESTABILIZES_MRNA",0.652977412731006,0.859168052255061,0.0668966276500666,-0.363737239289177,-0.808908396700376,42,"PSMC3;PSMB4;PSMB7;PSMD8;PSMA5;PSMB3;PSMA6;UBB;PSMD6;PSMA2;EIF4G1;PSMD13;PSMB1;PSMA7;PSMA3;PSMD1;ADRM1;PSMA1;UBA52;PSMC5;PSMB2","shrunk_lfc",FALSE
"REACTOME_G2_M_DNA_DAMAGE_CHECKPOINT",0.653021442495127,0.859168052255061,0.064358336791736,-0.363951887116715,-0.829442855350561,76,"SFN;TP53;BABAM1;ATRIP;CCNB1;H2AX;BLM;CHEK2;DNA2;KAT5;UBE2N;MDC1;RPA3;HERC2;CDC25C","shrunk_lfc",FALSE
"REACTOME_ER_QUALITY_CONTROL_COMPARTMENT_ERQC",0.654510556621881,0.859168052255061,0.0635007968065945,0.38767861719657,0.864607865297641,21,"RPS27A;SEL1L;AMFR;RNF103","shrunk_lfc",FALSE
"REACTOME_RHOQ_GTPASE_CYCLE",0.658102766798419,0.859168052255061,0.0646484568421928,-0.362850701115063,-0.81641427900189,57,"PLEKHG3;DLC1;FNBP1;CDC42EP3;STOM;ARHGAP33","shrunk_lfc",FALSE
"REACTOME_REGULATION_OF_PD_L1_CD274_POST_TRANSLATIONAL_MODIFICATION",0.658119658119658,0.859168052255061,0.0684714904492087,0.320468315806125,0.880003354181704,82,"CD274;GSK3B;RPS27A;PRKAG2;CCND1;SEL1L;DERL1;PDCD1LG2;OSTC;DAD1;CSNK2A1;PSMD7;PSMD14;CUL3;MAGT1;JAK1;SKP1;PRKAB1;YWHAG;PRKAB2;PRKAA1;PSMC4;BTRC;ERLIN1","shrunk_lfc",FALSE
"REACTOME_NPAS4_REGULATES_EXPRESSION_OF_TARGET_GENES",0.65979381443299,0.859168052255061,0.0665892104103933,-0.380343011879641,-0.787977903586149,16,"PLK2;MDM2;FOS","shrunk_lfc",FALSE
"REACTOME_INTERACTIONS_OF_REV_WITH_HOST_CELLULAR_PROTEINS",0.661508704061896,0.859168052255061,0.0633597010643758,0.350642728554449,0.865103440003147,37,"NUP58;NUP133;NUP50;RANBP1;XPO1;POM121C;NDC1;SEC13;NUP160;NUP188;NUP43;NUP155;NUP153","shrunk_lfc",FALSE
"REACTOME_SYNTHESIS_OF_VERY_LONG_CHAIN_FATTY_ACYL_COAS",0.661567877629063,0.859168052255061,0.0628003977812234,0.393778083062403,0.855766293571564,18,"ELOVL4;HACD2;ACSL4;ACSL1","shrunk_lfc",FALSE
"REACTOME_RRNA_PROCESSING_IN_THE_MITOCHONDRION",0.663244353182752,0.859168052255061,0.066132620475844,-0.377117570846834,-0.796556956017349,19,"RCC1L;MT-RNR1;TRMT10C;RPUSD4;MTERF4;MRM1;TRUB2;MTERF3","shrunk_lfc",FALSE
"REACTOME_RHO_GTPASE_EFFECTORS",0.664110429447853,0.859168052255061,0.0522693317499306,-0.325935505191888,-0.87865672765295,260,"DYNC1I1;SFN;RHPN2;TUBB4A;RHPN1;CENPA;TUBB3;RCC2;TUBA1C;PLK1;PFN2;ABL1;TUBA1B;CDCA8;CLASP1;KTN1;MAD1L1;CFL1;PFN1;CENPL;TUBA1A;CENPF;DYNLL1;SGO1;H2AX;ARPC4;ZWINT;CENPT;KLC4;ITGB1;EVL;ACTB;TUBB4B;CENPM;PPP2R5C;H3-3A;SRGAP2;PIK3R4;CTNNB1;BRK1;KIF2C;PPP2R1A;PRKCB;TUBB2A;H3-3B;RHOG;MEN1;NOXA1;LIMK1;PMF1;KNL1;MAPK11;CDC25C;BIRC5;AURKB;RTKN;NUF2;INCENP;KLC1;SPC24;NUP85;KDM4C;CENPK;H3C6;DVL3;SPC25;GOPC;SKA2","shrunk_lfc",FALSE
"REACTOME_REGULATION_OF_PYRUVATE_METABOLISM",0.664136622390892,0.859168052255061,0.062249042949858,0.35996954201244,0.859392834209888,31,"RPS27A;MKLN1;ARMC8;RANBP9;RMND5A;GID4;PGAM5;WDR26","shrunk_lfc",FALSE
"REACTOME_TBC_RABGAPS",0.664728682170543,0.859168052255061,0.0632191170859458,0.344253276905097,0.87175950720167,43,"GGA2;RABEP1;RABGEF1;RAB5A;RAB35;RAB6A;TBC1D15;OPTN;RABGAP1;RAB33B;TBC1D16;MAP1LC3B;ULK1;RAB5B;TSC1;RAB11A;RAB4A;ARF6;GABARAPL2","shrunk_lfc",FALSE
"REACTOME_TIGHT_JUNCTION_INTERACTIONS",0.665289256198347,0.859168052255061,0.0662842187012672,-0.3805475708728,-0.785351488143624,15,"CLDN4;F11R;CLDN15;PARD6G;PARD3;CLDN1","shrunk_lfc",FALSE
"REACTOME_ANCHORING_OF_THE_BASAL_BODY_TO_THE_PLASMA_MEMBRANE",0.666666666666667,0.859168052255061,0.0598603117764473,-0.345969628906204,-0.828367528816913,97,"TUBB4A;CEP192;PLK1;TUBB;CLASP1;RAB8A;TUBA1A;DYNLL1;B9D1;TUBB4B;SEPTIN2;PPP2R1A;CEP70;NPHP4;ALMS1;CSNK1D;HAUS5;CEP43;AHI1;PRKACA","shrunk_lfc",FALSE
"REACTOME_RND1_GTPASE_CYCLE",0.667300380228137,0.859168052255061,0.0621124188949471,0.34678296325488,0.860842790897271,38,"CAV1;CCDC88A;CPD;KIDINS220;RASAL2;ALDH3A2;TMEM59;PLEKHG5;EPHA2;UBXN11;PKP4;LEMD3;ARHGAP5;PTPN13;PLXNA1","shrunk_lfc",FALSE
"REACTOME_TRANSCRIPTIONAL_ACTIVATION_OF_MITOCHONDRIAL_BIOGENESIS",0.669322709163347,0.859168052255061,0.0642140881844605,0.335443338307877,0.873545184491734,52,"PPARA;TBL1X;SOD2;NR1D1;NCOA1;CALM1;NCOA2;MED1;CRTC2;NCOA6;RXRA;PPARGC1A;GABPB1;MEF2D;CREB1;SIRT3;CAMK4;PPRC1","shrunk_lfc",FALSE
"REACTOME_GLUCONEOGENESIS",0.670807453416149,0.859168052255061,0.065981614400873,-0.382731993523895,-0.794582893064255,17,"G6PC3;PC;PCK2;ENO1;TPI1","shrunk_lfc",FALSE
"REACTOME_ANTIGEN_PROCESSING_UBIQUITINATION_PROTEASOME_DEGRADATION",0.672364672364672,0.859168052255061,0.0822054920415869,0.29251150183354,0.904425657682475,272,"UBR1;RNF217;UBE3A;UBE2Q2;NEDD4;RPS27A;SMURF2;FBXO21;FBXW11;UBA6;MEX3C;LMO7;UBE2L3;ANAPC1;SH3RF1;FBXO11;ITCH;UBE2H;TRIM36;LTN1;KLHL2;BTBD1;ANAPC4;UBE2D3;FBXO41;PJA2;SPSB1;UBE2F;RNF6;ZNRF1;KLHL3;CUL2;RNF182;PSMD7;HERC3;UBE2W;FBXL20;KLHL21;PSMD14;HERC4;FBXO31;CUL5;ANAPC11;UBE4A;ATG7;RLIM;FBXO7;FBXL16;RNF19B;CUL3;DCAF1;LNPEP;RCHY1;WWP1;KBTBD7;SKP1;AREL1;NEDD4L;ANAPC13;FBXO22;UBE2G2;KLHL5;STUB1;HUWE1;UBE2V2;PSMC4;BTRC;KCTD7;MYLIP;FBXW4;TRAF7;FBXW7;ASB3;UBR2","shrunk_lfc",FALSE
"REACTOME_CELLULAR_RESPONSE_TO_HYPOXIA",0.673189823874755,0.859168052255061,0.0630790410571939,-0.356123317545533,-0.805948622502124,60,"HIF1AN;HIF1A;EGLN3;PSMC3;PSMB4;PSMB7;LIMD1;VHL;PSMD8;PSMA5;PSMB3;ELOC;PSMA6;UBB;PSMD6;PSMA2;PSMD13;RBX1;EGLN2;ELOB;PSMB1;PSMA7;PSMA3;PSMD1;ADRM1;PSMA1;UBA52;PSMC5","shrunk_lfc",FALSE
"REACTOME_FANCONI_ANEMIA_PATHWAY",0.67436974789916,0.859168052255061,0.066436413766281,-0.362382483982719,-0.797333856804002,38,"FANCD2;EME1;ATRIP;FANCA;MUS81;EME2;RPA3;FAAP100;FANCE;UBB;UBE2T;FANCG","shrunk_lfc",FALSE
"REACTOME_NUCLEOTIDE_CATABOLISM",0.674418604651163,0.859168052255061,0.0667426134241917,-0.371755370828692,-0.78597818697712,29,"ENTPD2;NUDT16;SAMHD1;NUDT9;NT5E;DNPH1;NT5C;ENTPD6","shrunk_lfc",FALSE
"REACTOME_TRANSCRIPTIONAL_REGULATION_BY_RUNX3",0.674676524953789,0.859168052255061,0.0602484086158019,-0.341026726258163,-0.802893897272865,84,"RORC;TP53;MDM2;PSMC3;PSMB4;TCF7L2;PSMB7;CTNNB1;PSMD8;PSMA5;WWTR1;PSMB3;PSMA6;UBB;NOTCH1;PSMD6;PSMA2;PSMD13","shrunk_lfc",FALSE
"REACTOME_CELL_CYCLE_CHECKPOINTS",0.674846625766871,0.859168052255061,0.051530912208539,-0.322091385347368,-0.869417414949322,268,"DYNC1I1;SFN;UBE2C;GTSE1;CENPA;RCC2;TP53;PLK1;BABAM1;CDCA8;ATRIP;CLASP1;CCNB1;MDM2;MAD1L1;CENPL;CENPF;DYNLL1;SGO1;H2AX;ZWINT;CENPT;CDC27;PSMC3;PSMB4;CENPM;BLM;PPP2R5C;CHEK2;DNA2;PSMB7;KAT5;UBE2N;PSMD8;MDC1;KIF2C;PPP2R1A;RPA3;PSMA5;HERC2;PMF1;KNL1;MAPK11;CDC25C;BIRC5;PSMB3;AURKB;NUF2;INCENP;CDC23;PSMA6;UBB;ORC6;SPC24;NUP85;ANAPC7;PSMD6;CENPK;PSMA2;SPC25;SKA2;PSMD13","shrunk_lfc",FALSE
"REACTOME_EPH_EPHRIN_MEDIATED_REPULSION_OF_CELLS",0.674897119341564,0.859168052255061,0.0653834195468773,-0.358603197938258,-0.796559631134342,43,"DNM1;EPHB2;AP2S1;AP2M1;EPHB4;NCSTN;ACTB","shrunk_lfc",FALSE
"REACTOME_REGULATION_OF_MITF_M_DEPENDENT_GENES_INVOLVED_IN_CELL_CYCLE_AND_PROLIFERATION",0.674948240165631,0.859168052255061,0.065681360193401,-0.378925744819093,-0.786680809729809,17,"PLK1;CCNB1;CDC25B;TCF7L2;CTNNB1","shrunk_lfc",FALSE
"REACTOME_DOWNSTREAM_SIGNALING_OF_ACTIVATED_FGFR4",0.67504835589942,0.859168052255061,0.0623861492893626,0.386748547670405,0.82191074271831,16,"PTPN11;GRB2;FGF2;SOS1;FGF1","shrunk_lfc",FALSE
"REACTOME_SIGNALING_BY_FGFR2_IIIA_TM",0.675564681724846,0.859168052255061,0.0652353056017703,-0.374850619798555,-0.791768646572094,19,"POLR2I;POLR2L;POLR2F","shrunk_lfc",FALSE
"REACTOME_DISEASES_OF_CARBOHYDRATE_METABOLISM",0.678638941398866,0.859168052255061,0.0610363728309177,0.358501290103609,0.852438381015112,29,"PPP1R3C;GBE1;RPS27A","shrunk_lfc",FALSE
"REACTOME_G_ALPHA_Z_SIGNALLING_EVENTS",0.681381957773513,0.859168052255061,0.0615706755421678,0.343224071340986,0.843862408048177,36,"GNG2;ADCY3;GNG11;PRKCA;GNB1;ADCY9;GNG12;GNB5;RGS4;RGS19","shrunk_lfc",FALSE
"REACTOME_REGULATION_OF_CDH1_POSTTRANSLATIONAL_PROCESSING_AND_TRAFFICKING_TO_PLASMA_MEMBRANE",0.681528662420382,0.859168052255061,0.066436413766281,-0.370598028481811,-0.789120373962051,30,"TMEM258;GANAB;PRKCSH;CTNNB1;PIP5K1C;POMT1;OST4;PCSK7;RPN2;DDOST;ANK3","shrunk_lfc",FALSE
"REACTOME_HOST_INTERACTIONS_OF_HIV_FACTORS",0.682060390763766,0.859168052255061,0.0578529757032509,-0.333542644100657,-0.819476235733645,112,"NUP210;AP1S3;HLA-A;AP2S1;AP2M1;PPIA;TPR;RCC1;KPNB1;PSMC3;PSMB4;SLC25A5;SLC25A6;AAAS;PSMB7;PSMD8;BANF1;PSMA5;ATP6V1H;NUP93;PSMB3;ELOC;PSMA6;UBB;AP1B1;NUP85;PSMD6;PSMA2;RAE1;B2M;PSMD13;RBX1;AP2A2;ELOB;POM121;RANBP2;PSMB1;PSMA7;PSMA3;PSMD1;ADRM1;APOBEC3G;PSMA1;RAN;UBA52;PSMC5;CDK9","shrunk_lfc",FALSE
"REACTOME_DNA_DAMAGE_RECOGNITION_IN_GG_NER",0.682509505703422,0.859168052255061,0.0610363728309177,0.341844741134689,0.848584308323283,38,"CUL4A;RPS27A;COPS4;PARP2;COPS2;CUL4B","shrunk_lfc",FALSE
"REACTOME_METABOLISM_OF_AMINO_ACIDS_AND_DERIVATIVES",0.682634730538922,0.859168052255061,0.0498907356726307,-0.316295913631812,-0.865413539078341,291,"NNMT;GCSH;BCAT2;MCCC2;SLC7A5;SMS;TP53;SERINC2;SDSL;PXMP2;RPL41;SLC25A10;TXN2;MRI1;BCKDK;NAT8L;SEPHS2;TXNDC11;CBS;PSMC3;PSMB4;RPL22L1;AZIN1;ASNS;PSMB7;PIPOX;OGDH;PSMD8;RPL29;AMD1;PSMA5;GRHPR;ACAD8;MCCC1;AIMP2;CPS1;DLST;GATM;APIP;PSMB3;ETHE1;RPS9;PSMA6;GSTZ1;ALDH9A1;ASL;DLD;PSMD6;PSMA2;GOT1;RPL35;PSMD13;RPL32;RPL12;SLC25A44;ASRGL1;ADO;ALDH6A1;DHTKD1;SMOX;AHCY;MTRR;BCKDHA;PHYKPL;PSMB1;RPL35A;PSMA7;PSMA3;PSMD1;PYCR2;ADRM1;SHMT1;PSPH;PSMA1;UBA52;CARNS1;PSMC5;AUH;IARS1;ECHS1;KGD4;GLS;PAOX;AFMID;OAZ3;RPL8;PSMB2;IVD;RARS1;KYAT3;SARS1;QDPR;RPL28;NMRAL1","shrunk_lfc",FALSE
"REACTOME_BACTERIAL_INFECTION_PATHWAYS",0.684326710816777,0.859168052255061,0.0681513438679483,0.316400210809764,0.877345752375386,90,"MAPK1;RPS27A;EPS15;CBL;CD9;COL5A2;ANTXR2;TXNRD1;HSP90AA1;FURIN;MET;RAB5A;CBLL1;KPNA1;LAMA4;HBEGF;LAMB1;LAMC3;GRB2","shrunk_lfc",FALSE
"REACTOME_MITF_M_REGULATED_MELANOCYTE_DEVELOPMENT",0.685121107266436,0.859168052255061,0.0564118388217596,-0.329807692156303,-0.828509666699698,135,"TFAP2A;POU3F2;EDIL3;TNRC6B;ATP6V0E2;PLK1;SOX9;CCNB1;CDC25B;PXDN;SMARCD1;ATP6V0C;DPF3;ACTB;DICER1;ATP6V0D1;ATP6V1G1;TCF7L2;GMPR;CTNNB1","shrunk_lfc",FALSE
"REACTOME_SUMOYLATION_OF_SUMOYLATION_PROTEINS",0.685220729366603,0.859168052255061,0.0613026075396207,0.343882050206085,0.840466313348563,35,"NUP58;NUP133;NUP50;POM121C;NDC1;SEC13;NUP160;NUP188;NUP43;NUP155;NUP153","shrunk_lfc",FALSE
"REACTOME_ADRENALINE_NORADRENALINE_INHIBITS_INSULIN_SECRETION",0.685436893203883,0.859168052255061,0.0618406035753285,0.38439133513906,0.83971402835961,19,"GNG2;GNG11;GNB1;GNG12;GNB5","shrunk_lfc",FALSE
"REACTOME_ION_TRANSPORT_BY_P_TYPE_ATPASES",0.686070686070686,0.859168052255061,0.0650877566917313,-0.355842241979631,-0.782778765403053,35,"FXYD6;ATP13A1;ATP8B2","shrunk_lfc",FALSE
"REACTOME_CALNEXIN_CALRETICULIN_CYCLE",0.68659793814433,0.859168052255061,0.0646484568421928,-0.360097429833906,-0.774209923613756,26,"CALR;MAN1B1;GANAB;OS9;PRKCSH;DERL2;UBB;UGGT2;EDEM2;PDIA3;UBA52","shrunk_lfc",FALSE
"REACTOME_COMPLEMENT_CASCADE",0.68659793814433,0.859168052255061,0.0646484568421928,-0.36097860915879,-0.776104460262138,26,"C3;CLU;C1R","shrunk_lfc",FALSE
"REACTOME_GLOBAL_GENOME_NUCLEOTIDE_EXCISION_REPAIR_GG_NER",0.68763557483731,0.859168052255061,0.0670512579829467,0.313690188274326,0.862773098892946,84,"CUL4A;POLK;RPS27A;COPS4;RPA1;RFC1;POLD3;PARP2;COPS2;CUL4B;ERCC4;CDK7;ERCC5;ERCC3;GTF2H2;UBE2V2;POLD4;NFRKB;ACTR8;RAD23B;SUMO1;GTF2H1;ACTL6A;RAD23A;XRCC1;SUMO3","shrunk_lfc",FALSE
"REACTOME_INHIBITION_OF_THE_PROTEOLYTIC_ACTIVITY_OF_APC_C_REQUIRED_FOR_THE_ONSET_OF_ANAPHASE_BY_MITOTIC_SPINDLE_CHECKPOINT_COMPONENTS",0.688149688149688,0.859168052255061,0.0649407684612899,-0.363673190073669,-0.772352394045141,21,"UBE2C;CDC27;CDC23;ANAPC7;BUB3;ANAPC15;UBE2S;CDC26;ANAPC16;ANAPC2","shrunk_lfc",FALSE
"REACTOME_KERATAN_SULFATE_KERATIN_METABOLISM",0.688588007736944,0.859168052255061,0.0614364107201271,0.361582845928459,0.844440522762619,26,"ST3GAL4;B3GNT2;B4GAT1;CHST6;CHST1;GLB1;B4GALT4;HEXB;B4GALT6;ST3GAL3;ST3GAL1;ST3GAL6","shrunk_lfc",FALSE
"REACTOME_MATURATION_OF_DENV_PROTEINS",0.688845401174168,0.859168052255061,0.0619762736001998,0.336528200868141,0.861626394673855,47,"RPS27A;KPNA5;P4HA1;KPNA1;IPO7;DNAJC10;KPNA3;XPO1;P4HA2;OSTC;DAD1;DNAJC3;CANX;MAGT1","shrunk_lfc",FALSE
"REACTOME_ION_HOMEOSTASIS",0.689217758985201,0.859168052255061,0.065681360193401,-0.36172093695831,-0.782749813376892,33,"FXYD6","shrunk_lfc",FALSE
"REACTOME_FATTY_ACYL_COA_BIOSYNTHESIS",0.690021231422505,0.859168052255061,0.0658311958368866,-0.366091894169449,-0.779525389314503,30,"PPT2;SCD5;SLC27A3;ELOVL6;CBR4","shrunk_lfc",FALSE
"REACTOME_TRISTETRAPROLIN_TTP_ZFP36_BINDS_AND_DESTABILIZES_MRNA",0.691714836223507,0.859168052255061,0.0610363728309177,0.377344677074856,0.814187193671925,17,"XRN1;DIS3;DCP2;ZFP36","shrunk_lfc",FALSE
"REACTOME_BASE_EXCISION_REPAIR",0.694045174537988,0.859168052255061,0.0639271933359996,0.31626214558944,0.851189586650496,64,"SMUG1;RPA1;RFC1;POLD3;H2BC21;H2BC5;PARP2;POT1;H2AC19","shrunk_lfc",FALSE
"REACTOME_HIV_TRANSCRIPTION_ELONGATION",0.694045174537988,0.859168052255061,0.0639271933359996,-0.3484746843526,-0.77496628819528,42,"POLR2I;POLR2L;POLR2F;CTDP1;GTF2H4;ELOC;GTF2F1;GTF2H3;SUPT5H;GTF2H5;ELOB;POLR2H;POLR2K;CDK9;SUPT4H1;NELFE","shrunk_lfc",FALSE
"REACTOME_DECTIN_1_MEDIATED_NONCANONICAL_NF_KB_SIGNALING",0.694501018329939,0.859168052255061,0.0635007968065945,-0.342977934588085,-0.772391078691747,47,"PSMC3;PSMB4;PSMB7;PSMD8;PSMA5;MAP3K14;UBE2M;PSMB3;PSMA6;UBB;PSMD6;PSMA2;PSMD13;PSMB1;PSMA7;PSMA3;PSMD1;ADRM1;PSMA1;UBA52;PSMC5","shrunk_lfc",FALSE
"REACTOME_MRNA_CAPPING",0.695560253699789,0.859168052255061,0.0652353056017703,-0.363473848233577,-0.768469102709666,29,"POLR2I;POLR2L;POLR2F;GTF2H4;GTF2F1;GTF2H3;SUPT5H;GTF2H5","shrunk_lfc",FALSE
"REACTOME_DNA_DOUBLE_STRAND_BREAK_RESPONSE",0.695564516129032,0.859168052255061,0.0629394692018967,0.32371271149094,0.855885909731107,57,"RPS27A;NSD2;RNF168;UIMC1;NBN;H2BC21;RNF8;H2BC5;SMARCA5;EYA3;APBB1;BARD1","shrunk_lfc",FALSE
"REACTOME_NUCLEOTIDE_SALVAGE",0.696098562628337,0.859168052255061,0.0637845390312975,-0.365107442072825,-0.775069442440788,20,"APRT;ADA;GMPR;GMPR2;UCKL1;UCK1;AMPD3","shrunk_lfc",FALSE
"REACTOME_MYD88_INDEPENDENT_TLR4_CASCADE",0.696230598669623,0.859168052255061,0.0675188953767744,0.310431144988738,0.87364339082697,105,"MAPK1;MEF2A;RPS27A;RIPK2;FBXW11;NLRC5;DUSP7;MAPK14;RPS6KA1;PTPN11;IRAK1;MAPK9;TRAF6;PPP2R5D;UBE2D3;BIRC2;TNIP2;PPP2CA;OPTN;N4BP1;RELA;MAP3K7;MAPK8","shrunk_lfc",FALSE
"REACTOME_NUCLEAR_RNA_DECAY",0.696465696465696,0.859168052255061,0.064358336791736,-0.351789706948775,-0.773864032990852,35,"EXOSC4;EXOSC10;WDR82;EXOSC6;SRRT;PABPN1;PAPOLG;MPHOSPH6;MTREX;ZC3H4;RBM7;EXOSC1","shrunk_lfc",FALSE
"REACTOME_TRANSCRIPTIONAL_REGULATION_BY_VENTX",0.696465696465696,0.859168052255061,0.064358336791736,-0.352392470668229,-0.771968989332845,36,"UBE2C;TNRC6B;TP53;CDC27;FZR1;TCF7L2;CTNNB1;CDC23;MOV10;ANAPC7","shrunk_lfc",FALSE
"REACTOME_FGFR2_MUTANT_RECEPTOR_ACTIVATION",0.698544698544699,0.860706860706861,0.0642140881844605,-0.359919203498515,-0.764379850020253,21,"POLR2I;POLR2L;POLR2F","shrunk_lfc",FALSE
"REACTOME_DNA_DAMAGE_BYPASS",0.700587084148728,0.861984079510422,0.0611692626746689,0.334641058312239,0.856794669331128,47,"CUL4A;POLK;RPS27A;UFD1;RPA1;RFC1;POLD3;POLI;RAD18","shrunk_lfc",FALSE
"REACTOME_RAB_GERANYLGERANYLATION",0.701375245579568,0.861984079510422,0.0613026075396207,-0.342606103347648,-0.773835423776301,59,"RAB30;RAB6B;RAB8A;RAB40B;RAB1B;RAB11B;RAB3A;RAB43;RAB5C;RAB34;RAB13","shrunk_lfc",FALSE
"REACTOME_DEPOLYMERIZATION_OF_THE_NUCLEAR_LAMINA",0.702479338842975,0.861984079510422,0.0636424081651019,-0.368461899550723,-0.76040979705297,15,"CCNB1;LMNB1;PRKCB;LPIN1;LEMD2;LMNA","shrunk_lfc",FALSE
"REACTOME_GROWTH_HORMONE_RECEPTOR_SIGNALING",0.702912621359223,0.861984079510422,0.060640400949416,0.37639320917629,0.822241890052704,19,"MAPK1;IRS1;STAT5B","shrunk_lfc",FALSE
"REACTOME_DOWNSTREAM_SIGNALING_OF_ACTIVATED_FGFR1",0.706365503080082,0.864145992366412,0.0630790410571939,-0.366718318059447,-0.774591399953296,19,"SHC1;FGFR1;FRS2;FLRT2","shrunk_lfc",FALSE
"REACTOME_CDC42_GTPASE_CYCLE",0.706896551724138,0.864145992366412,0.0547939500773363,-0.322794967679518,-0.810586872459425,136,"PLEKHG3;SRGAP3;PLD1;DLC1;FNBP1;FAM13B;DNMBP;CDC42EP3;STOM;KTN1;ARHGAP33;SPATA13;ARAP3;PIK3R2;SRGAP2;ARHGAP35;ARHGAP39;ARFGAP2;WDR81;ARHGAP1;ARHGAP29","shrunk_lfc",FALSE
"REACTOME_RHOU_GTPASE_CYCLE",0.707264957264957,0.864145992366412,0.0649407684612899,-0.354712132663794,-0.773404232156293,39,"PTK2B;DST;NCK2;WDR6;SPTAN1;RHOU;PIK3R2;DLG5;SRGAP2","shrunk_lfc",FALSE
"REACTOME_PERK_REGULATES_GENE_EXPRESSION",0.708015267175573,0.864145992366412,0.059476028695732,0.349250413384715,0.838613687996593,32,"EIF2S1;DIS3;ATF3;DDIT3;DCP2;ATF6;CXCL8;KHSRP","shrunk_lfc",FALSE
"REACTOME_TRANSCRIPTIONAL_REGULATION_OF_PLURIPOTENT_STEM_CELLS",0.709055876685935,0.864396740129496,0.0598603117764473,0.371514709358511,0.801608017808191,17,"DKK1;FGF2;SOX2;SMAD4;SMAD2","shrunk_lfc",FALSE
"REACTOME_CS_DS_DEGRADATION",0.712355212355212,0.866212338593974,0.0597317976364411,0.387592701834704,0.806420749778969,15,"VCAN;CSPG4;GLB1","shrunk_lfc",FALSE
"REACTOME_RAF_ACTIVATION",0.712380952380952,0.866212338593974,0.0590954798717342,0.334894593395252,0.814892809374199,34,"PPP1CC;CAMK2G;PPP2R5D;MARK3;CALM1;PPP2CA;KSR1;PPP2R5B;PPP2R5E;SRC;MAP2K1;JAK2","shrunk_lfc",FALSE
"REACTOME_SARS_COV_2_HOST_INTERACTIONS",0.713810316139767,0.866212338593974,0.0526973085708419,-0.322252309504795,-0.834170328612904,177,"SFN;HLA-B;ISG15;IFIH1;RIGI;KPNA2;IL17RC;NUP210;HLA-C;TAB1;STAT1;HLA-F;STING1;HLA-A;VPS18;TPR;HLA-E;UBE2V1;VPS45;AAAS;PIK3R4;UBE2N;STAT2;IRF7;TYK2;NUP93;SNRPD3;GEMIN6;RPS9;HSP90AB1","shrunk_lfc",FALSE
"REACTOME_TCF_DEPENDENT_SIGNALING_IN_RESPONSE_TO_WNT",0.71404399323181,0.866212338593974,0.053457214108991,-0.32041502114345,-0.825651980050645,164,"LGR6;FZD1;SOX9;CTNNBIP1;H2AX;FZD8;PSMC3;PSMB4;PPP2R5C;H3-3A;TCF7L2;PSMB7;KAT5;RNF146;CTNNB1;PSMD8;PPP2R1A;FZD2;PSMA5;H3-3B;MEN1;CBY1;CCDC88C;SOX13;WDR5;PYGO2;RYK;TLE3;PSMB3;PSMA6;UBB;RSPO2;PSMD6;H3C6;RUVBL1;PSMA2;DVL3","shrunk_lfc",FALSE
"REACTOME_UNFOLDED_PROTEIN_RESPONSE_UPR",0.714912280701754,0.866212338593974,0.065681360193401,0.306242193593703,0.848102648111019,89,"EIF2S1;KDELR3;DIS3;SRPRB;SSR1;ATF3;CXXC1;PDIA6;SERP1;DDIT3;CREBRF;DCP2;CTDSP2;GOSR2;SEC31A;ATF6;DCTN1;CXCL8;KHSRP;DNAJC3;CREB3L2;PPP2R5B","shrunk_lfc",FALSE
"REACTOME_RESPONSE_OF_EIF2AK1_HRI_TO_HEME_DEFICIENCY",0.716216216216216,0.866212338593974,0.059476028695732,0.386060249069105,0.803232346843658,15,"GRB10;EIF2S1;ATF3;DDIT3","shrunk_lfc",FALSE
"REACTOME_APOPTOSIS",0.717428087986464,0.866212338593974,0.0532386494755899,-0.318343555834029,-0.815029517426674,152,"GAS2;SFN;STAT3;TP53;CYCS;CASP6;ACIN1;HMGB1;DYNLL1;SPTAN1;LMNB1;KPNB1;PSMC3;DNM1L;PSMB4;DFFA;OMA1;PSMB7;CTNNB1;PSMD8;PMAIP1;GSN","shrunk_lfc",FALSE
"REACTOME_NUCLEAR_ENVELOPE_BREAKDOWN",0.717434869739479,0.866212338593974,0.0611692626746689,0.322475749216588,0.841739983567587,53,"VRK2;NUP58;NUP133;NUP50;PRKCA;NEK7;LPIN2;POM121C;NDC1;SEC13;NUP160;NUP188;NUP43;NUP155;NUP153;LEMD3","shrunk_lfc",FALSE
"REACTOME_MITOCHONDRIAL_BIOGENESIS",0.718464351005484,0.866212338593974,0.0567672387487446,-0.333680234190425,-0.791414956277085,92,"HELZ2;TFAM;PPARGC1B;CHD9;ATP5MF;CYCS;ATP5MC1;MAPK12;ATP5MK;ATP5PB;ATP5F1D;ATP5MC3;ATP5F1A;CRTC1;ATP5F1E;ATP5PD;SAMM50;TWNK;MAPK11;IMMT;MICOS10;DMAC2L;ATP5F1B;ATP5MJ;MICOS13;ATP5F1C;ATP5ME;HSPA9;CARM1;ATP5PF;DNAJC11;PRKAG1;MTERF1;TFB2M;ATP5MC2;ATP5MG;MT-ATP6;HCFC1","shrunk_lfc",FALSE
"REACTOME_ASSEMBLY_OF_THE_HIV_VIRION",0.71953578336557,0.866212338593974,0.0593487680335629,0.37216232824644,0.790912383416336,16,"RPS27A;FURIN;VPS37A;NMT2;MVB12B","shrunk_lfc",FALSE
"REACTOME_TRAF6_MEDIATED_INDUCTION_OF_TAK1_COMPLEX_WITHIN_TLR4_COMPLEX",0.72007722007722,0.866212338593974,0.059221919380382,0.382916824305763,0.796692174795709,15,"RPS27A;TRAF6;MAP3K7;LY96;TAB2;IRAK2;TICAM1;TAB3","shrunk_lfc",FALSE
"REACTOME_TRANSLESION_SYNTHESIS_BY_Y_FAMILY_DNA_POLYMERASES_BYPASSES_LESIONS_ON_DNA_TEMPLATE",0.720588235294118,0.866212338593974,0.0632191170859458,-0.342807217303694,-0.754263279253961,38,"UBA7;ISG15;POLD1;UBE2L6;REV3L;USP10;RPA3;VCP;UBB","shrunk_lfc",FALSE
"REACTOME_IRE1ALPHA_ACTIVATES_CHAPERONES",0.72265625,0.866801521660622,0.0596037042575973,0.328013495515126,0.845662802726916,49,"KDELR3;SRPRB;SSR1;CXXC1;PDIA6;SERP1;CTDSP2;GOSR2;SEC31A;DCTN1;DNAJC3;PPP2R5B","shrunk_lfc",FALSE
"REACTOME_DARPP_32_EVENTS",0.722753346080306,0.866801521660622,0.0585937568945671,0.357118032363889,0.808649330186097,23,"PPP3CC;PPP2R5D;CALM1;PPP2CA;PRKAR2A;PPP3CA;PRKACB","shrunk_lfc",FALSE
"REACTOME_TRANSPORT_OF_MATURE_MRNAS_DERIVED_FROM_INTRONLESS_TRANSCRIPTS",0.726744186046512,0.867982795964007,0.0589694466690997,0.326760863261995,0.827463115793659,43,"NUP58;NUP133;NUP50;POM121C;NDC1;SEC13;WDR33;NUP160;NUP188;EIF4E;NUP43;CPSF4;NUP155;NUP153","shrunk_lfc",FALSE
"REACTOME_C_TYPE_LECTIN_RECEPTORS_CLRS",0.727272727272727,0.867982795964007,0.0653834195468773,0.308436003378075,0.863083875024576,99,"PAK3;PAK1;RPS27A;NFATC1;FBXW11;ITPR3;TRAF6;MALT1;AHCYL1;CALM1;RELA;PSMD7;MAP3K7;PSMD14;BCL10;PPP3CA;PRKACB;ITPR2;SRC;SKP1","shrunk_lfc",FALSE
"REACTOME_M_PHASE",0.727540500736377,0.867982795964007,0.0462302524077616,-0.309412805514679,-0.860518562092872,358,"DYNC1I1;TUBB4A;SPAST;UBE2C;CEP192;NUP210;CENPA;TUBB3;RCC2;TUBA1C;PLK1;TUBA1B;NEK6;CDCA8;TUBB;CLASP1;CCNB1;MAD1L1;CENPL;TUBA1A;CENPF;DYNLL1;SGO1;H2AX;ZWINT;LMNB1;TPR;CENPT;RCC1;KPNB1;CDC27;PSMC3;CHMP3;PSMB4;NUMA1;SMC4;TUBB4B;RAB1B;CENPM;FBXO5;NCAPG2;PPP2R5C;H3-3A;AAAS;PSMB7;PSMD8;KIF2C;PPP2R1A;BANF1;PRKCB;NCAPH;CEP70;ALMS1;CSNK1D;PSMA5;HAUS5;TUBB2A;H3-3B;CEP43;KIF23;KIF20A;PMF1;KNL1;PRKACA;BIRC5;NUP93;GOLGA2;PSMB3;AURKB;NUF2;INCENP;CDC23;PSMA6;CHMP4A;UBB;LBR;SPC24;NUP85;ANAPC7;PSMD6;CENPK;H3C6;LPIN1;PSMA2;VRK1;RAE1;SPC25;HDAC8;SKA2;PSMD13","shrunk_lfc",FALSE
"REACTOME_INTERCONVERSION_OF_NUCLEOTIDE_DI_AND_TRIPHOSPHATES",0.727626459143969,0.867982795964007,0.0590954798717342,0.349863934590403,0.81439842501026,27,"TXNRD1;RRM2B;RRM2;DUT;CTPS2;CMPK1;NME2;CTPS1;AK1;AK6;TYMS","shrunk_lfc",FALSE
"REACTOME_SEMA4D_IN_SEMAPHORIN_SIGNALING",0.72848948374761,0.867982795964007,0.0582216241124161,0.353580272389597,0.800638513105162,23,"ROCK2;MET;ROCK1;RRAS","shrunk_lfc",FALSE
"REACTOME_HEDGEHOG_OFF_STATE",0.729074889867841,0.867982795964007,0.0649407684612899,0.304014919251548,0.847199282785489,93,"DYNC2H1;GSK3B;ADCY3;RPS27A;SUFU;GLI2;SMO;KIF7;GPR161;ITCH;ADCY9;PSMD7;PSMD14;NUMB;OFD1;PRKAR2A","shrunk_lfc",FALSE
"REACTOME_DEADENYLATION_OF_MRNA",0.72972972972973,0.867982795964007,0.0585937568945671,0.348319675787277,0.803735364704119,25,"CNOT2;CNOT1;PAN3;CNOT9;EIF4B;EIF4E;CNOT8;EIF4A2;PAIP1","shrunk_lfc",FALSE
"REACTOME_UPTAKE_AND_ACTIONS_OF_BACTERIAL_TOXINS",0.73125,0.867982795964007,0.0621124188949471,-0.339211309079682,-0.734740139247806,24,"ANTXR1;VAMP2;MAP2K3;MAP2K7;SV2A;HSP90AB1","shrunk_lfc",FALSE
"REACTOME_TRANSPORT_OF_THE_SLBP_DEPENDANT_MATURE_MRNA",0.731285988483685,0.867982795964007,0.0582216241124161,0.329528575821782,0.810190195656154,36,"NUP58;NUP133;NUP50;POM121C;NDC1;SEC13;NUP160;NUP188;EIF4E;NUP43;NUP155;NUP153","shrunk_lfc",FALSE
"REACTOME_SNRNP_ASSEMBLY",0.733201581027668,0.868421052631579,0.059476028695732,0.316952412723261,0.830047799346787,54,"NUP58;NUP133;NUP50;PHAX;POM121C;SNRPB;NDC1;GEMIN5;SEC13;NUP160;NUP188;NUP43;NUP155;NUP153","shrunk_lfc",FALSE
"REACTOME_APC_C_CDC20_MEDIATED_DEGRADATION_OF_CYCLIN_B",0.733333333333333,0.868421052631579,0.0619762736001998,-0.338817026480389,-0.7338861133231,24,"UBE2C;CCNB1;CDC27;CDC23;UBB;ANAPC7;ANAPC15;UBA52;UBE2S;CDC26;ANAPC16;ANAPC2","shrunk_lfc",FALSE
"REACTOME_RETROGRADE_TRANSPORT_AT_THE_TRANS_GOLGI_NETWORK",0.736328125,0.870970982142857,0.0587185879555941,0.324133931643904,0.835660766525497,49,"COG5;VPS51;TMF1;RAB6A;RHOBTB3;SCOC;NAA30;VTI1A;VPS54;STX6;RIC1;COG4;ARL1;COG8;NAPG;NAA35","shrunk_lfc",FALSE
"REACTOME_PROTEIN_METHYLATION",0.739884393063584,0.874178478105947,0.0578529757032509,0.359037347380716,0.774685925221962,17,"HSPA8;CALM1;PRMT3;EEF1AKMT2;EEF1A1","shrunk_lfc",FALSE
"REACTOME_RESOLUTION_OF_AP_SITES_VIA_THE_MULTIPLE_NUCLEOTIDE_PATCH_REPLACEMENT_PATHWAY",0.743243243243243,0.875517137772436,0.0577308549299813,0.339772235983061,0.784012448871701,25,"RPA1;RFC1;POLD3;PARP2","shrunk_lfc",FALSE
"REACTOME_DOWNSTREAM_SIGNALING_OF_ACTIVATED_FGFR3",0.74373795761079,0.875517137772436,0.057609110864425,0.357687706207765,0.771773838141293,17,"PTPN11;GRB2;FGF2;SOS1;FGF1","shrunk_lfc",FALSE
"REACTOME_NITRIC_OXIDE_STIMULATES_GUANYLATE_CYCLASE",0.743801652892562,0.875517137772436,0.0609039347452418,-0.356258315874836,-0.73522476544559,15,"NOS2;PDE9A","shrunk_lfc",FALSE
"REACTOME_INTEGRATION_OF_ENERGY_METABOLISM",0.745762711864407,0.875517137772436,0.0564118388217596,-0.32872380321964,-0.766953060101334,81,"CHRM3;GNG7;VAMP2;GNB4;GNAI2;PRKAR1B;CACNA1E;PPP2R1A;ADCY6;PRKACA","shrunk_lfc",FALSE
"REACTOME_FORMATION_OF_RNA_POL_II_ELONGATION_COMPLEX",0.745967741935484,0.875517137772436,0.0596037042575973,0.311750758890053,0.82425889503398,57,"CDC73;AFF4;POLR2A;CCNK;TCEA1;MLLT3;CCNT2;SSRP1;NELFB;CDK7;ERCC3;GTF2H2;POLR2D;CTR9;NELFA","shrunk_lfc",FALSE
"REACTOME_PCNA_DEPENDENT_LONG_PATCH_BASE_EXCISION_REPAIR",0.746641074856046,0.875517137772436,0.0572461135202884,0.352378283261744,0.785880421962256,21,"RPA1;RFC1;POLD3","shrunk_lfc",FALSE
"REACTOME_CYTOPROTECTION_BY_HMOX1",0.746938775510204,0.875517137772436,0.0601186142531851,-0.335535662023022,-0.749501194483969,49,"HELZ2;STAT3;CHD9;CYCS;COX6A1;COX7B;COX8A;COX6B1;COX5B;COX5A","shrunk_lfc",FALSE
"REACTOME_RAB_GEFS_EXCHANGE_GTP_FOR_GDP_ON_RABS",0.748387096774194,0.876222449277478,0.0625237414724762,0.302290391974972,0.837867671402493,87,"DENND1B;AKT3;CCZ1B;RABGEF1;RAB5A;RIN2;TRAPPC6B;CHML;DENND3;RAB35;RAB6A;GAPVD1;RIC1;RAB21;RAB38;RAB1A;RAB3GAP1;DENND5A;DENND4C;RAB27A;ULK1;MADD;RAB5B;RAB39A;SBF2;GDI2;HPS4","shrunk_lfc",FALSE
"REACTOME_M_DECAY_DEGRADATION_OF_MATERNAL_MRNAS_BY_MATERNALLY_STORED_FACTORS",0.752918287937743,0.880098183172982,0.0574877409561325,0.344532965969192,0.801989222404177,27,"CNOT2;CNOT1;AGO2;CNOT9;EIF4B;EIF4E;ZFP36L2;CNOT8;EIF4A2;POLR2D;PAIP1","shrunk_lfc",FALSE
"REACTOME_CD28_DEPENDENT_PI3K_AKT_SIGNALING",0.753398058252427,0.880098183172982,0.0573667426768556,0.352409731096537,0.775253785738793,20,"AKT3;RICTOR","shrunk_lfc",FALSE
"REACTOME_VXPX_CARGO_TARGETING_TO_CILIUM",0.757225433526012,0.882642351088953,0.0567672387487446,0.350557655579231,0.756389505819485,17,"EXOC4;EXOC6;EXOC5;EXOC1;ASAP1;RAB11A;EXOC2;PKD1","shrunk_lfc",FALSE
"REACTOME_INITIATION_OF_NUCLEAR_ENVELOPE_NE_REFORMATION",0.757281553398058,0.882642351088953,0.0571258510018113,0.353535512521156,0.772308588277416,19,"VRK2;ANKLE2;PPP2CA","shrunk_lfc",FALSE
"REACTOME_HIGH_LAMINAR_FLOW_SHEAR_STRESS_ACTIVATES_SIGNALING_BY_PIEZO1_AND_PECAM1_CDH5_KDR_IN_ENDOTHELIAL_CELLS",0.758893280632411,0.883525922896002,0.0578529757032509,-0.331228719171781,-0.745264802069643,57,"CALCRL;GNG7;GNB4;MLST8;PRKAR1B;PIK3R2;CTNNB1;MMP14;ADCY6;CAPNS1;PRKACA","shrunk_lfc",FALSE
"REACTOME_DENGUE_VIRUS_INFECTION",0.761127596439169,0.885131530690495,0.0445070537769277,-0.302115090057659,-0.836193165253941,341,"HSPG2;SDC3;UBA7;IFIH1;GPC1;KPNA2;AGRN;CALR;POLR2I;PEX19;PML;STING1;SRSF6;POLR2L;SRRM2;TMEM258;DDX5;BUD31;SRSF5;AP2S1;AP2M1;CLU;BCAS2;RBM17;UBA5;PTBP1;POLR2F;MLST8;SRSF3;SRSF2;DPM2;RBM5;KPNB1;SRSF9;EIF4A1;TSG101;PIK3R4;STAT2;SRRT;CTNNB1;GBF1;RBM10;SDC2;HNRNPA0;U2AF2;DNAJC8;HNRNPL;HNRNPC;NFKBIB;HNRNPA3;OST4;SNRPD3;ATL2;PABPN1;HSP90AB1;VCP;SNRNP40;GTF2F1;FUS;RNASEK;HNRNPUL1;CPSF1;NCL;UBB;PUF60;SKIC8;H3C6;EIF4G1;CPSF6;PQBP1;RPN2;HSPA5;DDOST;CAMK2D;AP2A2;HNRNPA2B1;PRCC;CWC15","shrunk_lfc",FALSE
"REACTOME_ASPARAGINE_N_LINKED_GLYCOSYLATION",0.764976958525346,0.887990240953083,0.0458620343117985,-0.307511383164696,-0.833314228387837,277,"DYNC1I1;ST8SIA5;CTSC;TUBB4A;TUBB3;CALR;TUBA1C;TUBA1B;GMDS;MAN1B1;SPTBN5;TMEM258;SEC16A;ANK1;SEC22B;B4GALT5;LMAN2;TUBA1A;ST3GAL2;TMED10;DYNLL1;MPDU1;TRAPPC2;COG2;SPTAN1;DPM2;COPE;COG3;GANAB;NAPA;TUBB4B;OS9;RAB1B;ARF3;TRAPPC4;MAN1C1;CNIH3;CTSA;ARFGAP2;PRKCSH;GBF1;TMEM115;DERL2;DOLK;CSNK1D;TUBB2A;DOLPP1;DCTN6;ST6GALNAC4;AMDHD2;OST4;GOLGA2;HK1;VCP;ST6GALNAC6;UBB;PPP6C;UGGT2;ALG11;ST8SIA2;RPN2;DDOST;KDELR2;ARFGAP1;ANK3;PPP6R3;NUDT14;ALG5;NEU1;PMM2;ALG6;B4GALT3;SEC23IP;MGAT4A;NAGK;GNE;EDEM2","shrunk_lfc",FALSE
"REACTOME_DEACTIVATION_OF_THE_BETA_CATENIN_TRANSACTIVATING_COMPLEX",0.765690376569038,0.887990240953083,0.0601186142531851,-0.325652369174341,-0.716732991503384,41,"SOX9;CTNNBIP1;TCF7L2;CTNNB1;MEN1;CBY1;SOX13;WDR5;PYGO2;TLE3;UBB;XIAP;HDAC1;TLE1;UBA52","shrunk_lfc",FALSE
"REACTOME_RND3_GTPASE_CYCLE",0.76615969581749,0.887990240953083,0.0555947097758869,0.321357273162743,0.797726881701589,38,"CAV1;CCDC88A;CPD;PICALM;ROCK1;RASAL2;SEMA4F","shrunk_lfc",FALSE
"REACTOME_CYCLIN_A_CDK2_ASSOCIATED_EVENTS_AT_S_PHASE_ENTRY",0.768916155419223,0.888078291814946,0.0588438169595807,0.290378824391523,0.802861643437249,75,"AKT3;RPS27A;CCND1;E2F1;CDKN1B;CCNE2;CABLES1;PSMD7;MYC;PSMD14;TFDP1;CCNA1;CDK7;LIN54;SKP1","shrunk_lfc",FALSE
"REACTOME_TOLL_LIKE_RECEPTOR_CASCADES",0.76997578692494,0.888078291814946,0.0668966276500666,0.295641923940456,0.861954706772142,145,"MAPK1;TLR6;MEF2A;CTSB;RPS27A;RIPK2;FBXW11;NLRC5;DUSP7;MAPK14;RPS6KA1;PTPN11;IRAK1;MAPK9;TRAF6;PPP2R5D;UBE2D3;BIRC2;SLC15A4;TNIP2;ECSIT;PPP2CA;OPTN;N4BP1;RELA;MAP3K7;MAPK8;CTSL;MAP2K4;PIK3C3","shrunk_lfc",FALSE
"REACTOME_ACTIVATION_OF_GENE_EXPRESSION_BY_SREBF_SREBP",0.770020533880904,0.888078291814946,0.0589694466690997,-0.321448053190041,-0.714862272107618,42,"DHCR7;HELZ2;CHD9;ELOVL6;SQLE;NFYC","shrunk_lfc",FALSE
"REACTOME_BUDDING_AND_MATURATION_OF_HIV_VIRION",0.770491803278688,0.888078291814946,0.0588438169595807,-0.332800649357144,-0.714493991483444,27,"PPIA;CHMP3;VPS37B;TSG101;UBAP1;CHMP4A;UBB;CHMP5;VPS37C;VPS28;CHMP2B;UBA52","shrunk_lfc",FALSE
"REACTOME_MRNA_SPLICING_MINOR_PATHWAY",0.770961145194274,0.888078291814946,0.0587185879555941,-0.329052291420825,-0.733860395486864,50,"POLR2I;SRSF6;POLR2L;POLR2F;SRSF2;SNRPD3;SNRNP40;GTF2F1;SF3B4;EFTUD2;SF3B5;POLR2H;POLR2K;ZRSR2;SNRPD2;SNRPF;SNRNP200;SF3B3;SNRPD1","shrunk_lfc",FALSE
"REACTOME_DISORDERS_OF_TRANSMEMBRANE_TRANSPORTERS",0.771836007130125,0.888078291814946,0.0522693317499306,-0.31288323941463,-0.769074599022791,119,"HEPH;SLC4A4;NUP210;ABCD4;ABCA3;TPR;PSMC3;ERLIN2;PSMB4;SLC22A5;OS9;SLC20A2;AAAS;SLC35A2;PSMB7;PSMD8;DERL2;PSMA5;NUP93;PSMB3;HK1;VCP;PSMA6;UBB;NUP85;PSMD6;PSMA2;RAE1;SLC1A1;PSMD13","shrunk_lfc",FALSE
"REACTOME_CHROMOSOME_MAINTENANCE",0.772241992882562,0.888078291814946,0.0521630305460055,-0.309428853015102,-0.760084559197463,113,"CENPA;POLR2I;POLD1;CHTF18;POLR2L;CENPL;H2AX;POLR2F;CENPT;CENPM;BLM;H3-3A;DNA2;RPA3;PRIM1;H3-3B;KNL1;PPP6C;CENPK;RUVBL1;DSCC1;HJURP;PPP6R3;WRAP53;CTC1;RFC5;POLA2;POLR2H;RFC4;POLR2K;CENPU","shrunk_lfc",FALSE
"REACTOME_REGULATED_NECROSIS",0.774647887323944,0.889065358184605,0.0577308549299813,-0.323443883419244,-0.726336205956468,51,"BIRC3;TP53;CYCS;IRF1;HMGB1;FLOT2;CHMP3","shrunk_lfc",FALSE
"REACTOME_SIGNALING_BY_CSF3_G_CSF",0.775257731958763,0.889065358184605,0.0588438169595807,-0.329411165584303,-0.70823441717475,26,"SHC1;STAT1;STAT3","shrunk_lfc",FALSE
"REACTOME_TP53_REGULATES_TRANSCRIPTION_OF_GENES_INVOLVED_IN_CYTOCHROME_C_RELEASE",0.776180698151951,0.889065358184605,0.0585937568945671,-0.342056857467409,-0.722500859764401,19,"TP53;PMAIP1;AIFM2;BAX","shrunk_lfc",FALSE
"REACTOME_REGULATION_OF_PLK1_ACTIVITY_AT_G2_M_TRANSITION",0.776536312849162,0.889065358184605,0.0540088272801684,-0.316762823010904,-0.74611953009054,87,"TUBB4A;CEP192;PLK1;TUBB;CLASP1;CCNB1;RAB8A;TUBA1A;DYNLL1;TUBB4B;AURKA;PPP2R1A;CEP70;ALMS1;CSNK1D;HAUS5;CEP43;PRKACA","shrunk_lfc",FALSE
"REACTOME_SIGNALING_BY_RETINOIC_ACID",0.77882797731569,0.890078413846341,0.054568064667094,0.328554191524362,0.781230670098326,29,"RDH10;ALDH1A3;SDR16C5;RARA;RXRA;RXRB","shrunk_lfc",FALSE
"REACTOME_SCF_SKP2_MEDIATED_DEGRADATION_OF_P27_P21",0.779141104294479,0.890078413846341,0.0582216241124161,-0.328055725096852,-0.731637829117605,50,"CDK4;PSMC3;PSMB4;PSMB7;PSMD8;PSMA5;PSMB3;PSMA6;UBB;PSMD6;PSMA2;PSMD13;PSMB1;PSMA7;PSMA3;PSMD1;ADRM1;PSMA1;UBA52;PSMC5;PSMB2;CDKN1A;CCNA2;CKS1B;PSMC1","shrunk_lfc",FALSE
"REACTOME_DEGRADATION_OF_AXIN",0.782340862422998,0.892748393172881,0.0582216241124161,-0.318236980783763,-0.707721228652934,42,"PSMC3;PSMB4;PSMB7;RNF146;PSMD8;PSMA5;PSMB3;PSMA6;UBB;PSMD6;PSMA2;PSMD13;PSMB1;PSMA7;PSMA3;PSMD1;ADRM1;PSMA1;UBA52;PSMC5;PSMB2;PSMC1;AXIN2","shrunk_lfc",FALSE
"REACTOME_RNA_POLYMERASE_III_TRANSCRIPTION_INITIATION_FROM_TYPE_3_PROMOTER",0.785263157894737,0.894517979467949,0.059221919380382,-0.332768867511069,-0.705270855765536,28,"POLR2L;POLR2F;POU2F1;CRCP;POLR2H;BRF2;POLR3C;POLR2K;SNAPC3;SNAPC4;POLR1D;POLR3GL","shrunk_lfc",FALSE
"REACTOME_DOWNSTREAM_TCR_SIGNALING",0.786447638603696,0.894517979467949,0.0579754757571486,0.298492169634305,0.803188347252063,65,"RPS27A;RIPK2;FBXW11;TRAF6;MALT1;PTEN;RELA;PSMD7;MAP3K7;PSMD14;BCL10","shrunk_lfc",FALSE
"REACTOME_SLC_TRANSPORTER_DISORDERS",0.788349514563107,0.894517979467949,0.0552495663125249,-0.318282273042274,-0.72621440249425,64,"HEPH;SLC4A4;NUP210;TPR;SLC22A5;SLC20A2;AAAS;SLC35A2","shrunk_lfc",FALSE
"REACTOME_PROCESSIVE_SYNTHESIS_ON_THE_C_STRAND_OF_THE_TELOMERE",0.788501026694045,0.894517979467949,0.0578529757032509,-0.338724498485518,-0.715462169625906,19,"POLD1;BLM;DNA2;RPA3","shrunk_lfc",FALSE
"REACTOME_REGULATION_OF_RUNX3_EXPRESSION_AND_ACTIVITY",0.788934426229508,0.894517979467949,0.0577308549299813,-0.313521068222158,-0.700747426422186,44,"MDM2;PSMC3;PSMB4;PSMB7;PSMD8;PSMA5;PSMB3;PSMA6;UBB;PSMD6;PSMA2;PSMD13;PSMB1;PSMA7;PSMA3;PSMD1;ADRM1;PSMA1;UBA52;PSMC5","shrunk_lfc",FALSE
"REACTOME_RECRUITMENT_OF_MITOTIC_CENTROSOME_PROTEINS_AND_COMPLEXES",0.789077212806026,0.894517979467949,0.05378728077603,-0.313159956103938,-0.730640690703608,81,"TUBB4A;CEP192;PLK1;TUBB;CLASP1;TUBA1A;DYNLL1;TUBB4B;PPP2R1A;CEP70;ALMS1;CSNK1D;HAUS5;CEP43;PRKACA","shrunk_lfc",FALSE
"REACTOME_INACTIVATION_OF_CSF3_G_CSF_SIGNALING",0.792099792099792,0.896116827082642,0.0582216241124161,-0.329270048643885,-0.699288584638172,21,"STAT1;STAT3;TYK2;ELOC;UBB;ELOB","shrunk_lfc",FALSE
"REACTOME_GAMMA_CARBOXYLATION_HYPUSINYLATION_HYDROXYLATION_AND_ARYLSULFATASE_ACTIVATION",0.793587174348697,0.896116827082642,0.0564118388217596,0.305040759749587,0.796230428870508,53,"ARSK;FURIN;TPST1;ETF1;ICMT;RPS23;JMJD7;FN3KRP;RPL27A;DPH3;TPST2","shrunk_lfc",FALSE
"REACTOME_NUCLEOTIDE_EXCISION_REPAIR",0.793650793650794,0.896116827082642,0.062249042949858,0.294068940945075,0.828769493300768,108,"CUL4A;USP7;POLK;RPS27A;COPS4;POLR2A;RPA1;RFC1;POLD3;TCEA1;ERCC8;PARP2","shrunk_lfc",FALSE
"REACTOME_SIGNALING_BY_TYPE_1_INSULIN_LIKE_GROWTH_FACTOR_1_RECEPTOR_IGF1R",0.793950850661626,0.896116827082642,0.0536769600638126,0.314781865939666,0.766100162042345,33,"PTPN11;IRS1;GRB2;FGF2;GAB2;SOS1;PIK3C3;FGF1;FGFR2","shrunk_lfc",FALSE
"REACTOME_UBIQUITIN_DEPENDENT_DEGRADATION_OF_CYCLIN_D",0.794871794871795,0.896178984414278,0.0593487680335629,-0.319731044049835,-0.697132462774462,39,"CDK4;PSMC3;PSMB4;PSMB7;PSMD8;PSMA5;PSMB3;PSMA6;UBB;PSMD6;PSMA2;PSMD13;PSMB1;PSMA7;PSMA3;PSMD1;ADRM1;PSMA1;UBA52;PSMC5","shrunk_lfc",FALSE
"REACTOME_SIGNALING_BY_KIT_IN_DISEASE",0.797323135755258,0.897964576177032,0.0540088272801684,0.339595310511626,0.738015224033594,18,"YES1;GRB2;STAT5B;SOS1;SRC;JAK2;FYN","shrunk_lfc",FALSE
"REACTOME_METABOLISM_OF_COFACTORS",0.803312629399586,0.902800911720873,0.0573667426768556,-0.320223982576586,-0.685940204436652,22,"COQ8A;PTS;PDSS2;COQ4;GCHFR;COQ8B;COQ9","shrunk_lfc",FALSE
"REACTOME_PURINERGIC_SIGNALING_IN_LEISHMANIASIS_INFECTION",0.805825242718447,0.902800911720873,0.0542315935495841,0.334770492338067,0.731315857043009,19,"SUGT1;TXNIP","shrunk_lfc",FALSE
"REACTOME_NUCLEAR_PORE_COMPLEX_NPC_DISASSEMBLY",0.806142034548944,0.902800911720873,0.0536769600638126,0.310891771957561,0.764369114035224,36,"NUP58;NUP133;NUP50;NEK7;POM121C;NDC1;SEC13;NUP160;NUP188;NUP43;NUP155;NUP153","shrunk_lfc",FALSE
"REACTOME_UB_SPECIFIC_PROCESSING_PROTEASES",0.80672268907563,0.902800911720873,0.0475434194201301,-0.29719677605401,-0.765124803507926,162,"BIRC3;IFIH1;RIGI;RNF123;TAB1;TP53;ARRB1;HIF1A;RCE1;MDM2;USP11;KEAP1;PSMC3;PSMB4;OTUB1;ATXN7;PSMB7;RNF146;PSMD8;USP10;USP28;PSMA5;VDAC3;PSMB3;PSMA6;UBB;USP25;PSMD6;RUVBL1;PSMA2;TRAF2;PSMD13;USP19;WDR20;HGS;PTRH2","shrunk_lfc",FALSE
"REACTOME_SUMOYLATION_OF_UBIQUITINYLATION_PROTEINS",0.807692307692308,0.902800911720873,0.0585937568945671,-0.315219255274054,-0.687295087019707,39,"NUP210;PML;MDM2;TPR;AAAS;VHL;NUP93;NUP85;RAE1;POM121;RANBP2","shrunk_lfc",FALSE
"REACTOME_MICRORNA_MIRNA_BIOGENESIS",0.808333333333333,0.902800911720873,0.0573667426768556,-0.316015147553061,-0.684496675973177,24,"POLR2I;POLR2L;POLR2F;DICER1;XPO5","shrunk_lfc",FALSE
"REACTOME_TRANSCRIPTION_OF_E2F_TARGETS_UNDER_NEGATIVE_CONTROL_BY_P107_RBL1_AND_P130_RBL2_IN_COMPLEX_WITH_HDAC1",0.808510638297872,0.902800911720873,0.0538979025357319,0.338270335278095,0.718885757122303,16,"E2F1;RBL1;TFDP1;LIN54","shrunk_lfc",FALSE
"REACTOME_TRAFFICKING_OF_AMPA_RECEPTORS",0.808880308880309,0.902800911720873,0.05378728077603,0.323393281979855,0.746218590286238,25,"CAMK2G;PRKCA;MYO6;GRIA3;EPB41L1","shrunk_lfc",FALSE
"REACTOME_AZATHIOPRINE_ADME",0.811650485436893,0.902800911720873,0.0538979025357319,0.332257620112285,0.725826414731045,19,"IMPDH1;GMPS;TPMT;NME2;VAV2;SLC29A1;HPRT1;XDH","shrunk_lfc",FALSE
"REACTOME_TGF_BETA_RECEPTOR_SIGNALING_IN_EMT_EPITHELIAL_TO_MESENCHYMAL_TRANSITION",0.812379110251451,0.902800911720873,0.0536769600638126,0.332614487170163,0.706866055052073,16,"RPS27A;TGFB1;TGFBR1;CGN;PARD6A;PRKCZ","shrunk_lfc",FALSE
"REACTOME_DISEASES_OF_MITOTIC_CELL_CYCLE",0.813025210084034,0.902800911720873,0.0574877409561325,-0.307561675193452,-0.676714100504893,38,"UBE2C;CDK6;CDK4;CDC27;FZR1","shrunk_lfc",FALSE
"REACTOME_UBIQUITIN_MEDIATED_DEGRADATION_OF_PHOSPHORYLATED_CDC25A",0.813861386138614,0.902800911720873,0.0546808488785442,0.301761879442395,0.780230414857397,51,"GSK3B;RPS27A;FBXW11;MAPK14","shrunk_lfc",FALSE
"REACTOME_MAP2K_AND_MAPK_ACTIVATION",0.814968814968815,0.902800911720873,0.0568864160475701,-0.314361234662821,-0.691529195047137,35,"FN1;ARRB1","shrunk_lfc",FALSE
"REACTOME_NS1_MEDIATED_EFFECTS_ON_HOST_PATHWAYS",0.815195071868583,0.902800911720873,0.0562940749700968,-0.307380629581229,-0.6835779936561,42,"ISG15;KPNA2;NUP210;TPR;KPNB1;AAAS;NUP93;PABPN1;NUP85;RAE1;POM121;RANBP2;GBP1","shrunk_lfc",FALSE
"REACTOME_PYRUVATE_METABOLISM",0.815195071868583,0.902800911720873,0.0562940749700968,-0.306845859515156,-0.682388728576738,42,"PC;PDHB;HAGH;PDP1;PDK1;MAEA;GSTZ1;LDHA;UBB;PDHA1;DLD;PDHX;PDPR","shrunk_lfc",FALSE
"REACTOME_SYNTHESIS_OF_PA",0.815573770491803,0.902800911720873,0.0561766586307176,-0.314492988520136,-0.675189039130056,27,"PLD1;ACP6;PLD2;GPAT3;LPCAT1;AGPAT1;AGPAT4","shrunk_lfc",FALSE
"REACTOME_ATF4_ACTIVATES_GENES_IN_RESPONSE_TO_ENDOPLASMIC_RETICULUM_STRESS",0.817120622568093,0.903546842262796,0.0536769600638126,0.318919806359252,0.742367996025721,27,"DIS3;ATF3;DDIT3;DCP2;ATF6;CXCL8;KHSRP","shrunk_lfc",FALSE
"REACTOME_DEGRADATION_OF_GLI1_BY_THE_PROTEASOME",0.81910569105691,0.90429226281428,0.0555947097758869,-0.302559506059034,-0.677497451693156,46,"PSMC3;PSMB4;PSMB7;PSMD8;PSMA5;PRKACA;PSMB3;PSMA6;UBB;PSMD6;PSMA2;PSMD13;RBX1;PSMB1;PSMA7;PSMA3;PSMD1;ADRM1;PSMA1;UBA52;PSMC5","shrunk_lfc",FALSE
"REACTOME_INTERLEUKIN_1_FAMILY_SIGNALING",0.820224719101124,0.90429226281428,0.0602484086158019,0.282132476012813,0.81282683147463,116,"IL1R1;RPS27A;RIPK2;FBXW11;NLRC5;PTPN11;IRAK1;TRAF6;PTPN12;IL33;SQSTM1;SMAD3;TNIP2;MAP3K3;N4BP1;RELA;PSMD7;MAP3K7;PSMD14;MAPK8;PTPN18;MAP2K4","shrunk_lfc",FALSE
"REACTOME_PROCESSING_OF_CAPPED_INTRONLESS_PRE_MRNA",0.820415879017013,0.90429226281428,0.0521630305460055,0.307708392646063,0.731663877628351,29,"ZNF473;SNRPB;NUDT21;WDR33;PAPOLA;CPSF4","shrunk_lfc",FALSE
"REACTOME_SYNTHESIS_OF_PC",0.822916666666667,0.906083776595745,0.0565299525056311,-0.30657134945118,-0.664041174205768,24,"SLC44A2;PCYT1A;CHKB;CHKA;LPCAT1;LPIN1;MFSD2A","shrunk_lfc",FALSE
"REACTOME_METABOLISM_OF_FOLATE_AND_PTERINES",0.824380165289256,0.90632807067247,0.0560595875032335,-0.329450258498469,-0.679899887910616,15,"MTHFD2;SLC46A1;SLC25A32;SHMT2","shrunk_lfc",FALSE
"REACTOME_TNF_SIGNALING",0.82565130260521,0.90632807067247,0.054568064667094,-0.312155161807064,-0.6962139235432,55,"BIRC3;TAB1;RNF31;TRAF1;RBCK1;CLIP3;UBB;TRAF2;FADD;MAPKAPK2;SHARPIN;CASP8;XIAP","shrunk_lfc",FALSE
"REACTOME_DENGUE_VIRUS_MODULATES_APOPTOSIS",0.825918762088975,0.90632807067247,0.0529129848430583,0.329478972564414,0.700202518358948,16,"RICTOR;BECN1;TAOK1;PIK3C3","shrunk_lfc",FALSE
"REACTOME_SIGNALING_BY_MODERATE_KINASE_ACTIVITY_BRAF_MUTANTS",0.827324478178368,0.90632807067247,0.0519512476197082,0.301369636902601,0.755658615587186,40,"MAPK1;CAMK2G;MARK3;RAP1B;IQGAP1;ACTG1;RAP1A;CALM1","shrunk_lfc",FALSE
"REACTOME_GPVI_MEDIATED_ACTIVATION_CASCADE",0.82791586998088,0.90632807067247,0.0522693317499306,0.325923113137324,0.738012318745387,23,"PTPN11;RAC2;COL1A1;FYN;PDPN;VAV2;PRKCZ;PIK3CA;PIK3R1","shrunk_lfc",FALSE
"REACTOME_POTENTIAL_THERAPEUTICS_FOR_SARS",0.829222011385199,0.90632807067247,0.0518457624865066,-0.303798610386318,-0.704793468894821,80,"FXYD6;CRBN;MBD3;TUBB;AP2S1;AP2M1;KEAP1;ITGB1;FKBP1A;STAT2;MTA3;TYK2;ATP1B3;BRD4;HSP90AB1;SAP30L;SH3KBP1;RBX1;AP2A2;ARID4A;ATP1B1;HDAC1;PHF21A;PLCG2","shrunk_lfc",FALSE
"REACTOME_SUMOYLATION_OF_DNA_REPLICATION_PROTEINS",0.829268292682927,0.90632807067247,0.0550211117163117,-0.299713130081009,-0.671123788221826,46,"NUP210;CDCA8;TPR;AURKA;AAAS;BIRC5;NUP93;AURKB;INCENP;NUP85;RAE1;POM121;RANBP2","shrunk_lfc",FALSE
"REACTOME_TAK1_DEPENDENT_IKK_AND_NF_KAPPA_B_ACTIVATION",0.831622176591376,0.907941933303875,0.0553642837725362,-0.302289149495576,-0.672255146974341,42,"TAB1;TP53;S100B;HMGB1;UBE2V1;UBE2N;NFKBIB;UBB;TRAF2;NKIRAS2;IKBIP;AGER;CASP8","shrunk_lfc",FALSE
"REACTOME_RESOLUTION_OF_ABASIC_SITES_AP_SITES",0.834600760456274,0.910233706082448,0.05163559644842,0.302348802328645,0.750540869649759,38,"SMUG1;RPA1;RFC1;POLD3;PARP2","shrunk_lfc",FALSE
"REACTOME_LATE_ENDOSOMAL_MICROAUTOPHAGY",0.837209302325581,0.911218619246862,0.0564118388217596,-0.316414631510125,-0.668974863370469,29,"CHMP3;VPS37B;TSG101;UBAP1;CHMP4A;UBB;HDAC6;VPS37C;PLIN2;VPS28;PARK7;CHMP2B;UBA52;PCNT","shrunk_lfc",FALSE
"REACTOME_PEROXISOMAL_PROTEIN_IMPORT",0.838709677419355,0.911218619246862,0.0541200569620232,0.286638055938285,0.757861722946772,57,"RPS27A;PECR;PEX26;CAT;LONP2;UBE2D3;PEX6;IDH1;USP9X;IDE","shrunk_lfc",FALSE
"REACTOME_INHIBITION_OF_DNA_RECOMBINATION_AT_TELOMERE",0.838912133891213,0.911218619246862,0.055826471778749,-0.301608587300212,-0.663814685539906,41,"POLR2I;POLR2L;H2AX;POLR2F;H3-3A;H3-3B","shrunk_lfc",FALSE
"REACTOME_SIALIC_ACID_METABOLISM",0.839175257731959,0.911218619246862,0.0551351763385257,-0.310436573650555,-0.66743902083325,26,"ST8SIA5;ST3GAL2;CTSA;ST6GALNAC4;ST6GALNAC6;ST8SIA2;NEU1;GNE","shrunk_lfc",FALSE
"REACTOME_AMPK_INDUCED_ERAD_AND_LYSOSOME_MEDIATED_DEGRADATION_OF_PD_L1_CD274",0.841683366733467,0.911218619246862,0.0536769600638126,0.28907616078194,0.754558950300921,53,"CD274;RPS27A;PRKAG2;SEL1L;DERL1;PSMD7;PSMD14","shrunk_lfc",FALSE
"REACTOME_NUCLEAR_IMPORT_OF_REV_PROTEIN",0.841904761904762,0.911218619246862,0.0513223330421143,0.299097491412562,0.727788384347842,34,"NUP58;NUP133;NUP50;POM121C;NDC1;SEC13;NUP160;NUP188;NUP43;NUP155;NUP153","shrunk_lfc",FALSE
"REACTOME_BIOSYNTHESIS_OF_THE_N_GLYCAN_PRECURSOR_DOLICHOL_LIPID_LINKED_OLIGOSACCHARIDE_LLO_AND_TRANSFER_TO_A_NASCENT_PROTEIN",0.84321223709369,0.911218619246862,0.0514264916187015,-0.300612758003019,-0.687463071882963,72,"ST8SIA5;GMDS;ST3GAL2;MPDU1;DPM2;CTSA;DOLK;DOLPP1;ST6GALNAC4;AMDHD2;HK1;ST6GALNAC6;ALG11;ST8SIA2;NUDT14;ALG5;NEU1;PMM2;ALG6;NAGK;GNE","shrunk_lfc",FALSE
"REACTOME_TELOMERE_MAINTENANCE",0.844859813084112,0.911218619246862,0.0502948063662358,-0.298898787436912,-0.702390825356919,86,"POLR2I;POLD1;CHTF18;POLR2L;H2AX;POLR2F;BLM;H3-3A;DNA2;RPA3;PRIM1;H3-3B;PPP6C;RUVBL1;DSCC1;PPP6R3;WRAP53;CTC1;RFC5;POLA2;POLR2H;RFC4;POLR2K","shrunk_lfc",FALSE
"REACTOME_TELOMERE_C_STRAND_LAGGING_STRAND_SYNTHESIS",0.844863731656184,0.911218619246862,0.0555947097758869,-0.307098241759085,-0.670060072445903,34,"POLD1;CHTF18;BLM;DNA2;RPA3;PRIM1;DSCC1;CTC1;RFC5;POLA2","shrunk_lfc",FALSE
"REACTOME_EXTENSION_OF_TELOMERES",0.845070422535211,0.911218619246862,0.0536769600638126,-0.305675433905655,-0.686434792242915,51,"POLD1;CHTF18;BLM;DNA2;RPA3;PRIM1;PPP6C;RUVBL1;DSCC1;PPP6R3;WRAP53;CTC1;RFC5;POLA2;RFC4;NHP2;LIG1;TEN1;CCNA2","shrunk_lfc",FALSE
"REACTOME_HIV_ELONGATION_ARREST_AND_RECOVERY",0.845188284518828,0.911218619246862,0.0554793308704233,-0.306058222324769,-0.66074591638595,32,"POLR2I;POLR2L;POLR2F;CTDP1;ELOC;GTF2F1;SUPT5H;ELOB;POLR2H;POLR2K;CDK9;SUPT4H1;NELFE","shrunk_lfc",FALSE
"REACTOME_SYNTHESIS_OF_SUBSTRATES_IN_N_GLYCAN_BIOSYTHESIS",0.847826086956522,0.912132673843468,0.0526973085708419,-0.30819302018145,-0.69343446654955,57,"ST8SIA5;GMDS;ST3GAL2;DPM2;CTSA;DOLK;DOLPP1;ST6GALNAC4;AMDHD2;HK1;ST6GALNAC6;ST8SIA2;NUDT14;ALG5;NEU1;PMM2;NAGK;GNE","shrunk_lfc",FALSE
"REACTOME_HIV_TRANSCRIPTION_INITIATION",0.849593495934959,0.912132673843468,0.0538979025357319,-0.295175355845175,-0.660962711079742,46,"POLR2I;POLR2L;POLR2F;TAF9;TAF11;GTF2A2;GTF2H4;GTF2F1;GTF2H3;GTF2H5;POLR2H;TAF7;TAF2;POLR2K","shrunk_lfc",FALSE
"REACTOME_N_GLYCAN_TRIMMING_IN_THE_ER_AND_CALNEXIN_CALRETICULIN_CYCLE",0.85031185031185,0.912132673843468,0.0549073703290958,-0.30080385592754,-0.661705787546483,35,"CALR;MAN1B1;GANAB;OS9;PRKCSH;DERL2;VCP;UBB;UGGT2","shrunk_lfc",FALSE
"REACTOME_MITOTIC_G1_PHASE_AND_G1_S_TRANSITION",0.850710900473934,0.912132673843468,0.0610363728309177,0.27945205166937,0.814450277862896,136,"AKT3;RPS27A;CDC45;MCM4;CCND1;E2F1;RPA1;MCM6;CDKN1B;MCM3;RBL1;CCNE2;CABLES1;DYRK1A;PPP2CA;RRM2;PSMD7;MYC;PSMD14;TFDP1;CCNA1;POLA1;SRC;CDK7;LIN54;SKP1;JAK2;DHFR;CDKN2D;CCND3","shrunk_lfc",FALSE
"REACTOME_COPII_MEDIATED_VESICLE_TRANSPORT",0.851272015655577,0.912132673843468,0.0520570030732099,-0.303451033255602,-0.685180037487526,62,"CTSC;SEC16A;SEC22B;LMAN2;TMED10;TRAPPC2;NAPA;RAB1B;TRAPPC4;CNIH3;CSNK1D","shrunk_lfc",FALSE
"REACTOME_DEPOSITION_OF_NEW_CENPA_CONTAINING_NUCLEOSOMES_AT_THE_CENTROMERE",0.85132382892057,0.912132673843468,0.0538979025357319,-0.292267903779303,-0.658191384055627,47,"CENPA;CENPL;H2AX;CENPT;CENPM;KNL1;CENPK;RUVBL1;HJURP","shrunk_lfc",FALSE
"REACTOME_SIGNALING_BY_NTRK3_TRKC",0.855212355212355,0.91363836986906,0.051218434854034,0.329471548293979,0.685494571359028,15,"IRS1;GRB2;SOS1;NELFB;SRC","shrunk_lfc",FALSE
"REACTOME_REGULATION_OF_TP53_ACTIVITY_THROUGH_ACETYLATION",0.855626326963907,0.91363836986906,0.0555947097758869,-0.307424642038211,-0.654604260805584,30,"TP53;PML;MBD3;BRPF1;BRPF3;BRD7;ING5;PIP4K2A;HDAC1","shrunk_lfc",FALSE
"REACTOME_VIRAL_MESSENGER_RNA_SYNTHESIS",0.85655737704918,0.91363836986906,0.0538979025357319,-0.292992955054161,-0.654865270708224,44,"NUP210;POLR2I;POLR2L;POLR2F;TPR;AAAS;NUP93;GTF2F1;NUP85;RAE1;POM121;RANBP2;POLR2H;POLR2K","shrunk_lfc",FALSE
"REACTOME_CLEC7A_DECTIN_1_SIGNALING",0.856842105263158,0.91363836986906,0.0551351763385257,0.27926447040654,0.767247101710911,80,"RPS27A;NFATC1;FBXW11;ITPR3;TRAF6;MALT1;AHCYL1;CALM1;RELA;PSMD7;MAP3K7;PSMD14;BCL10;PPP3CA;ITPR2;SRC;SKP1","shrunk_lfc",FALSE
"REACTOME_REGULATION_OF_CDH1_FUNCTION",0.857142857142857,0.91363836986906,0.0530212512043078,0.286619248799817,0.752088344145855,56,"CTSB;RPS27A;EPS15;JUP;CBLL1;ACTG1;PSMD7;PSMD14;CTSL;RACK1","shrunk_lfc",FALSE
"REACTOME_VLDLR_INTERNALISATION_AND_DEGRADATION",0.859504132231405,0.914693803599469,0.0541200569620232,-0.312325484751723,-0.644558796348044,15,"AP2S1;AP2M1;UBB;NR1H3;AP2A2","shrunk_lfc",FALSE
"REACTOME_HDR_THROUGH_SINGLE_STRAND_ANNEALING_SSA",0.86073500967118,0.914693803599469,0.051011413203915,0.296072302538585,0.730467642867459,37,"RPA1;NBN;RAD17;BARD1;EXO1;ERCC4;RAD52;RMI1;HUS1;RAD9A;BRIP1;MRE11","shrunk_lfc",FALSE
"REACTOME_SPOP_MEDIATED_PROTEASOMAL_DEGRADATION_OF_PD_L1_CD274",0.86078431372549,0.914693803599469,0.05163559644842,0.288521085927972,0.73614193401816,46,"CD274;RPS27A;CCND1","shrunk_lfc",FALSE
"REACTOME_G2_M_CHECKPOINTS",0.863793103448276,0.916949602122016,0.0455878202571231,-0.289897172220863,-0.727975543902046,136,"SFN;GTSE1;TP53;BABAM1;ATRIP;CCNB1;H2AX;PSMC3;PSMB4;BLM;CHEK2;DNA2;PSMB7;KAT5;UBE2N;PSMD8;MDC1;RPA3;PSMA5;HERC2;CDC25C;PSMB3;PSMA6;UBB;ORC6;PSMD6;PSMA2;PSMD13","shrunk_lfc",FALSE
"REACTOME_NEPHRIN_FAMILY_INTERACTIONS",0.86652977412731,0.918912209243613,0.053457214108991,-0.306354305143221,-0.647089055595361,19,"NCK2;SPTAN1;PIK3R2;KIRREL1","shrunk_lfc",FALSE
"REACTOME_LAGGING_STRAND_SYNTHESIS",0.868583162217659,0.920146952809905,0.053347785067549,-0.301318908824097,-0.639655760872101,20,"POLD1;DNA2;RPA3;PRIM1;RFC5;POLA2;RFC4","shrunk_lfc",FALSE
"REACTOME_DISEASES_OF_IMMUNE_SYSTEM",0.873706004140787,0.924627519719544,0.053457214108991,-0.289333563191941,-0.619770954971493,22,"MYD88;HMGB1","shrunk_lfc",FALSE
"REACTOME_TRNA_MODIFICATION_IN_THE_NUCLEUS_AND_CYTOSOL",0.875,0.925051072522983,0.0529129848430583,-0.2850497815409,-0.637111572595986,44,"TRMT6;URM1;TP53RK;QTRT1;LCMT2;TPRKB;METTL1;THG1L;TRMT44;OSGEP;CDKAL1;TRMT61A;TRDMT1","shrunk_lfc",FALSE
"REACTOME_CLASS_I_MHC_MEDIATED_ANTIGEN_PROCESSING_PRESENTATION",0.87797619047619,0.927250364431487,0.070619624712259,0.266064652358017,0.846327418327015,333,"UBR1;RNF217;TLR6;ITGB5;UBE3A;SEC24D;UBE2Q2;NEDD4;RPS27A;SMURF2;FBXO21;FBXW11;UBA6;MEX3C;LMO7;UBE2L3;ANAPC1;SH3RF1;FBXO11;ITCH;SEC23A;UBE2H;SEC24B;TRIM36;LTN1;KLHL2;BTBD1;ANAPC4;UBE2D3;BECN1;FBXO41;PJA2;SPSB1;UBE2F;RNF6;ZNRF1;KLHL3;CUL2;RNF182;PSMD7;HERC3;UBE2W;FBXL20;KLHL21;SEC31A;PSMD14;HERC4;FBXO31;CUL5;ANAPC11;UBE4A;SEC24A;ATG7;CTSL;PIK3C3;SEC13;RLIM;CANX;FBXO7;LY96;FBXL16;RNF19B;CUL3;DCAF1;LNPEP;RCHY1;WWP1;NCF2;KBTBD7;SKP1;AREL1","shrunk_lfc",FALSE
"REACTOME_MISMATCH_REPAIR",0.88030888030888,0.928342614952442,0.0498907356726307,0.322635860313158,0.671272320525474,15,"RPA1;POLD3;MSH6;EXO1;MSH2;POLD4","shrunk_lfc",FALSE
"REACTOME_SELENOAMINO_ACID_METABOLISM",0.880994671403197,0.928342614952442,0.0460457683018055,-0.28196434412293,-0.69275423523726,112,"NNMT;RPL41;SEPHS2;CBS;RPL22L1","shrunk_lfc",FALSE
"REACTOME_POLYMERASE_SWITCHING_ON_THE_C_STRAND_OF_THE_TELOMERE",0.882011605415861,0.928342614952442,0.0498907356726307,0.289464497143775,0.676015342104117,26,"RFC1;POLD3;POT1;CHTF8;ACD;POLA1;TINF2","shrunk_lfc",FALSE
"REACTOME_ACTIVATION_OF_NF_KAPPAB_IN_B_CELLS",0.882703777335984,0.928342614952442,0.0511147954416412,-0.295801776514902,-0.663396195624269,53,"PSMC3;PSMB4;PSMB7;PSMD8;PRKCB;PSMA5;NFKBIB;PSMB3;PSMA6;UBB;PSMD6;PSMA2;PSMD13;NFKBIE;PSMB1;PSMA7;PSMA3;PSMD1;ADRM1;PSMA1;UBA52;PSMC5","shrunk_lfc",FALSE
"REACTOME_DOWNSTREAM_SIGNALING_EVENTS_OF_B_CELL_RECEPTOR_BCR",0.883495145631068,0.928342614952442,0.0499913914024592,-0.281496686832733,-0.6428356263967,66,"PPIA;PSMC3;FKBP1A;PSMB4;PSMB7;PSMD8;PRKCB;PSMA5;NFKBIB;PSMB3;PSMA6;UBB;PSMD6;PSMA2;PSMD13;NFKBIE;PPP3CB;RASGRP3;PSMB1;PSMA7;NFATC3;PSMA3;PSMD1;ADRM1;PSMA1;UBA52;PSMC5","shrunk_lfc",FALSE
"REACTOME_SWITCHING_OF_ORIGINS_TO_A_POST_REPLICATIVE_STATE",0.885057471264368,0.929041057564524,0.0492917662312669,-0.291089412197387,-0.673693169846385,79,"UBE2C;CDC27;PSMC3;PSMB4;FZR1;PSMB7;PSMD8;PSMA5;PSMB3;CDC23;PSMA6;UBB;ORC6;ANAPC7;PSMD6;PSMA2;PSMD13;RBX1;PSMB1;ANAPC15;PSMA7;PSMA3;PSMD1;ADRM1;PSMA1;UBA52;UBE2S;PSMC5;CDC26;PSMB2;ANAPC16;CCNA2;PSMC1;ORC5;ANAPC2","shrunk_lfc",FALSE
"REACTOME_RNA_POLYMERASE_III_TRANSCRIPTION_INITIATION_FROM_TYPE_1_PROMOTER",0.888421052631579,0.930934095746901,0.053457214108991,-0.293590932661419,-0.62223707966381,28,"POLR2L;POLR2F;GTF3C6;CRCP;POLR2H;POLR3C;POLR2K;POLR1D;POLR3GL;GTF3C2;TBP","shrunk_lfc",FALSE
"REACTOME_APC_CDC20_MEDIATED_DEGRADATION_OF_NEK2A",0.888659793814433,0.930934095746901,0.0524827622635459,-0.290318103617897,-0.624184285151316,26,"UBE2C;CDC27;CDC23;UBB;ANAPC7;BUB3;ANAPC15;UBA52;UBE2S;CDC26;ANAPC16;ANAPC2;NEK2","shrunk_lfc",FALSE
"REACTOME_INTERLEUKIN_10_SIGNALING",0.88996138996139,0.931208997188379,0.0493910105981501,0.291125838520407,0.671762602756013,25,"IL1R1;CSF1;CXCL8;JAK1;IL10RB","shrunk_lfc",FALSE
"REACTOME_INTERLEUKIN_RECEPTOR_SHC_SIGNALING",0.890721649484536,0.931208997188379,0.0523759084097997,-0.301697679525072,-0.625043967165622,16,"SHC1;PIK3R2","shrunk_lfc",FALSE
"REACTOME_P53_DEPENDENT_G1_DNA_DAMAGE_RESPONSE",0.892,0.931604439959637,0.0509082865515105,-0.294619429986475,-0.657773573799691,52,"TP53;MDM2;PSMC3;PSMB4;CHEK2;PSMB7;PSMD8;PSMA5;PSMB3;PSMA6;UBB;PSMD6;PSMA2;PSMD13;PSMB1;PSMA7;PSMA3;PSMD1;ADRM1;PSMA1;UBA52;PSMC5;PSMB2;CDKN1A;CCNA2;PSMC1","shrunk_lfc",FALSE
"REACTOME_METABOLISM_OF_STEROID_HORMONES",0.895615866388309,0.934437925112802,0.0526973085708419,-0.294697975498846,-0.612499444507921,18,"AKR1B1;SRD5A1","shrunk_lfc",FALSE
"REACTOME_ENERGY_DEPENDENT_REGULATION_OF_MTOR_BY_LKB1_AMPK",0.89753320683112,0.935288836738632,0.0482149710025564,0.28306246877557,0.669644802455577,28,"PRKAG2;CAB39L;RRAGD;PRKAB1;PPM1A;CAB39;PRKAB2;PRKAA1;TSC1","shrunk_lfc",FALSE
"REACTOME_FCERI_MEDIATED_NF_KB_ACTIVATION",0.898238747553816,0.935288836738632,0.0495901956956338,-0.288827551492892,-0.652160813018672,62,"TAB1;UBE2V1;PSMC3;PSMB4;PSMB7;UBE2N;PSMD8;PSMA5;PSMB3;PSMA6;UBB;PSMD6;PSMA2;PSMD13;PSMB1;PSMA7;PSMA3;PSMD1;ADRM1;PSMA1;UBA52;PSMC5","shrunk_lfc",FALSE
"REACTOME_ORGANELLE_BIOGENESIS_AND_MAINTENANCE",0.900306748466258,0.936499984585504,0.0383205781976994,-0.281320918466941,-0.763230126616592,279,"TUBB4A;HELZ2;TFAM;CEP192;TUBB3;PPARGC1B;TUBA1C;PLK1;CHD9;TUBA1B;ATP5MF;CYCS;TUBB;DYNC2I1;CLASP1;RAB8A;DYNLT2B;ATP5MC1;MAPK12;TUBA1A;ATP5MK;ATP5PB;DYNLL1;B9D1;ATP5F1D;TTC8;TRIP11;ATP5MC3;IFT122;TUBB4B;ATP5F1A;CRTC1;SEPTIN2;BBS2;ATP5F1E;ATP5PD;GBF1;PPP2R1A;PKD2;SAMM50;TWNK;CEP70;NPHP4;ALMS1;CSNK1D;HAUS5;TUBB2A;CEP43;TRAF3IP1;AHI1;MAPK11;PRKACA","shrunk_lfc",FALSE
"REACTOME_PEROXISOMAL_LIPID_METABOLISM",0.902892561983471,0.937326542735001,0.0518457624865066,-0.278762479226001,-0.606276497941595,25,"CRAT;SLC25A17;ACOT8;NUDT19;ACAA1;ACBD4;CROT","shrunk_lfc",FALSE
"REACTOME_PROTEIN_HYDROXYLATION",0.902912621359223,0.937326542735001,0.0489954089862481,0.285023946948951,0.622643084774204,19,"ETF1;RPS23;JMJD7;RPL27A;DRG1;RCCD1;RPS6","shrunk_lfc",FALSE
"REACTOME_SIGNALING_BY_FGFR2_IN_DISEASE",0.905263157894737,0.938032627221816,0.0525898950623616,-0.285716574761983,-0.614077035121106,31,"POLR2I;POLR2L;POLR2F;FRS2;GTF2F1","shrunk_lfc",FALSE
"REACTOME_MRNA_DECAY_BY_5_TO_3_EXORIBONUCLEASE",0.905405405405405,0.938032627221816,0.0486034247259069,0.311365653049631,0.647823661795326,15,"XRN1;DCP2","shrunk_lfc",FALSE
"REACTOME_SYNTHESIS_OF_DNA",0.909090909090909,0.940909090909091,0.044774889329693,-0.272330079785444,-0.663041083286192,108,"UBE2C;POLD1;CDC27;PSMC3;PSMB4;FZR1;DNA2;PSMB7;GINS1;PSMD8;RPA3;PRIM1;PSMA5;PSMB3;CDC23;PSMA6;GINS2;UBB;ORC6;ANAPC7;PSMD6;PSMA2;PSMD13;RBX1;RFC5;POLA2;PSMB1;ANAPC15;PSMA7;PSMA3;PSMD1;ADRM1;RFC4;PSMA1;UBA52;UBE2S;PSMC5;CDC26;PSMB2;LIG1;ANAPC16;CCNA2;PSMC1;ORC5;ANAPC2","shrunk_lfc",FALSE
"REACTOME_DEGRADATION_OF_CRY_AND_PER_PROTEINS",0.913757700205339,0.944794425287238,0.051011413203915,-0.267795401754449,-0.598903215362453,48,"PSMC3;PSMB4;PSMB7;PSMD8;PSMA5;PSMB3;PSMA6;UBB;PSMD6;PSMA2;PSMD13;RBX1;PSMB1;PSMA7;PSMA3;PSMD1;ADRM1;PSMA1;UBA52;PSMC5;PSMB2;FBXL3;PSMC1","shrunk_lfc",FALSE
"REACTOME_PROCESSING_OF_SMDT1",0.915463917525773,0.945613926785604,0.0511147954416412,-0.288457351728836,-0.597613239075965,16,"PMPCA;PARL","shrunk_lfc",FALSE
"REACTOME_HIV_INFECTION",0.91747572815534,0.946747137229089,0.0399218624292714,-0.269142329200306,-0.711060184067577,208,"NUP210;AP1S3;POLR2I;HLA-A;POLR2L;AP2S1;AP2M1;POLR2F;PPIA;TPR;RCC1;KPNB1;PSMC3;CHMP3;PSMB4;SLC25A5;TAF9;SLC25A6;VPS37B;TAF11;AAAS;PSMB7;TSG101;PSMD8;CTDP1;BANF1;PSMA5;GTF2A2;GTF2H4;ATP6V1H;NUP93;UBAP1;PSMB3;ELOC;PSMA6;GTF2F1;CHMP4A;GTF2H3;UBB;AP1B1;SUPT5H;NUP85;PSMD6;PSMA2;RAE1;B2M;PSMD13;GTF2H5;CHMP5;RBX1;AP2A2;ELOB;POM121;VPS37C;VPS28;RANBP2;PSMB1;POLR2H;PSMA7;PSMA3;PSMD1;ADRM1;CHMP2B;APOBEC3G;TAF7;TAF2;PSMA1;POLR2K;RAN;UBA52","shrunk_lfc",FALSE
"REACTOME_INTERLEUKIN_1_SIGNALING",0.919561243144424,0.947208191352926,0.0454059226590179,-0.272287756606656,-0.650569778537487,96,"TAB1;TP53;MYD88;S100B;HMGB1;UBE2V1;PSMC3;PSMB4;PSMB7;UBE2N;PSMD8;PSMA5;NFKBIB;PSMB3;TOLLIP;PSMA6;UBB;PSMD6;PSMA2;TRAF2;PSMD13;NKIRAS2;RBX1;IKBIP;AGER;CASP8;PSMB1;PSMA7;PSMA3;PSMD1;ADRM1;PSMA1;UBA52;USP14;PSMC5;NOD2","shrunk_lfc",FALSE
"REACTOME_DEGRADATION_OF_BETA_CATENIN_BY_THE_DESTRUCTION_COMPLEX",0.920668058455115,0.947208191352926,0.0514264916187015,0.261224295934158,0.713979510305341,72,"GSK3B;RPS27A;CTBP2;APC;PPP2R5D;PPP2CA;PSMD7;MYC;PSMD14;TCF7;PPP2R5B;PPP2R5E;SKP1","shrunk_lfc",FALSE
"REACTOME_OTHER_INTERLEUKIN_SIGNALING",0.920668058455115,0.947208191352926,0.0514264916187015,-0.287034289295482,-0.596571260629163,18,"VAMP2;STX3;TYK2;PTPRZ1","shrunk_lfc",FALSE
"REACTOME_REGULATION_OF_RAS_BY_GAPS",0.922465208747515,0.948114688236026,0.0490939668192139,-0.276522868798842,-0.62015928817459,53,"PSMC3;PSMB4;SPRED3;PSMB7;PSMD8;PSMA5;PSMB3;PSMA6;UBB;PSMD6;PSMA2;PSMD13;RBX1;PSMB1;PSMA7;PSMA3;PSMD1;ADRM1;PSMA1;UBA52;PSMC5","shrunk_lfc",FALSE
"REACTOME_MITOCHONDRIAL_CALCIUM_ION_TRANSPORT",0.923395445134576,0.94812925170068,0.0509082865515105,-0.270400835946281,-0.579215845098279,22,"PMPCA;PARL;VDAC3","shrunk_lfc",FALSE
"REACTOME_DNA_REPAIR",0.925373134328358,0.94872245289045,0.0681513438679483,0.260549054302516,0.812508260136885,302,"CUL4A;GEN1;FANCM;RAD51B;USP7;POLK;RPS27A;FANCI;NSD2;COPS4;UFD1;POLR2A;SMUG1;RNF168;RPA1;RFC1;UIMC1;NBN;POLD3;H2BC21;RNF8;TCEA1;H2BC5;ASCC2;SMARCA5;ERCC8;EYA3;POLI;PARP2;RAD51AP1;RAD17;APBB1;POT1;RAD18;BARD1;H2AC19;MSH6;FAAP24;XRCC3;COPS2;XRCC5;MAPK8;NHEJ1;ACD;CCNA1;EXO1;CUL4B;TRIM25;ERCC4;RAD52;LIG4;ERCC6;TINF2;CDK7;RMI1;ERCC5;HUS1;RCHY1;RAD9A;ERCC3;H2BC4;SIRT6;BRIP1;MRE11;PPP4R2;GTF2H2;POLR2D;MSH2;RIF1;PAXIP1;NEIL2;POLQ;TDP1;BAZ1B;AQR;UBE2V2;POLD4;NFRKB;ACTR8;ALKBH2;RAD23B;RAD50;RAD51;FIRRM;SUMO1;POLB;POLL;POLR2E","shrunk_lfc",FALSE
"REACTOME_CILIUM_ASSEMBLY",0.925806451612903,0.94872245289045,0.0393561959521291,-0.262282809267729,-0.690349569601807,187,"TUBB4A;CEP192;TUBB3;TUBA1C;PLK1;TUBA1B;TUBB;DYNC2I1;CLASP1;RAB8A;DYNLT2B;TUBA1A;DYNLL1;B9D1;TTC8;TRIP11;IFT122;TUBB4B;SEPTIN2;BBS2;GBF1;PPP2R1A;PKD2;CEP70;NPHP4;ALMS1;CSNK1D;HAUS5;TUBB2A;CEP43;TRAF3IP1;AHI1;PRKACA","shrunk_lfc",FALSE
"REACTOME_RRNA_PROCESSING",0.927083333333333,0.949091246290801,0.0614364107201271,0.257313205192794,0.778235332276694,208,"RPS27A;DIS3;RPS3A;WDR36;RPL9;RPL7;RPLP0;RPS15A;PDCD11;RPL23;RPS7;TEX10;UTP15;RPS13;RPS17;UTP20;WDR43;RPL39;RPS23;RPLP2;RPS11;RPL5;RPL22;RPL17;EBNA1BP2;RPS10;RPL27A;RPS21;RPS25;RPS29;CSNK1E;RPP38;RPL11;NOP14;HEATR1;UTP18;DCAF13;IMP4;RPL34;GNL3;RPS18;RPS27L;RPL27;FBL;RPS3;RPL26;THUMPD1;RPS20;WDR46;RPS12;RPL30;NSUN4;FTSJ3;DIMT1;RPS27;RPL18A;NGRN;FCF1;RPS19;RPS6;RPS2;RPL4;RPS14;FASTKD2;RPL39L;RPL13;TSR1;TSR3;RPP21;SNU13;DDX52;UTP25;RPL21;EXOSC5;RPS4X;EXOSC3;RPL31;RPS8;RPS16;PRORP;C1D","shrunk_lfc",FALSE
"REACTOME_RNA_POLYMERASE_I_TRANSCRIPTION_TERMINATION",0.934736842105263,0.955125270919389,0.0511147954416412,-0.268501325511877,-0.577077119287792,31,"POLR2L;POLR2F;GTF2H4;TAF1C;GTF2H3;GTF2H5;POLR2H;POLR2K;TAF1B;ERCC2;POLR1D","shrunk_lfc",FALSE
"REACTOME_METABOLISM_OF_NUCLEOTIDES",0.934823091247672,0.955125270919389,0.0454967810085007,-0.268059154049234,-0.631400390218134,87,"ENTPD2;DTYMK;APRT;NUDT16;ADA;GMPR;ADSL;NME1;DCTPP1;GMPR2;SAMHD1;AK5;UMPS;NUDT9;UCKL1;NT5E;DNPH1;UCK1;NT5C;AMPD3;ENTPD6;RRM1;AK4;ATIC;GUK1;ENTPD4;TK2","shrunk_lfc",FALSE
"REACTOME_VITAMIN_B5_PANTOTHENATE_METABOLISM",0.936416184971098,0.955809419571091,0.0469758727821845,0.276585259266292,0.596781112161738,17,"ENPP1;PANK3","shrunk_lfc",FALSE
"REACTOME_CYTOSOLIC_TRNA_AMINOACYLATION",0.944444444444444,0.962881566174091,0.0463227785794633,0.265540214107276,0.610459367202979,24,"GARS1;AARS1;FARSB;DARS1;CARS1;LARS1;EPRS1","shrunk_lfc",FALSE
"REACTOME_RRNA_MODIFICATION_IN_THE_NUCLEUS_AND_CYTOSOL",0.945205479452055,0.962881566174091,0.0472587336673259,-0.264495636133707,-0.598584487724619,60,"KRR1;DDX49;NOP2;RRP36;RRP7A;NAT10;NOP58;RPS9;DHX37;NOC4L;NOL11;UTP14A;UTP3;NHP2;TBL3;DDX47","shrunk_lfc",FALSE
"REACTOME_RNA_POLYMERASE_I_TRANSCRIPTION_INITIATION",0.94704684317719,0.963808734206874,0.0489954089862481,-0.251302170209524,-0.565935982321512,47,"MBD3;POLR2L;POLR2F;MTA3;GTF2H4;TAF1C;GTF2H3;GTF2H5;HDAC1;POLR2H;POLR2K;MTA2;TAF1B;MTA1;GATAD2B;ERCC2;POLR1D","shrunk_lfc",FALSE
"REACTOME_FATTY_ACID_METABOLISM",0.948453608247423,0.964292224495169,0.0411544018789903,-0.258153256317809,-0.650666753424189,138,"PPT2;DBI;SCD5;SLC27A3;CRAT;ELOVL6;ACADVL;ECI1;PON2;SLC22A5;CBR4;CPT1B;HADHB;SLC25A17;ACOT8;MCAT;PPARD;NUDT19;ACAA1;GPX4;ACBD4;TECR;MAPKAPK2;CROT;ACOT7;CPT2;AKR1C3;FADS2;FASN;ACSF3;ACOX3;PCCA;ACAA2;CYP2C19;ECHS1;MMAA","shrunk_lfc",FALSE
"REACTOME_UCH_PROTEINASES",0.959302325581395,0.974364972499258,0.0461379160269737,-0.258834860071418,-0.595983810875782,78,"PSMC3;PSMB4;INO80B;ACTB;PSMB7;PSMD8;PSMA5;PSMB3;PSMA6;UBB;PSMD6;BAP1;RUVBL1;PSMA2;PSMD13;MBD6;INO80C;INO80E;PSMB1;PSMA7;PSMA3;PSMD1;ADRM1;YY1;PSMA1;UBA52;PSMC5;HCFC1;PSMB2;MCRS1","shrunk_lfc",FALSE
"REACTOME_ARACHIDONATE_METABOLISM",0.961977186311787,0.976123909639902,0.0451344222209097,0.250069360466385,0.620764077223592,38,"CBR1;PTGES3;LTA4H;PTGES;CYP4F11;PLA2G4A;PTGS2;GPX1;CYP2U1;PTGR1","shrunk_lfc",FALSE
"REACTOME_ORC1_REMOVAL_FROM_CHROMATIN",0.964497041420118,0.976909813023013,0.0466948041282054,-0.25184376801064,-0.567422177636875,58,"PSMC3;PSMB4;PSMB7;PSMD8;PSMA5;PSMB3;PSMA6;UBB;ORC6;PSMD6;PSMA2;PSMD13;RBX1;PSMB1;PSMA7;PSMA3;PSMD1;ADRM1;PSMA1;UBA52;PSMC5;PSMB2;CCNA2;PSMC1;ORC5","shrunk_lfc",FALSE
"REACTOME_TRNA_AMINOACYLATION",0.965092402464066,0.976909813023013,0.048505983646947,-0.238488275116406,-0.530369583915162,42,"AARS2;LARS2;FARSA;AIMP2;MARS2;YARS1;TARS1;PARS2;IARS1;EARS2;RARS1;SARS1;HARS1;QARS1","shrunk_lfc",FALSE
"REACTOME_MTOR_SIGNALLING",0.96584440227704,0.976909813023013,0.0448645113168564,0.247415254495482,0.620372611550218,40,"PRKAG2;RPS6KB1;CAB39L;RRAGD;EIF4B;EIF4E;PRKAB1;PPM1A;CAB39;PRKAB2;PRKAA1;TSC1;EIF4EBP1;RPS6;RRAGC","shrunk_lfc",FALSE
"REACTOME_RNA_POLYMERASE_III_TRANSCRIPTION",0.96652719665272,0.976909813023013,0.0492917662312669,-0.24386198332257,-0.536719352799063,41,"POLR2L;POLR2F;NFIB;GTF3C6;POU2F1;CRCP;POLR2H;BRF2;POLR3C;POLR2K;SNAPC3;SNAPC4;POLR1D;POLR3GL;GTF3C2","shrunk_lfc",FALSE
"REACTOME_TELOMERE_EXTENSION_BY_TELOMERASE",0.967495219885277,0.976934197640256,0.0451344222209097,0.248642307997929,0.563019555432513,23,"POT1;ACD;CCNA1;TINF2","shrunk_lfc",FALSE
"REACTOME_TRANSCRIPTION_OF_THE_HIV_GENOME",0.969072164948454,0.977572797974317,0.048505983646947,0.241185330919744,0.652549151453005,68,"TAF5;POLR2A;TAF10;CCNK;RNMT;TCEA1;CCNT2;SSRP1;NELFB;CDK7;ERCC3;GTF2H2;POLR2D;NELFA;TAF15;POLR2E;TAF9B;CCNT1;GTF2H1;TAF3","shrunk_lfc",FALSE
"REACTOME_MITOCHONDRIAL_TRNA_AMINOACYLATION",0.971209213051823,0.97877462074843,0.0451344222209097,0.248706793597515,0.554670390263842,21,"RARS2;GARS1;DARS2;PPA2","shrunk_lfc",FALSE
"REACTOME_PROCESSING_OF_INTRONLESS_PRE_MRNAS",0.974757281553398,0.981394733859695,0.0454967810085007,0.232597457723788,0.511682975077068,20,"NUDT21;WDR33;PAPOLA;CPSF4","shrunk_lfc",FALSE
"REACTOME_E2F_MEDIATED_REGULATION_OF_DNA_REPLICATION",0.976878612716763,0.982574697922108,0.0450442767152794,0.248614835390542,0.557637282819592,22,"E2F1;PPP2CA;TFDP1;POLA1","shrunk_lfc",FALSE
"REACTOME_TRNA_PROCESSING",0.982022471910112,0.986789571288317,0.0518457624865066,0.22758657058755,0.651895950667997,114,"NUP58;XPOT;NUP133;PUS7;NUP50;FTSJ1;POM121C;TSEN54;DDX1;TRMT11;NDC1;SEC13;NSUN6;NUP160;RPP38;NUP188;ZBTB8OS;NUP43;TYW5;CPSF4;WDR4;NUP155;NUP153","shrunk_lfc",FALSE
"REACTOME_RIBOSOME_QUALITY_CONTROL_RQC_COMPLEX_EXTRACTS_AND_DEGRADES_NASCENT_PEPTIDE",0.988636363636364,0.992472004232431,0.0520570030732099,0.228130520384263,0.635841965404396,101,"RPS27A;UFD1;RPL9;KLHDC10;LTN1;RPL7;RPLP0;RPL23;CUL2;PSMD7;PSMD14;RPL39;RPLP2;RPL5;RPL22;RPL17;RPL27A;RCHY1;RPL11;RPL34;RPL27;RPL26;PSMC4;RPL30;RPL18A;PSMB5;UBE2D1;RPL4;RPL39L;RPL13;RPL21;RPL31;NEMF","shrunk_lfc",FALSE
"REACTOME_RHO_GTPASES_ACTIVATE_CIT",0.995824634655532,0.997944331097681,0.0478299633114229,-0.211754978377164,-0.440110952266476,18,"PPP1CB;MYL6;RHOC;MYH14;RHOA;PRC1;MYL12B;DLG4;KIF14","shrunk_lfc",FALSE
"REACTOME_DRUG_ADME",0.99601593625498,0.997944331097681,0.0456790414930062,0.206246645481224,0.537097457014744,52,"SLCO1B3;IMPDH1;GMPS;SLC16A1","shrunk_lfc",FALSE
"REACTOME_PHASE_I_FUNCTIONALIZATION_OF_COMPOUNDS",1,1,0.0448645113168564,-0.201823346156036,-0.45585310090676,59,"CYB5B;CES2;HSP90AB1;EPHX1;MTARC2;BPHL;CBR3;POR;ALDH1B1;CYP3A5;SMOX","shrunk_lfc",FALSE
"REACTOME_TRANSLATION",1,1,0.030918431706181,-0.229033865312094,-0.637908176307069,367,"TCF25;MRPL16;MRPL20;MRPS2;PELO;SRP19;MRPL11;MRPL51;HEMK2;AARS2;MRPS21;RPL41;MRPS18A;APEH;SSR4;MRPL35;OXA1L;PSMC3;EIF4A1;PSMB4;MRPL43;RPL22L1;LARS2;SSR2;EIF3C;MRPL23;EIF5;FARSA;MRPL32;MT-RNR1;MRPL30;PSMB7;MRPS22;MRPL44;PSMD8;RPL29;MRPS9;MTRFR;MALSU1;SEC61A1;PSMA5;AIMP2;MRPL55;MARS2;MRPS18C;MT-ND6;MRPS11;PSMB3;RPS9;VCP;ELOC;PSMA6;MRPL3;MRPL34;UBB;ANKZF1;MRPL27;PSMD6;PSMA2;MRPL15;SRP14;EIF4G1;MRPL47;GFM1;RPL35;PSMD13;RPL32;MRPS12;MRPL9;YARS1;RPN2;RPL12;DDOST;EEF1D;TSFM;RBX1;MT-CO2;ELOB;TARS1;MRPL41;MRPL22;EIF2B4;PSMB1;GFM2;PARS2;MRPL1;MRPL53;RPL35A;PSMA7;PSMA3;PSMD1;ADRM1;MT-CO1;PSMA1;MRPL37;UBA52;MRPL45;MRPL38;MT-CO3;MTFMT;PSMC5;IARS1;EIF2S2;MT-ATP6;KGD4;RPL8;MRRF;EARS2;PSMB2;MRPS33;RARS1;MRPL4;SARS1;RPL28;EIF2B2;NPLOC4;AURKAIP1;HARS1;EIF1AX","shrunk_lfc",FALSE
